PARCEL_APN,TAXAPN,SITE_ADDR,SITE_CITY,SITE_STATE,SITE_ZIP,LATITUDE,LONGITUDE,ASSESSEE_OWNER_NAME_1,ASSESSEE_OWNER_NAME_2,ASSESSEE_MAIL_CITY,ASSESSEE_MAIL_STATE,ASSESSEE_MAIL_ZIP,VAL_ASSD_LAND,VAL_ASSD_IMPRV,VAL_ASSD,ASMT_YEAR,ASMT_RCDRS_DATE_TRANSFER,ASMT_VAL_TRANSFER,USE_CODE_MUNI_DESC,USE_CODE_MUNI,USE_CODE_STD_LPS,USE_CODE_STD_DESC_LPS,ZONING,LOT_SIZE_AREA,LOT_SIZE_AREA_UNIT,LIVING_SQFT,YR_BLT,BUILDING_SQFT,STORIES_NUMBER,UNITS_NUMBER,BEDROOMS,TOTAL_BATHS_CALCULATED,VAL_MRKT_LAND,VAL_MRKT_IMPRV,VAL_MARKET,LAST_SALE_DATE_TRANSFER,VAL_TRANSFER,JURISDICTION,H3_INT_9,vacancy_tier,exclusion_reason
24300100270000,243-0010-027-0000,6360 FOUNTAIN SQUARE DR,CITRUS HEIGHTS,CA,95621.0,38.682766,-121.296453,CITY OF CITRUS HEIGHTS,,CITRUS HEIGHTS,CA,95621.0,,,,2024.0,,0.0,OFFICE - SINGLE TENANT,CBA0GA,3003.0,OFFICE BLDG (GENERAL),SPA,11.08,AC,39020.0,2016.0,39020.0,1.0,,,,,,,20170117.0,6403500.0,UNINCORPORATED COUNTY,617700322274705407,Tier 2: Zero Improvement,occupied_structure_missing_improvement_data
24300200670000,243-0020-067-0000,7115 GREENBACK LN,CITRUS HEIGHTS,CA,95621.0,38.679187,-121.298881,CITY OF CITRUS HEIGHTS NRES,,RANCHO CORDOVA,CA,95670.0,,,,2024.0,,0.0,MEDICAL/DENTAL OFFICES,CGC00A,3006.0,MEDICAL BLDG/CLINIC,SC,3.99,AC,67470.0,2019.0,67470.0,3.0,,,,,,,20060123.0,5250000.0,UNINCORPORATED COUNTY,617700322049261567,Tier 2: Zero Improvement,occupied_structure_missing_improvement_data
24301800040000,243-0180-004-0000,7515 GREENBACK LN,CITRUS HEIGHTS,CA,95610.0,38.678506,-121.28935,CITRUS HEIGHTS WATER DISTRICT,,CITRUS HEIGHTS,CA,95610.0,,,,2024.0,,0.0,SMALL RETAIL-ONE TENANT,BAA00A,2001.0,"RETAIL STORES ( PERSONAL SERVICES, PHOTOGRAPHY, TRAVEL)",BP,5017.0,SF,900.0,1953.0,900.0,1.0,,,0.0,,,,20220519.0,,UNINCORPORATED COUNTY,617700322088058879,Tier 2: Zero Improvement,occupied_structure_missing_improvement_data
24303110230000,243-0311-023-0000,6054 SHUPE DR,CITRUS HEIGHTS,CA,95621.0,38.676156,-121.295365,HOUSING AUTHORITY OF THE COUNTY OF SACRAMENTO,,SACRAMENTO,CA,95814.0,,,,2024.0,19830520.0,0.0,MULTI/LOW RISE APARTMENT/1-3 STY,AE020E,1104.0,APARTMENT HOUSE (5+ UNITS),RD20,42096.0,SF,15954.0,1982.0,15954.0,2,20.0,,,,,,,,UNINCORPORATED COUNTY,617700322050834431,Tier 2: Zero Improvement,occupied_structure_missing_improvement_data
23603600140000,236-0360-014-0000,6025 RUTLAND DR,CARMICHAEL,CA,95608.0,38.663289,-121.323577,NEIL J & DIANA H TOWNLEY REVOCABLE LIVING TRUST,,SACRAMENTO,CA,95864.0,201.0,,201.0,2024.0,,0.0,RES/TWO FAMILY/DUPLEX,A2B00A,1101.0,"DUPLEX (2 UNITS, ANY COMBINATION)",RD-10,514.0,SF,2119.0,1974.0,2119.0,1,,4.0,,,,,,,UNINCORPORATED COUNTY,617700321798651903,Tier 2: Zero Improvement,occupied_structure_missing_improvement_data
23603600180000,236-0360-018-0000,6107 TEMPLETON DR,CARMICHAEL,CA,95608.0,38.663145,-121.323591,PEDRO & HILDA E RIVERA 2015 REV LIVING TRUST,,FAIR OAKS,CA,95628.0,1113.0,,1113.0,2024.0,,0.0,RES/TWO FAMILY/DUPLEX,A2B00B,1101.0,"DUPLEX (2 UNITS, ANY COMBINATION)",RD-10,436.0,SF,2119.0,1974.0,2119.0,1,,4.0,,,,,20180131.0,397000.0,UNINCORPORATED COUNTY,617700321798651903,Tier 2: Zero Improvement,occupied_structure_missing_improvement_data
25001500670000,250-0150-067-0000,716 SOUTH AVE,SACRAMENTO,CA,95838.0,38.632253,-121.449401,KAMATH SATISH & SREEDEVI & RAMJI MANI & MEERA RAMAIYER,,FREMONT,CA,94536.0,208080.0,,208080.0,2024.0,,0.0,RES/SINGLE FAMILY/SUBDIVISION,A1A00A,1001.0,SINGLE FAMILY RESIDENTIAL,R-1-SPD,20427.0,SF,1896.0,2017.0,1896.0,2.0,,4.0,,,,,20220429.0,200000.0,CITY OF SACRAMENTO,617700322454536191,Tier 2: Zero Improvement,occupied_structure_missing_improvement_data
25101310110000,251-0131-011-0000,3601 RIO LINDA BLVD,SACRAMENTO,CA,95838.0,38.633291,-121.446417,HOUSING AUTHORITY OF CITY OF SACRAMENTO,,SACRAMENTO,CA,95814.0,,,,2024.0,,0.0,SMALL RETAIL-ONE TENANT,BAA00A,2001.0,"RETAIL STORES ( PERSONAL SERVICES, PHOTOGRAPHY, TRAVEL)",RMX,11998.0,SF,2100.0,1966.0,2100.0,1.0,,,,,,,,,CITY OF SACRAMENTO,617700322458468351,Tier 2: Zero Improvement,occupied_structure_missing_improvement_data
25004700030000,250-0470-003-0000,3380 TAYLOR ST,SACRAMENTO,CA,95838.0,38.628684,-121.452313,HOUSING AUTHORITY OF CITY OF SACRAMENTO,,SACRAMENTO,CA,95814.0,,,,2024.0,,0.0,RES/SINGLE FAMILY/SUBDIVISION,A1A00A,1001.0,SINGLE FAMILY RESIDENTIAL,R-1A-SPD,5198.0,SF,1752.0,2008.0,1752.0,2.0,,4.0,,,,,20090128.0,,CITY OF SACRAMENTO,617700322454011903,Tier 2: Zero Improvement,occupied_structure_missing_improvement_data
25004700010000,250-0470-001-0000,3368 TAYLOR ST,SACRAMENTO,CA,95838.0,38.628427,-121.452316,HOUSING AUTHORITY OF CITY OF SACRAMENTO,,SACRAMENTO,CA,95814.0,,,,2024.0,,0.0,RES/SINGLE FAMILY/SUBDIVISION,A1A00A,1001.0,SINGLE FAMILY RESIDENTIAL,R-1A-SPD,4221.0,SF,1897.0,2008.0,1897.0,2.0,,5.0,,,,,20090128.0,,CITY OF SACRAMENTO,617700322455584767,Tier 2: Zero Improvement,occupied_structure_missing_improvement_data
25004700020000,250-0470-002-0000,3374 TAYLOR ST,SACRAMENTO,CA,95838.0,38.628549,-121.452316,HOUSING AUTHORITY OF CITY OF SACRAMENTO,,SACRAMENTO,CA,95814.0,,,,2024.0,,0.0,RES/SINGLE FAMILY/SUBDIVISION,A1A00A,1001.0,SINGLE FAMILY RESIDENTIAL,R-1A-SPD,4676.0,SF,1455.0,2008.0,1455.0,2.0,,3.0,,,,,20090128.0,,CITY OF SACRAMENTO,617700322454011903,Tier 2: Zero Improvement,occupied_structure_missing_improvement_data
25004700040000,250-0470-004-0000,608 FORD RD,SACRAMENTO,CA,95838.0,38.62856,-121.45207,HOUSING AUTHORITY OF CITY OF SACRAMENTO,,SACRAMENTO,CA,95814.0,,,,2024.0,,0.0,RES/SINGLE FAMILY/SUBDIVISION,A1A00E,1001.0,SINGLE FAMILY RESIDENTIAL,R-1A-SPD,5639.0,SF,1407.0,2017.0,1407.0,2.0,,3.0,,,,,20090128.0,,CITY OF SACRAMENTO,617700322455584767,Tier 2: Zero Improvement,occupied_structure_missing_improvement_data
26301410250000,263-0141-025-0000,651 ELEANOR AVE,SACRAMENTO,CA,95815.0,38.616878,-121.451084,UNITED STATES SECRETARY VETERANS AFFAIRS,,CARROLLTON,TX,75007.0,,,,2024.0,,0.0,RES/SINGLE FAMILY/SUBDIVISION,A1A00A,1001.0,SINGLE FAMILY RESIDENTIAL,R-1,5663.0,SF,1206.0,1998.0,1206.0,1,,4.0,,,,,20230927.0,243500.0,CITY OF SACRAMENTO,617700322512994303,Tier 2: Zero Improvement,occupied_structure_missing_improvement_data
25101750100000,251-0175-010-0000,1332 NOGALES ST,SACRAMENTO,CA,95838.0,38.63129,-121.436035,DEL PASO UNION BAPTIST CHURCH,,SACRAMENTO,CA,95838.0,15640.0,,15640.0,2024.0,19971022.0,0.0,RES/SINGLE FAMILY/SUBDIVISION,A1A00A,1001.0,SINGLE FAMILY RESIDENTIAL,R-1,6970.0,SF,887.0,1945.0,887.0,1,,3.0,,,,,19971022.0,,CITY OF SACRAMENTO,617700322432253951,Tier 2: Zero Improvement,occupied_structure_missing_improvement_data
25103250090000,251-0325-009-0000,3217 MARYSVILLE BLVD,SACRAMENTO,CA,95815.0,38.626117,-121.433223,HERITAGE VILA LLC,,SAN JOSE,CA,95151.0,133692.0,,133692.0,2024.0,,0.0,SMALL RETAIL-MULTI TENANT,BAB00A,2001.0,"RETAIL STORES ( PERSONAL SERVICES, PHOTOGRAPHY, TRAVEL)",C-2,12684.0,SF,11600.0,1939.0,11600.0,1,,,0.0,,,,20170201.0,350000.0,CITY OF SACRAMENTO,617700322440904703,Tier 2: Zero Improvement,occupied_structure_missing_improvement_data
25103250060000,251-0325-006-0000,3201 MARYSVILLE BLVD,SACRAMENTO,CA,95815.0,38.62559,-121.433391,HERITAGE VILA LLC,,SAN JOSE,CA,95151.0,83628.0,3410.0,87038.0,2024.0,,0.0,ABANDONED SERVICE STN,BFK00B,2000.0,COMMERCIAL (GENERAL),C-2,7000.0,SF,720.0,1961.0,720.0,1,,,0.0,,,,20170201.0,350000.0,CITY OF SACRAMENTO,617700322440904703,Tier 3: Parking/Abandoned,occupied_structure_missing_improvement_data
25101820280000,251-0182-028-0000,3550 MARYSVILLE BLVD,SACRAMENTO,CA,95838.0,38.632425,-121.429782,CITY OF SACRAMENTO,,SACRAMENTO,CA,95814.0,,,,2024.0,19920131.0,0.0,OFFICE - SINGLE TENANT,CBA00A,3003.0,OFFICE BLDG (GENERAL),R-1,6098.0,SF,792.0,1982.0,792.0,1,,2.0,,,,,,,CITY OF SACRAMENTO,617700322432516095,Tier 2: Zero Improvement,occupied_structure_missing_improvement_data
25101820020000,251-0182-002-0000,3550 MARYSVILLE BLVD,SACRAMENTO,CA,95838.0,38.632596,-121.430183,CITY OF SACRAMENTO,,SACRAMENTO,CA,95814.0,,,,2024.0,19911223.0,0.0,OFFICE - SINGLE TENANT,CBA00A,3003.0,OFFICE BLDG (GENERAL),C-2,12500.0,SF,1040.0,1930.0,1040.0,1,,2.0,,,,,,,CITY OF SACRAMENTO,617700322432516095,Tier 2: Zero Improvement,occupied_structure_missing_improvement_data
25101820310000,251-0182-031-0000,3550 MARYSVILLE BLVD,SACRAMENTO,CA,95838.0,38.632383,-121.430136,CITY OF SACRAMENTO,,SACRAMENTO,CA,95814.0,,,,2024.0,19921209.0,0.0,OFFICE - SINGLE TENANT,CBA00A,3003.0,OFFICE BLDG (GENERAL),C-2,3920.0,SF,1132.0,1940.0,1132.0,1,,,,,,,,,CITY OF SACRAMENTO,617700322432516095,Tier 2: Zero Improvement,occupied_structure_missing_improvement_data
25101820230000,251-0182-023-0000,3550 MARYSVILLE BLVD,SACRAMENTO,CA,95838.0,38.631942,-121.429842,CITY OF SACRAMENTO,,SACRAMENTO,CA,95814.0,,,,2024.0,19920228.0,0.0,OFFICE - SINGLE TENANT,CBA00A,3003.0,OFFICE BLDG (GENERAL),R-1,10890.0,SF,927.0,1920.0,927.0,1,,,,,,,,,CITY OF SACRAMENTO,617700322432516095,Tier 2: Zero Improvement,occupied_structure_missing_improvement_data
25101820250000,251-0182-025-0000,3550 MARYSVILLE BLVD,SACRAMENTO,CA,95838.0,38.632212,-121.429804,CITY OF SACRAMENTO,,SACRAMENTO,CA,95814.0,,,,2024.0,19920110.0,0.0,OFFICE - SINGLE TENANT,CBA00A,3003.0,OFFICE BLDG (GENERAL),R-1,13939.0,SF,1080.0,1985.0,1080.0,1,,,,,,,,,CITY OF SACRAMENTO,617700322432516095,Tier 2: Zero Improvement,occupied_structure_missing_improvement_data
25101820100000,251-0182-010-0000,3550 MARYSVILLE BLVD,SACRAMENTO,CA,95838.0,38.631681,-121.42966,CITY OF SACRAMENTO,,SACRAMENTO,CA,95814.0,,,,2024.0,19920720.0,0.0,OFFICE - SINGLE TENANT,CBA0CA,3003.0,OFFICE BLDG (GENERAL),R-1,23958.0,SF,810.0,1930.0,810.0,1,,,,,,,,,CITY OF SACRAMENTO,617700322432516095,Tier 2: Zero Improvement,occupied_structure_missing_improvement_data
21503400620000,215-0340-062-0000,4519 FORCUM AVE,MCCLELLAN,CA,95652.0,38.649704,-121.406686,COUNTY OF SACRAMENTO,,SACRAMENTO,CA,95814.0,,,,2024.0,,0.0,DISTRIBUTUION & WAREHOUSES,GCKA0A,6002.0,DISTRIBUTION WAREHOUSE (REGIONAL),SPA,9.6400003,AC,4400.0,1965.0,4400.0,1,,,,,,,,,UNINCORPORATED COUNTY,617700322465021951,Tier 2: Zero Improvement,occupied_structure_missing_improvement_data
21503300500000,215-0330-050-0000,4234 54TH ST,MCCLELLAN,CA,95652.0,38.644481,-121.407669,UNITED STATES OF AMERICA (SACCOUNTY) (MBP) (DMEA),,MCCLELLAN,CA,95652.0,,,,2024.0,19650301.0,0.0,DISTRIBUTUION & WAREHOUSES,GCKA0A,6002.0,DISTRIBUTION WAREHOUSE (REGIONAL),SPA,3.52,AC,75000.0,1987.0,75000.0,,,,,,,,,,UNINCORPORATED COUNTY,617700322465546239,Tier 2: Zero Improvement,occupied_structure_missing_improvement_data
25200420060000,252-0042-006-0000,2416 NORTH AVE,SACRAMENTO,CA,95838.0,38.63928,-121.410504,PROPS RICK W,,ROCKLIN,CA,95765.0,26885.0,,26885.0,2024.0,19980724.0,0.0,RES/SINGLE FAMILY/SUBDIVISION,A1A00A,1001.0,SINGLE FAMILY RESIDENTIAL,C-2-SPD,9583.0,SF,957.0,1946.0,957.0,1,,3.0,,,,,,,CITY OF SACRAMENTO,617700322472886271,Tier 2: Zero Improvement,occupied_structure_missing_improvement_data
25200420150000,252-0042-015-0000,2441 HARRIS AVE,SACRAMENTO,CA,95838.0,38.638603,-121.409767,YAROSHCHUK TIMOFEY,,ANTELOPE,CA,95843.0,50236.0,,50236.0,2024.0,20100701.0,0.0,PARKING LOT,BFH0MA,2036.0,PARKING LOT,C-2-SPD,20473.0,SF,600.0,1944.0,600.0,,,,0.0,,,,20241105.0,40000.0,CITY OF SACRAMENTO,617700322472886271,Tier 2: Zero Improvement,occupied_structure_missing_improvement_data
24005400470000,240-0540-047-0000,4190 ROSEVILLE RD,NORTH HIGHLANDS,CA,95660.0,38.64116,-121.401427,LEW J & CATHY L DEPRIEST TRUST,,SACRAMENTO,CA,95821.0,84618.0,,84618.0,2024.0,,0.0,AUTO REPAIR GARAGE,BFC00B,2024.0,"AUTO REPAIR (& RELATED), GARAGE",SPA,24810.0,SF,2430.0,1974.0,2430.0,1,,,,,,,,,UNINCORPORATED COUNTY,617700322462400511,Tier 2: Zero Improvement,occupied_structure_missing_improvement_data
21503300020000,215-0330-002-0000,4144 DUDLEY BLVD,MCCLELLAN,CA,95652.0,38.646665,-121.397261,MP HOLDINGS LLC,,MCCLELLAN,CA,95652.0,9.0,,9.0,2024.0,,0.0,DISTRIBUTUION & WAREHOUSES,GCKA0A,6002.0,DISTRIBUTION WAREHOUSE (REGIONAL),SPA,3.6099999,AC,5333.0,1954.0,5333.0,,,,,,,,20201116.0,,UNINCORPORATED COUNTY,617700322469740543,Tier 2: Zero Improvement,occupied_structure_missing_improvement_data
24005401000000,240-0540-100-0000,3050 ORANGE GROVE AVE,NORTH HIGHLANDS,CA,95660.0,38.645075,-121.39269,SAN JUAN UNIFIED SCHOOL DISTRICT,,CARMICHAEL,CA,95609.0,,,,2024.0,20010830.0,0.0,WAREHOUSE,GCKCCA,5003.0,WAREHOUSE (INDUSTRIAL),SPA,3.5999999,AC,24600.0,1971.0,24600.0,,,,,,,,20010830.0,,UNINCORPORATED COUNTY,617700322466856959,Tier 2: Zero Improvement,occupied_structure_missing_improvement_data
25402800150000,254-0280-015-0000,3322 AUBURN BLVD,SACRAMENTO,CA,95821.0,38.634957,-121.386456,MAITA STEVE,,SACRAMENTO,CA,95821.0,830000.0,120000.0,950000.0,2024.0,20031210.0,0.0,PARKING LOT,BFH00A,2036.0,PARKING LOT,SPA,1.0599999,AC,3292.0,1960.0,3292.0,,,,,,,,20031210.0,850000.0,UNINCORPORATED COUNTY,617700321845051391,Tier 3: Parking/Abandoned,occupied_structure_missing_improvement_data
25402800160000,801-0010-023-0000,3330 AUBURN BLVD SPC 23,SACRAMENTO,CA,95821.0,38.635046,-121.385954,MACLAURIN KAREN ALINE & WEBB HENRIETTA,,SACRAMENTO,CA,95821.0,,,,2024.0,,0.0,MOBILE HOME/ON LEASED LAND/MH PARK,ATA00A,1006.0,MOBILE/MANUFACTURED HOME (REGARDLESS OF LAND OWNERSHIP),SPA,0.0,,380.0,1970.0,380.0,1.0,,1.0,,,,,,,UNINCORPORATED COUNTY,617700321845051391,Tier 2: Zero Improvement,occupied_structure_missing_improvement_data
25402800180000,801-0003-027-0000,3350 AUBURN BLVD SPC 25,SACRAMENTO,CA,95821.0,38.635419,-121.385,PATRICIA MAE DOCKINS GARY LEE DOCKINS,,SACRAMENTO,CA,95821.0,,,,2024.0,,0.0,MOBILE HOME/ON LEASED LAND/MH PARK,ATA00A,1006.0,MOBILE/MANUFACTURED HOME (REGARDLESS OF LAND OWNERSHIP),SPA,0.0,,480.0,1965.0,480.0,1.0,,2.0,,,,,,,UNINCORPORATED COUNTY,617700321845051391,Tier 2: Zero Improvement,occupied_structure_missing_improvement_data
25402800180000,801-0003-045-0000,3350 AUBURN BLVD SPC 43,SACRAMENTO,CA,95821.0,38.635419,-121.385,GREENWOOD BLAKE L & FERN S & KUNZ EMIL VICTOR,,SACRAMENTO,CA,95821.0,,,,2024.0,,0.0,MOBILE HOME/ON LEASED LAND/MH PARK,ATA00A,1006.0,MOBILE/MANUFACTURED HOME (REGARDLESS OF LAND OWNERSHIP),SPA,0.0,,380.0,1958.0,380.0,1.0,,1.0,,,,,,,UNINCORPORATED COUNTY,617700321845051391,Tier 2: Zero Improvement,occupied_structure_missing_improvement_data
25201910110000,252-0191-011-0000,3611 ASTORIA ST,SACRAMENTO,CA,95838.0,38.633231,-121.416523,ALCOCER MARIA E,,SACRAMENTO,CA,95838.0,9929.0,,9929.0,2024.0,20021031.0,0.0,RES/SINGLE FAMILY/SUBDIVISION,A1A00A,1001.0,SINGLE FAMILY RESIDENTIAL,R-1,2614.0,SF,629.0,1950.0,629.0,1.0,,1.0,,,,,19941129.0,73000.0,CITY OF SACRAMENTO,617700322433826815,Tier 2: Zero Improvement,occupied_structure_missing_improvement_data
25202300370000,252-0230-037-0000,3535 DEL PASO BLVD,SACRAMENTO,CA,95838.0,38.631383,-121.419664,HOUSING AUTHORITY OF THE CITY OF SACRAMENTO,,SACRAMENTO,CA,95814.0,,,,2024.0,20100326.0,0.0,MULTI/LOW RISE APARTMENT/1-3 STY,AE017A,1112.0,APARTMENTS (GENERIC),R-1,34000.0,SF,15932.0,1964.0,15932.0,2.0,,,,,,,20100326.0,,CITY OF SACRAMENTO,617700322433302527,Tier 2: Zero Improvement,occupied_structure_missing_improvement_data
25400600510000,254-0060-051-0000,2680 AUBURN BLVD,SACRAMENTO,CA,95821.0,38.630071,-121.399262,MAITA PROPERTIES LLC,,SACRAMENTO,CA,95821.0,877000.0,10000.0,887000.0,2024.0,20070706.0,0.0,PARKING LOT,BFH00B,2036.0,PARKING LOT,SPA,1.14,AC,600.0,1971.0,600.0,,,,0.0,,,,20070706.0,900000.0,UNINCORPORATED COUNTY,617700322536062975,Tier 3: Parking/Abandoned,occupied_structure_missing_improvement_data
25400600010000,801-0002-040-0000,3440 FULTON AVE SPC 37,SACRAMENTO,CA,95821.0,38.628722,-121.400187,ROSEANN ROSEN,,SACRAMENTO,CA,95821.0,,,,2024.0,,0.0,MOBILE HOME/ON LEASED LAND/MH PARK,ATA00A,1006.0,MOBILE/MANUFACTURED HOME (REGARDLESS OF LAND OWNERSHIP),SPA,0.0,,320.0,1965.0,320.0,1.0,,1.0,,,,,,,UNINCORPORATED COUNTY,617700322536062975,Tier 2: Zero Improvement,occupied_structure_missing_improvement_data
26800100070000,268-0010-007-0000,2328 EDISON AVE,SACRAMENTO,CA,95821.0,38.623939,-121.40819,FULTON EL CAMINO RECREATION & PARK DISTRICT,,SACRAMENTO,CA,95825.0,,,,2024.0,,0.0,RES/FOUR FAMILY/1 SFU+1 TRIPLEX,A4B00A,1103.0,"QUADRUPLEX (4 UNITS, ANY COMBINATION)",RD-20,28920.0,SF,2621.0,1950.0,2621.0,2.0,,5.0,,,,,20190214.0,550000.0,UNINCORPORATED COUNTY,617700322531606527,Tier 2: Zero Improvement,public_park_or_recreation_agency
26800100080000,268-0010-008-0000,2332 EDISON AVE,SACRAMENTO,CA,95821.0,38.623975,-121.407878,FULTON EL CAMINO RECREATION & PARK DISTRICT,,SACRAMENTO,CA,95825.0,,,,2024.0,20120316.0,0.0,RES/TWO FAMILY/2 SFU,A2A00A,1024.0,,RD-20,29084.0,SF,1910.0,1947.0,1910.0,1.0,,3.0,,,,,20120316.0,115000.0,UNINCORPORATED COUNTY,617700322531606527,Tier 2: Zero Improvement,public_park_or_recreation_agency
26800100090000,268-0010-009-0000,2336 EDISON AVE,SACRAMENTO,CA,95821.0,38.624062,-121.407598,FULTON ELCAMINO REC & PARK DIST,,SACRAMENTO,CA,95821.0,,,,2024.0,20091230.0,0.0,RES/SINGLE FAMILY,A1000P,1001.0,SINGLE FAMILY RESIDENTIAL,RD-20,28375.0,SF,776.0,1930.0,776.0,1.0,,2.0,,,,,20091230.0,45000.0,UNINCORPORATED COUNTY,617700322531606527,Tier 2: Zero Improvement,public_park_or_recreation_agency
26800820220000,268-0082-022-0000,3058 YELLOWSTONE LN,SACRAMENTO,CA,95821.0,38.621257,-121.408378,SECRETARY OF VETERANS AFFAIRS UNITED STATES,,NASHVILLE,TN,37203.0,,,,2024.0,,0.0,RES/SINGLE FAMILY/SUBDIVISION,A1A00A,1001.0,SINGLE FAMILY RESIDENTIAL,RD-4,13504.0,SF,1848.0,1940.0,1848.0,1.0,,4.0,,,,,20240418.0,420000.0,UNINCORPORATED COUNTY,617700322532655103,Tier 2: Zero Improvement,occupied_structure_missing_improvement_data
26801340030000,268-0134-003-0000,2390 RAINBOW AVE,SACRAMENTO,CA,95821.0,38.619695,-121.406702,KATHERINE ELAINE RAYA KRANTZ REVOCABLE LIVING TRUS,,SACRAMENTO,CA,95821.0,13903.0,,13903.0,2024.0,,0.0,RES/SINGLE FAMILY/SUBDIVISION,A1A00A,1001.0,SINGLE FAMILY RESIDENTIAL,RD-4,7405.0,SF,850.0,2014.0,850.0,1.0,,1.0,,,,,20230419.0,,UNINCORPORATED COUNTY,617700322540519423,Tier 2: Zero Improvement,occupied_structure_missing_improvement_data
26800440250000,268-0044-025-0000,3240 SHASTA WAY,SACRAMENTO,CA,95821.0,38.624061,-121.394275,LINDSETH FAMILY LIMITED PARTNERSHIP,,SACRAMENTO,CA,95821.0,65658.0,,65658.0,2024.0,20030321.0,0.0,RES/SINGLE FAMILY/SUBDIVISION,A1A00A,1001.0,SINGLE FAMILY RESIDENTIAL,RD-3,19602.0,SF,4200.0,1983.0,4200.0,2.0,,3.0,,,,,20030321.0,,UNINCORPORATED COUNTY,617700322533965823,Tier 2: Zero Improvement,occupied_structure_missing_improvement_data
26900540140000,269-0054-014-0000,3625 MARCONI AVE,SACRAMENTO,CA,95821.0,38.618078,-121.379128,SUREWEST TELEVIDEO,,ROSEVILLE,CA,95678.0,,,,2024.0,20020715.0,0.0,BROADCASTING-RADIO/TV,CEAB0A,6507.0,RADIO OR TV STATION,BP,5227.0,SF,1047.0,1977.0,1047.0,1.0,,,,,,,20020715.0,1008500.0,UNINCORPORATED COUNTY,617700322347581439,Tier 2: Zero Improvement,occupied_structure_missing_improvement_data
23600840230000,236-0084-023-0000,6010 NORTHCREST CIR,CARMICHAEL,CA,95608.0,38.651292,-121.323805,HOUSING AUTHORITY OF THE COUNTY OF SACRAMENTO,,SACRAMENTO,CA,95814.0,,,,2024.0,19940323.0,0.0,MULTI/LOW RISE APARTMENT/1-3 STY,AE028A,1104.0,APARTMENT HOUSE (5+ UNITS),RD-20,1.88,AC,32508.0,1963.0,32508.0,2,28.0,,,,,,,,UNINCORPORATED COUNTY,617700321805205503,Tier 2: Zero Improvement,occupied_structure_missing_improvement_data
23205500010000,232-0550-001-0000,6600 MERCY CT,FAIR OAKS,CA,95628.0,38.666628,-121.310244,JAMES & JUDITH CARTER REVOCABLE TRUST,,WEST SACRAMENTO,CA,95691.0,,,,2024.0,,0.0,"OFFICE, MEDICAL/DENTAL",CGX00A,3006.0,MEDICAL BLDG/CLINIC,BP,2.03,AC,1408.0,1985.0,1408.0,1,,,0.0,,,,20151116.0,170000.0,UNINCORPORATED COUNTY,617700322055028735,Tier 2: Zero Improvement,occupied_structure_missing_improvement_data
24200110090000,242-0011-009-0000,4800 SAN JUAN AVE,FAIR OAKS,CA,95628.0,38.652992,-121.291749,HOWELL L BIRD TRUST B & HOWELL L BIRD TRUST A,,SACRAMENTO,CA,95831.0,60063.0,,60063.0,2024.0,20041202.0,0.0,AUTO REPAIR GARAGE,BFC00A,2024.0,"AUTO REPAIR (& RELATED), GARAGE",SC,12516.0,SF,1144.0,1955.0,1144.0,1,,,,,,,20041202.0,,UNINCORPORATED COUNTY,617700322115059711,Tier 2: Zero Improvement,occupied_structure_missing_improvement_data
24005600780000,240-0560-078-0000,4500 ORANGE GROVE AVE,SACRAMENTO,CA,95841.0,38.646651,-121.359366,GREEN VALLEY & WHITEHAVEN LLC & ORANGE GROVE 4500,,SACRAMENTO,CA,95816.0,1763229.0,,1763229.0,2024.0,,0.0,OFFICE - SINGLE TENANT,CBA00A,3003.0,OFFICE BLDG (GENERAL),BP LC,4.71,AC,54655.0,1995.0,54655.0,1,,,,,,,20220901.0,924000.0,UNINCORPORATED COUNTY,617700321760903167,Tier 2: Zero Improvement,occupied_structure_missing_improvement_data
25603900620000,256-0390-062-0000,SALEM WAY,CARMICHAEL,CA,95608.0,38.634565,-121.355194,MISSION OAKS RECREATION & PARK DISTRICT,,CARMICHAEL,CA,95608.0,,,,2024.0,20051123.0,0.0,"MISC, UNUSABLE-SMALL",MSMALA,8009.0,"WASTE LAND, MARSH, SWAMP, SUBMERGED-VACANT LAND",BP (NPA),2730.0,SF,,,,,,,,,,,20051123.0,,UNINCORPORATED COUNTY,617700321767194623,Tier 2: Zero Improvement,public_park_or_recreation_agency
26900300480000,269-0030-048-0000,3000 BECERRA WAY,SACRAMENTO,CA,95821.0,38.619641,-121.373415,OAK PLAINS MASONIC BUILDING ASSOCIATION,,RIO LINDA,CA,95673.0,86116.0,,86116.0,2024.0,19861103.0,0.0,RES/SINGLE FAMILY/SUBDIVISION,A1A00A,1001.0,SINGLE FAMILY RESIDENTIAL,RD-30,12196.0,SF,989.0,1949.0,989.0,1,,1.0,,,,,,,UNINCORPORATED COUNTY,617700322351513599,Tier 2: Zero Improvement,occupied_structure_missing_improvement_data
26900600330000,269-0060-033-0000,2901 BECERRA WAY,SACRAMENTO,CA,95821.0,38.618457,-121.37413,ARCADE BAPTIST CHURCH OF SACRAMENTO CA,,SACRAMENTO,CA,95821.0,174051.0,233943.0,407994.0,2024.0,20110708.0,0.0,PARKING LOT,BFH00A,2036.0,PARKING LOT,RD-30,1.78,AC,1000.0,1983.0,1000.0,,,,,,,,20110708.0,,UNINCORPORATED COUNTY,617700322351513599,Tier 3: Parking/Abandoned,occupied_structure_missing_improvement_data
25601010400000,256-0101-040-0000,4741 WHITNEY AVE,CARMICHAEL,CA,95608.0,38.628971,-121.353167,THE HOUSING AUTHORITY OF THE COUNTY OF SACRAMENTO,,SACRAMENTO,CA,95814.0,,,,2024.0,19880411.0,0.0,MULTI/LOW RISE APARTMENT/1-3 STY,AE010A,1112.0,APARTMENTS (GENERIC),RD-30 (NPA,1.12,AC,9250.0,1990.0,9250.0,1,,2.0,,,,,,,UNINCORPORATED COUNTY,617700321827487743,Tier 2: Zero Improvement,occupied_structure_missing_improvement_data
25802250220000,258-0225-022-0000,3324 WALNUT AVE,CARMICHAEL,CA,95608.0,38.625906,-121.345234,FIRST BAPTIST CHURCH OF CARMICHAEL FOUNDATION,,CARMICHAEL,CA,95608.0,78072.0,,78072.0,2024.0,19851018.0,0.0,RES/SINGLE FAMILY/SUBDIVISION,A1A00A,1001.0,SINGLE FAMILY RESIDENTIAL,RD-10,27206.0,SF,1059.0,1950.0,1059.0,1,,2.0,,,,,,,UNINCORPORATED COUNTY,617700321829322751,Tier 2: Zero Improvement,occupied_structure_missing_improvement_data
27101420250000,271-0142-025-0000,5049 MARCONI AVE,CARMICHAEL,CA,95608.0,38.617716,-121.346459,AMERICAN PETROLEUM LLC,,CARMICHAEL,CA,95608.0,603432.0,,603432.0,2024.0,,0.0,SERVICE STATION,BFA0BA,2041.0,GAS STATION,SC,21769.0,SF,2009.0,1994.0,2009.0,,,,,,,,20211223.0,580000.0,UNINCORPORATED COUNTY,617700321837711359,Tier 2: Zero Improvement,occupied_structure_missing_improvement_data
11511300660000,115-1130-066-0000,POWER INN RD,SACRAMENTO,CA,95828.0,38.469911,-121.408577,SOUTHGATE RECREATION & PARK DISTRICT,,SACRAMENTO,CA,95823.0,,,,2024.0,19920824.0,0.0,"MISC, UNUSABLE-SMALL",MSMALA,8009.0,"WASTE LAND, MARSH, SWAMP, SUBMERGED-VACANT LAND",RD-5,9271.0,SF,,,,,,,,,,,,,UNINCORPORATED COUNTY,617700308483571711,Tier 2: Zero Improvement,public_park_or_recreation_agency
11511800930000,115-1180-093-0000,7901 IONA WAY,SACRAMENTO,CA,95828.0,38.470071,-121.40452,SOUTHGATE RECREATION & PARK DISTRICT,,SACRAMENTO,CA,95823.0,,,,2024.0,19891206.0,0.0,VACANT RESIDENTIAL UNDER 10 AC,IAAAAE,8001.0,RESIDENTIAL-VACANT LAND,RD-5,1.53,AC,,,,,,,,,,,20050805.0,1750000.0,UNINCORPORATED COUNTY,617700308573224959,Tier 1: Coded Vacant,public_park_or_recreation_agency
11521500660000,115-2150-066-0000,7858 RHINELANDER WAY,SACRAMENTO,CA,95828.0,38.472015,-121.38224,BEAZER HOMES HOLDINGS LLC,,ROSEVILLE,CA,95661.0,116382.0,,116382.0,2024.0,,0.0,RES/SINGLE FAMILY/SUBDIVISION,A1A00A,1001.0,SINGLE FAMILY RESIDENTIAL,RD-5,0.0,,2481.0,,2481.0,2.0,,3.0,,,,,20240717.0,731000.0,UNINCORPORATED COUNTY,617700307894796287,Tier 2: Zero Improvement,occupied_structure_missing_improvement_data
11521500670000,115-2150-067-0000,7859 RHINELANDER WAY,SACRAMENTO,CA,95828.0,38.472013,-121.381672,BEAZER HOMES HOLDINGS LLC,,ROSEVILLE,CA,95661.0,116382.0,,116382.0,2024.0,,0.0,RES/SINGLE FAMILY/SUBDIVISION,A1A00A,1001.0,SINGLE FAMILY RESIDENTIAL,RD-5,0.0,,3230.0,,3230.0,2.0,,5.0,,,,,20240723.0,789500.0,UNINCORPORATED COUNTY,617700307894796287,Tier 2: Zero Improvement,occupied_structure_missing_improvement_data
11521500780000,115-2150-078-0000,7860 JOHL WAY,SACRAMENTO,CA,95828.0,38.472011,-121.381205,BEAZER HOMES HOLDINGS LLC,,ROSEVILLE,CA,95661.0,116382.0,,116382.0,2024.0,,0.0,RES/SINGLE FAMILY/SUBDIVISION,A1A00A,1001.0,SINGLE FAMILY RESIDENTIAL,RD-5,0.0,,1935.0,,1935.0,1.0,,4.0,,,,,20240916.0,654500.0,UNINCORPORATED COUNTY,617700307894796287,Tier 2: Zero Improvement,occupied_structure_missing_improvement_data
11521500650000,115-2150-065-0000,7862 RHINELANDER WAY,SACRAMENTO,CA,95828.0,38.471846,-121.382237,BEAZER HOMES HOLDINGS LLC,,ROSEVILLE,CA,95661.0,116382.0,,116382.0,2024.0,,0.0,RES/SINGLE FAMILY/SUBDIVISION,A1A00A,1001.0,SINGLE FAMILY RESIDENTIAL,RD-5,0.0,,2260.0,,2260.0,2.0,,3.0,,,,,20240722.0,664500.0,UNINCORPORATED COUNTY,617700307894796287,Tier 2: Zero Improvement,occupied_structure_missing_improvement_data
11521500640000,115-2150-064-0000,7866 RHINELANDER WAY,SACRAMENTO,CA,95828.0,38.471694,-121.382236,BEAZER HOMES HOLDINGS LLC,,ROSEVILLE,CA,95661.0,116382.0,,116382.0,2024.0,,0.0,RES/SINGLE FAMILY/SUBDIVISION,A1A00A,1001.0,SINGLE FAMILY RESIDENTIAL,RD-5,0.0,,2481.0,,2481.0,2.0,,3.0,,,,,20240701.0,687500.0,UNINCORPORATED COUNTY,617700307894796287,Tier 2: Zero Improvement,occupied_structure_missing_improvement_data
11521500630000,115-2150-063-0000,7870 RHINELANDER WAY,SACRAMENTO,CA,95828.0,38.471543,-121.382236,BEAZER HOMES HOLDINGS LLC,,ROSEVILLE,CA,95661.0,116382.0,,116382.0,2024.0,,0.0,RES/SINGLE FAMILY/SUBDIVISION,A1A00A,1001.0,SINGLE FAMILY RESIDENTIAL,RD-5,0.0,,1935.0,,1935.0,1.0,,4.0,,,,,20240617.0,636000.0,UNINCORPORATED COUNTY,617700307894796287,Tier 2: Zero Improvement,occupied_structure_missing_improvement_data
11521500690000,115-2150-069-0000,7867 RHINELANDER WAY,SACRAMENTO,CA,95828.0,38.471693,-121.381673,BEAZER HOMES HOLDINGS LLC,,ROSEVILLE,CA,95661.0,116382.0,,116382.0,2024.0,,0.0,RES/SINGLE FAMILY/SUBDIVISION,A1A00A,1001.0,SINGLE FAMILY RESIDENTIAL,RD-5,0.0,,1935.0,,1935.0,1.0,,4.0,,,,,20240711.0,666000.0,UNINCORPORATED COUNTY,617700307894796287,Tier 2: Zero Improvement,occupied_structure_missing_improvement_data
11521500680000,115-2150-068-0000,7863 RHINELANDER WAY,SACRAMENTO,CA,95828.0,38.471844,-121.381673,BEAZER HOMES HOLDINGS LLC,,ROSEVILLE,CA,95661.0,116382.0,,116382.0,2024.0,,0.0,RES/SINGLE FAMILY/SUBDIVISION,A1A00A,1001.0,SINGLE FAMILY RESIDENTIAL,RD-5,0.0,,2481.0,,2481.0,2.0,,3.0,,,,,20240830.0,690000.0,UNINCORPORATED COUNTY,617700307894796287,Tier 2: Zero Improvement,occupied_structure_missing_improvement_data
11521500770000,115-2150-077-0000,7864 JOHL WAY,SACRAMENTO,CA,95828.0,38.471842,-121.381202,BEAZER HOMES HOLDINGS LLC,,ROSEVILLE,CA,95661.0,116382.0,,116382.0,2024.0,,0.0,RES/SINGLE FAMILY/SUBDIVISION,A1A00A,1001.0,SINGLE FAMILY RESIDENTIAL,RD-5,0.0,,3230.0,,3230.0,2.0,,5.0,,,,,20240724.0,783500.0,UNINCORPORATED COUNTY,617700307894796287,Tier 2: Zero Improvement,occupied_structure_missing_improvement_data
11521500760000,115-2150-076-0000,7868 JOHL WAY,SACRAMENTO,CA,95828.0,38.471691,-121.381201,BEAZER HOMES HOLDINGS LLC,,ROSEVILLE,CA,95661.0,116382.0,,116382.0,2024.0,,0.0,RES/SINGLE FAMILY/SUBDIVISION,A1A00A,1001.0,SINGLE FAMILY RESIDENTIAL,RD-5,0.0,,2260.0,,2260.0,2.0,,3.0,,,,,20240920.0,660000.0,UNINCORPORATED COUNTY,617700307894796287,Tier 2: Zero Improvement,occupied_structure_missing_improvement_data
11521500700000,115-2150-070-0000,7871 RHINELANDER WAY,SACRAMENTO,CA,95828.0,38.471541,-121.381672,BEAZER HOMES HOLDINGS LLC,,ROSEVILLE,CA,95661.0,116382.0,,116382.0,2024.0,,0.0,RES/SINGLE FAMILY/SUBDIVISION,A1A00A,1001.0,SINGLE FAMILY RESIDENTIAL,RD-5,0.0,,1676.0,,1676.0,1.0,,3.0,,,,,20240626.0,573500.0,UNINCORPORATED COUNTY,617700307894796287,Tier 2: Zero Improvement,occupied_structure_missing_improvement_data
11521500750000,115-2150-075-0000,7872 JOHL WAY,SACRAMENTO,CA,95828.0,38.47154,-121.3812,BEAZER HOMES HOLDINGS LLC,,ROSEVILLE,CA,95661.0,116382.0,,116382.0,2024.0,,0.0,RES/SINGLE FAMILY/SUBDIVISION,A1A00A,1001.0,SINGLE FAMILY RESIDENTIAL,RD-5,0.0,,3230.0,,3230.0,2.0,,5.0,,,,,20240731.0,796000.0,UNINCORPORATED COUNTY,617700307894796287,Tier 2: Zero Improvement,occupied_structure_missing_improvement_data
11521500710000,115-2150-071-0000,8580 LAKHA CIR,SACRAMENTO,CA,95828.0,38.471322,-121.381779,BEAZER HOMES HOLDINGS LLC,,ROSEVILLE,CA,95661.0,116382.0,,116382.0,2024.0,,0.0,RES/SINGLE FAMILY/SUBDIVISION,A1A00A,1001.0,SINGLE FAMILY RESIDENTIAL,RD-5,0.0,,2993.0,,2993.0,2.0,,3.0,,,,,20240530.0,751000.0,UNINCORPORATED COUNTY,617700307894796287,Tier 2: Zero Improvement,occupied_structure_missing_improvement_data
11521500720000,115-2150-072-0000,8576 LAKHA CIR,SACRAMENTO,CA,95828.0,38.471319,-121.381545,BEAZER HOMES HOLDINGS LLC,,SACRAMENTO,CA,95833.0,116382.0,,116382.0,2024.0,,0.0,RES/SINGLE FAMILY/SUBDIVISION,A1A00A,1001.0,SINGLE FAMILY RESIDENTIAL,RD-5,0.0,,2260.0,,2260.0,2.0,,3.0,,,,,20240702.0,662000.0,UNINCORPORATED COUNTY,617700307894796287,Tier 2: Zero Improvement,occupied_structure_missing_improvement_data
11521500740000,115-2150-074-0000,8568 LAKHA CIR,SACRAMENTO,CA,95828.0,38.471319,-121.38109,BEAZER HOMES HOLDINGS LLC,,ROSEVILLE,CA,95661.0,116382.0,,116382.0,2024.0,,0.0,RES/SINGLE FAMILY/SUBDIVISION,A1A00A,1001.0,SINGLE FAMILY RESIDENTIAL,RD-5,0.0,,2980.0,,2980.0,2.0,,3.0,,,,,20240614.0,759000.0,UNINCORPORATED COUNTY,617700307894796287,Tier 2: Zero Improvement,occupied_structure_missing_improvement_data
11521500790000,115-2150-079-0000,7861 JOHL WAY,SACRAMENTO,CA,95828.0,38.472009,-121.380617,BEAZER HOMES HOLDINGS LLC,,ROSEVILLE,CA,95661.0,116382.0,,116382.0,2024.0,,0.0,RES/SINGLE FAMILY/SUBDIVISION,A1A00A,1001.0,SINGLE FAMILY RESIDENTIAL,RD-5,0.0,,2481.0,,2481.0,2.0,,3.0,,,,,20240927.0,700000.0,UNINCORPORATED COUNTY,617700307894796287,Tier 2: Zero Improvement,occupied_structure_missing_improvement_data
11521500810000,115-2150-081-0000,7869 JOHL WAY,SACRAMENTO,CA,95828.0,38.471689,-121.380618,BEAZER HOMES HOLDINGS LLC,,ROSEVILLE,CA,95661.0,116382.0,,116382.0,2024.0,,0.0,RES/SINGLE FAMILY/SUBDIVISION,A1A00A,1001.0,SINGLE FAMILY RESIDENTIAL,RD-5,0.0,,2481.0,,2481.0,2.0,,3.0,,,,,20240829.0,707000.0,UNINCORPORATED COUNTY,617700307894796287,Tier 2: Zero Improvement,occupied_structure_missing_improvement_data
11521500800000,115-2150-080-0000,7865 JOHL WAY,SACRAMENTO,CA,95828.0,38.47184,-121.380619,BEAZER HOMES HOLDINGS LLC,,ROSEVILLE,CA,95661.0,116382.0,,116382.0,2024.0,,0.0,RES/SINGLE FAMILY/SUBDIVISION,A1A00A,1001.0,SINGLE FAMILY RESIDENTIAL,RD-5,0.0,,1676.0,,1676.0,1.0,,3.0,,,,,20240724.0,642500.0,UNINCORPORATED COUNTY,617700307894796287,Tier 2: Zero Improvement,occupied_structure_missing_improvement_data
11521500820000,115-2150-082-0000,7873 JOHL WAY,SACRAMENTO,CA,95828.0,38.471538,-121.380617,BEAZER HOMES HOLDINGS LLC,,ROSEVILLE,CA,95661.0,116382.0,,116382.0,2024.0,,0.0,RES/SINGLE FAMILY/SUBDIVISION,A1A00A,1001.0,SINGLE FAMILY RESIDENTIAL,RD-5,0.0,,1935.0,,1935.0,1.0,,4.0,,,,,20240919.0,629000.0,UNINCORPORATED COUNTY,617700307894796287,Tier 2: Zero Improvement,occupied_structure_missing_improvement_data
11500910370000,115-0091-037-0000,8651 CARLISLE AVE,SACRAMENTO,CA,95828.0,38.469467,-121.383526,VALDEZ RAMONA & VINCENT J,,SACRAMENTO,CA,95829.0,64382.0,,64382.0,2024.0,20080520.0,0.0,RES/SINGLE FAMILY/RURAL HOME(2 AC OR LES,A1C00A,1008.0,RURAL/AGRICULTURAL RESIDENCE,A-10,8276.0,SF,1268.0,1952.0,1268.0,1.0,,3.0,,,,,20080520.0,,UNINCORPORATED COUNTY,617700308578729983,Tier 2: Zero Improvement,occupied_structure_missing_improvement_data
11508601290000,115-0860-129-0000,POWER INN RD,SACRAMENTO,CA,95828.0,38.462108,-121.408064,SOUTHGATE RECREATION & PARK DISTRICT,,SACRAMENTO,CA,95823.0,,,,2024.0,19880208.0,0.0,VACANT RESIDENTIAL UNDER 2 AC,IAEAAE,8001.0,RESIDENTIAL-VACANT LAND,SPA,22782.0,SF,,,,,,,,,,,,,UNINCORPORATED COUNTY,617700308581613567,Tier 1: Coded Vacant,public_park_or_recreation_agency
11508600180000,115-0860-018-0000,OAK LANDING CT,SACRAMENTO,CA,95828.0,38.460145,-121.405775,SOUTHGATE RECREATION & PARK DISTRICT,,SACRAMENTO,CA,95823.0,,,,2024.0,19890105.0,0.0,"MISC, UNUSABLE-SMALL",MSMALA,8009.0,"WASTE LAND, MARSH, SWAMP, SUBMERGED-VACANT LAND",SPA,218.0,SF,,,,,,,,,,,,,UNINCORPORATED COUNTY,617700308582662143,Tier 2: Zero Improvement,public_park_or_recreation_agency
11508600190000,115-0860-019-0000,OAK LANDING CT,SACRAMENTO,CA,95828.0,38.460151,-121.405607,SOUTHGATE RECREATION & PARK DISTRICT,,SACRAMENTO,CA,95823.0,,,,2024.0,19890105.0,0.0,"MISC, UNUSABLE-SMALL",MSMALA,8009.0,"WASTE LAND, MARSH, SWAMP, SUBMERGED-VACANT LAND",SPA,131.0,SF,,,,,,,,,,,,,UNINCORPORATED COUNTY,617700308582662143,Tier 2: Zero Improvement,public_park_or_recreation_agency
11508600320000,115-0860-032-0000,HEATHER GROVE CT,SACRAMENTO,CA,95828.0,38.460176,-121.404606,SOUTHGATE RECREATION & PARK DISTRICT,,SACRAMENTO,CA,95823.0,,,,2024.0,19890105.0,0.0,"MISC, UNUSABLE-SMALL",MSMALA,8009.0,"WASTE LAND, MARSH, SWAMP, SUBMERGED-VACANT LAND",SPA,261.0,SF,,,,,,,,,,,,,UNINCORPORATED COUNTY,617700308582662143,Tier 2: Zero Improvement,public_park_or_recreation_agency
11501300170000,115-0130-017-0000,POWER INN RD,SACRAMENTO,CA,95828.0,38.459939,-121.405117,SOUTHGATE RECREATION & PARK DISTRICT,,SACRAMENTO,CA,95823.0,,,,2024.0,19860811.0,0.0,VACANT RESIDENTIAL UNDER 10 AC,IAAAAA,8001.0,RESIDENTIAL-VACANT LAND,SPA,2.1400001,AC,,,,,,,,,,,,,UNINCORPORATED COUNTY,617700308582662143,Tier 1: Coded Vacant,public_park_or_recreation_agency
11508600310000,115-0860-031-0000,HEATHER GROVE CT,SACRAMENTO,CA,95828.0,38.460176,-121.404786,SOUTHGATE RECREATION & PARK DISTRICT,,SACRAMENTO,CA,95823.0,,,,2024.0,19890105.0,0.0,"MISC, UNUSABLE-SMALL",MSMALA,8009.0,"WASTE LAND, MARSH, SWAMP, SUBMERGED-VACANT LAND",SPA,218.0,SF,,,,,,,,,,,,,UNINCORPORATED COUNTY,617700308582662143,Tier 2: Zero Improvement,public_park_or_recreation_agency
11511500230000,115-1150-023-0000,AUBERRY RD,SACRAMENTO,CA,95828.0,38.455234,-121.399204,SOUTHGATE RECREATION & PARK DISTRICT,,SACRAMENTO,CA,95823.0,,,,2024.0,19891206.0,0.0,"MISC, UNUSABLE-SMALL",MSMALA,8009.0,"WASTE LAND, MARSH, SWAMP, SUBMERGED-VACANT LAND",SPA,2965.0,SF,,,,,,,,,,,,,UNINCORPORATED COUNTY,617700308579516415,Tier 2: Zero Improvement,public_park_or_recreation_agency
11511500240000,115-1150-024-0000,CALVINE RD,SACRAMENTO,CA,95828.0,38.45451,-121.399065,SOUTHGATE RECREATION & PARK DISTRICT,,SACRAMENTO,CA,95823.0,,,,2024.0,19891206.0,0.0,"MISC, UNUSABLE-SMALL",MSMALA,8009.0,"WASTE LAND, MARSH, SWAMP, SUBMERGED-VACANT LAND",SPA,7400.0,SF,,,,,,,,,,,,,UNINCORPORATED COUNTY,617700308580564991,Tier 2: Zero Improvement,public_park_or_recreation_agency
11701400430000,117-0140-043-0000,BRUCEVILLE RD,SACRAMENTO,CA,95823.0,38.452068,-121.419257,LOS RIOS COMMUNITY COLLEGE DISTRICT,,SACRAMENTO,CA,95812.0,,,,2024.0,,0.0,PARKING STRUCTURE,BFI00A,2035.0,"PARKING GARAGE, PARKING STRUCTURE",A,2.8399999,AC,,,,,,,,,,,20120404.0,,CITY OF SACRAMENTO,617700308537573375,Tier 2: Zero Improvement,inherently_active_use_parking_airport_cemetery
11509700890000,115-0970-089-0000,BERINGER CT,SACRAMENTO,CA,95828.0,38.460009,-121.38841,SOUTHGATE RECREATION & PARK DISTRICT,,SACRAMENTO,CA,95823.0,,,,2024.0,19880208.0,0.0,VACANT RESIDENTIAL UNDER 2 AC,IAEAAE,8001.0,RESIDENTIAL-VACANT LAND,SPA,29620.0,SF,,,,,,,,,,,,,UNINCORPORATED COUNTY,617700308583710719,Tier 1: Coded Vacant,public_park_or_recreation_agency
11515400280000,115-1540-028-0000,KEECH CT,SACRAMENTO,CA,95828.0,38.459864,-121.38835,SOUTHGATE PARKS & RECREATION DISTRICT,,SACRAMENTO,CA,95823.0,,,,2024.0,19971028.0,0.0,"MISC, UNUSABLE-SMALL",MSMALA,8009.0,"WASTE LAND, MARSH, SWAMP, SUBMERGED-VACANT LAND",RD-5,165.0,SF,,,,,,,,,,,,,UNINCORPORATED COUNTY,617700308583710719,Tier 2: Zero Improvement,public_park_or_recreation_agency
11511401020000,115-1140-102-0000,CALVINE RD,SACRAMENTO,CA,95828.0,38.454079,-121.398227,SOUTHGATE RECREATION & PARK DISTRICT,,SACRAMENTO,CA,95823.0,,,,2024.0,19891206.0,0.0,"MISC, UNUSABLE-SMALL",MSMALA,8009.0,"WASTE LAND, MARSH, SWAMP, SUBMERGED-VACANT LAND",SPA,22900.0,SF,,,,,,,,,,,,,UNINCORPORATED COUNTY,617700308580564991,Tier 2: Zero Improvement,public_park_or_recreation_agency
11501420350000,115-0142-035-0000,CALVINE RD,SACRAMENTO,CA,95828.0,38.457203,-121.382882,SOUTHGATE RECREATION & PARK DISTRICT,,SACRAMENTO,CA,95823.0,,,,2024.0,19971231.0,0.0,VACANT RESIDENTIAL UNDER 10 AC,IAAAAA,8001.0,RESIDENTIAL-VACANT LAND,O RD-5,4.9200001,AC,,,,,,,,,,,,,UNINCORPORATED COUNTY,617700308583448575,Tier 1: Coded Vacant,public_park_or_recreation_agency
11509800160000,115-0980-016-0000,SONOMA HILLS WAY,SACRAMENTO,CA,95828.0,38.460013,-121.385744,SOUTHGATE RECREATION & PARK DISTRICT,,SACRAMENTO,CA,95823.0,,,,2024.0,19880208.0,0.0,RES/SINGLE FAMILY,A1000P,1001.0,SINGLE FAMILY RESIDENTIAL,SPA,2.8499999,AC,,,,,,,,,,,,,UNINCORPORATED COUNTY,617700308584235007,Tier 2: Zero Improvement,public_park_or_recreation_agency
11515400300000,115-1540-030-0000,ORELLI CT,SACRAMENTO,CA,95828.0,38.459871,-121.387432,SOUTHGATE PARKS & RECREATION DISTRICT,,SACRAMENTO,CA,95823.0,,,,2024.0,19971028.0,0.0,"MISC, UNUSABLE-SMALL",MSMALA,8009.0,"WASTE LAND, MARSH, SWAMP, SUBMERGED-VACANT LAND",RD-5,90.0,SF,,,,,,,,,,,,,UNINCORPORATED COUNTY,617700308583710719,Tier 2: Zero Improvement,public_park_or_recreation_agency
11515400290000,115-1540-029-0000,ORELLI CT,SACRAMENTO,CA,95828.0,38.459868,-121.387569,SOUTHGATE PARKS & RECREATION DISTRICT,,SACRAMENTO,CA,95823.0,,,,2024.0,19971028.0,0.0,"MISC, UNUSABLE-SMALL",MSMALA,8009.0,"WASTE LAND, MARSH, SWAMP, SUBMERGED-VACANT LAND",RD-5,89.0,SF,,,,,,,,,,,,,UNINCORPORATED COUNTY,617700308583710719,Tier 2: Zero Improvement,public_park_or_recreation_agency
11515400310000,115-1540-031-0000,FLANNERY WAY,SACRAMENTO,CA,95828.0,38.459869,-121.386673,SOUTHGATE PARKS & RECREATION DISTRICT,,SACRAMENTO,CA,95823.0,,,,2024.0,19971028.0,0.0,"MISC, UNUSABLE-SMALL",MSMALA,8009.0,"WASTE LAND, MARSH, SWAMP, SUBMERGED-VACANT LAND",RD-5,126.0,SF,,,,,,,,,,,,,UNINCORPORATED COUNTY,617700308583710719,Tier 2: Zero Improvement,public_park_or_recreation_agency
11508100210000,115-0810-021-0000,FINTOWN CT,SACRAMENTO,CA,95828.0,38.454869,-121.380585,SOUTHGATE RECREATION & PARK DISTRICT,,SACRAMENTO,CA,95823.0,,,,2024.0,19890918.0,0.0,"MISC, UNUSABLE-SMALL",MSMALA,8009.0,"WASTE LAND, MARSH, SWAMP, SUBMERGED-VACANT LAND",RD-5,5228.0,SF,,,,,,,,,,,,,UNINCORPORATED COUNTY,617700308585021439,Tier 2: Zero Improvement,public_park_or_recreation_agency
11517900090000,115-1790-009-0000,8679 ADAMSTOWN WAY,ELK GROVE,CA,95624.0,38.445151,-121.389707,CITY OF ELK GROVE,,ELK GROVE,CA,95758.0,,,,2024.0,,0.0,RES/SINGLE FAMILY/SUBDIVISION,A1A00A,1001.0,SINGLE FAMILY RESIDENTIAL,RD-6,6000.0,SF,2329.0,2004.0,2329.0,1.0,,4.0,,,,,20170203.0,485000.0,UNINCORPORATED COUNTY,617700308353548287,Tier 2: Zero Improvement,occupied_structure_missing_improvement_data
11512200410000,115-1220-041-0000,8528 SUN SPRITE WAY,ELK GROVE,CA,95624.0,38.447897,-121.386459,CITY OF ELK GROVE,,ELK GROVE,CA,95758.0,,,,2024.0,,0.0,RES/SINGLE FAMILY/SUBDIVISION,A1A00A,1001.0,SINGLE FAMILY RESIDENTIAL,RD-5,7841.0,SF,2923.0,1992.0,2923.0,2.0,,6.0,,,,,20231214.0,205000.0,UNINCORPORATED COUNTY,617700308359053311,Tier 2: Zero Improvement,occupied_structure_missing_improvement_data
27301920570000,273-0192-057-0000,6000 KENNETH AVE,CARMICHAEL,CA,95608.0,38.61234,-121.325181,CARMICHAEL RECREATION & PARK DIST,,CARMICHAEL,CA,95608.0,,,,2024.0,19740725.0,0.0,RES/SINGLE FAMILY/RURAL HOME(2-5 AC),A1D00B,1008.0,RURAL/AGRICULTURAL RESIDENCE,O (NPA),3.8299999,AC,1067.0,1948.0,1067.0,1,,2.0,,,,,,,UNINCORPORATED COUNTY,617700322579841023,Tier 2: Zero Improvement,public_park_or_recreation_agency
05604400490000,056-0440-049-0000,10551 COLOMA RD,RANCHO CORDOVA,CA,95670.0,38.606538,-121.296399,CORDOVA RECREATION & PARK DISTRICT,,RANCHO CORDOVA,CA,95670.0,,,,2024.0,20120125.0,0.0,VACANT RESIDENTIAL UNDER 2 AC,IAEBAA,8001.0,RESIDENTIAL-VACANT LAND,SPA (WRSPA,36068.0,SF,,,,,,,,,,,20120125.0,,UNINCORPORATED COUNTY,617700322563588095,Tier 1: Coded Vacant,public_park_or_recreation_agency
07500520470000,075-0052-047-0000,2605 EL PARQUE CIR,RANCHO CORDOVA,CA,95670.0,38.585543,-121.31739,COUNTY OF SACRAMENTO HOUSING AUTHORITY,,SACRAMENTO,CA,95814.0,,,,2024.0,20110210.0,0.0,RES/THREE FAMILY/TRIPLEX,A3C00A,1102.0,"TRIPLEX (3 UNITS, ANY COMBINATION)",RD 30,7292.0,SF,3463.0,1969.0,3463.0,,,9.0,,,,,20110210.0,,UNINCORPORATED COUNTY,617700322659532799,Tier 2: Zero Improvement,occupied_structure_missing_improvement_data
07500520450000,075-0052-045-0000,2613 EL PARQUE CIR,RANCHO CORDOVA,CA,95670.0,38.585648,-121.316936,COUNTY OF SACRAMENTO HOUSING AUTHORITY,,SACRAMENTO,CA,95814.0,,,,2024.0,20110210.0,0.0,RES/THREE FAMILY/TRIPLEX,A3C00A,1102.0,"TRIPLEX (3 UNITS, ANY COMBINATION)",RD 20,6711.0,SF,3463.0,1969.0,3463.0,,,9.0,,,,,20110210.0,,UNINCORPORATED COUNTY,617700322659532799,Tier 2: Zero Improvement,occupied_structure_missing_improvement_data
07500520460000,075-0052-046-0000,2609 EL PARQUE CIR,RANCHO CORDOVA,CA,95670.0,38.585604,-121.317156,COUNTY OF SACRAMENTO HOUSING AUTHORITY,,SACRAMENTO,CA,95814.0,,,,2024.0,20110210.0,0.0,RES/THREE FAMILY/TRIPLEX,A3C00A,1102.0,"TRIPLEX (3 UNITS, ANY COMBINATION)",RD 20,7839.0,SF,3463.0,1969.0,3463.0,,,9.0,,,,,20110210.0,,UNINCORPORATED COUNTY,617700322659532799,Tier 2: Zero Improvement,occupied_structure_missing_improvement_data
07500520440000,075-0052-044-0000,2617 EL PARQUE CIR,RANCHO CORDOVA,CA,95670.0,38.585685,-121.31671,COUNTY OF SACRAMENTO HOUSING AUTHORITY,,SACRAMENTO,CA,95814.0,,,,2024.0,20110210.0,0.0,RES/THREE FAMILY/TRIPLEX,A3C00A,1102.0,"TRIPLEX (3 UNITS, ANY COMBINATION)",RD 20,6926.0,SF,3463.0,1969.0,3463.0,,,9.0,,,,,20110210.0,,UNINCORPORATED COUNTY,617700322659532799,Tier 2: Zero Improvement,occupied_structure_missing_improvement_data
07500520420000,075-0052-042-0000,2623 EL PARQUE CIR,RANCHO CORDOVA,CA,95670.0,38.585792,-121.316224,COUNTY OF SACRAMENTO HOUSING AUTHORITY,,SACRAMENTO,CA,95814.0,,,,2024.0,20110210.0,0.0,RES/THREE FAMILY/TRIPLEX,A3C00A,1102.0,"TRIPLEX (3 UNITS, ANY COMBINATION)",RD 20,7854.0,SF,3463.0,1969.0,3463.0,,,9.0,,,,,20110210.0,,UNINCORPORATED COUNTY,617700322659532799,Tier 2: Zero Improvement,occupied_structure_missing_improvement_data
07500520430000,075-0052-043-0000,2619 EL PARQUE CIR,RANCHO CORDOVA,CA,95670.0,38.585729,-121.316474,COUNTY OF SACRAMENTO HOUSING AUTHORITY,,SACRAMENTO,CA,95814.0,,,,2024.0,20110210.0,0.0,RES/THREE FAMILY/TRIPLEX,A3C00A,1102.0,"TRIPLEX (3 UNITS, ANY COMBINATION)",RD 20,6528.0,SF,3463.0,1969.0,3463.0,,,9.0,,,,,20110210.0,,UNINCORPORATED COUNTY,617700322659532799,Tier 2: Zero Improvement,occupied_structure_missing_improvement_data
07500520410000,075-0052-041-0000,2701 EL PARQUE CIR,RANCHO CORDOVA,CA,95670.0,38.585402,-121.315735,COUNTY OF SACRAMENTO HOUSING AUTHORITY,,SACRAMENTO,CA,95814.0,,,,2024.0,20110210.0,0.0,RES/FOUR FAMILY/FOURPLEX,A4E00A,1103.0,"QUADRUPLEX (4 UNITS, ANY COMBINATION)",RD 20,8147.0,SF,3360.0,1969.0,3360.0,,,8.0,,,,,20110210.0,,UNINCORPORATED COUNTY,617700322659532799,Tier 2: Zero Improvement,occupied_structure_missing_improvement_data
07500520390000,075-0052-039-0000,2707 EL PARQUE CIR,RANCHO CORDOVA,CA,95670.0,38.58501,-121.315607,COUNTY OF SACRAMENTO HOUSING AUTHORITY,,SACRAMENTO,CA,95814.0,,,,2024.0,20110210.0,0.0,RES/FOUR FAMILY/FOURPLEX,A4E00A,1103.0,"QUADRUPLEX (4 UNITS, ANY COMBINATION)",RD 20,7883.0,SF,3360.0,1969.0,3360.0,,,8.0,,,,,20110210.0,,UNINCORPORATED COUNTY,617700322659532799,Tier 2: Zero Improvement,occupied_structure_missing_improvement_data
07500520400000,075-0052-040-0000,2703 EL PARQUE CIR,RANCHO CORDOVA,CA,95670.0,38.585206,-121.315671,COUNTY OF SACRAMENTO HOUSING AUTHORITY,,SACRAMENTO,CA,95814.0,,,,2024.0,20110210.0,0.0,RES/FOUR FAMILY/FOURPLEX,A4E00A,1103.0,"QUADRUPLEX (4 UNITS, ANY COMBINATION)",RD 20,7657.0,SF,3360.0,1969.0,3360.0,,,8.0,,,,,20110210.0,,UNINCORPORATED COUNTY,617700322659532799,Tier 2: Zero Improvement,occupied_structure_missing_improvement_data
05702310160000,057-0231-016-0000,10599 FOLSOM BLVD,RANCHO CORDOVA,CA,95670.0,38.593516,-121.294637,CITY OF RANCHO CORDOVA,,RANCHO CORDOVA,CA,95670.0,,,,2024.0,,0.0,CONVENIENCE STORE (7-11),BAC00A,2018.0,CONVENIENCE STORE (7-11),CMU (FBSP),14630.0,SF,2400.0,1974.0,2400.0,1.0,,,,,,,20211115.0,,UNINCORPORATED COUNTY,617700322637250559,Tier 2: Zero Improvement,occupied_structure_missing_improvement_data
07701820230000,077-0182-023-0000,2909 DAIN CT,RANCHO CORDOVA,CA,95670.0,38.584859,-121.306823,HOUSING AUTHORITY OF THE COUNTY OF SACRAMENTO,,SACRAMENTO,CA,95814.0,,,,2024.0,19910628.0,0.0,MULTI/COURT APTS/MORE THAN 4 UNITS,AG006A,1106.0,"GARDEN APT, COURT APT (5+ UNITS)",RD 10,23958.0,SF,8166.0,1972.0,8166.0,2.0,6.0,,,,,,,,UNINCORPORATED COUNTY,617700322633318399,Tier 2: Zero Improvement,occupied_structure_missing_improvement_data
07700300480000,077-0030-048-0000,10494 WHITE ROCK RD,RANCHO CORDOVA,CA,95670.0,38.584515,-121.298787,CORDOVA RECREATION & PARK DIST,,RANCHO CORDOVA,CA,95670.0,,,,2024.0,,0.0,"MISC, UNUSABLE-SMALL",MSMALA,8009.0,"WASTE LAND, MARSH, SWAMP, SUBMERGED-VACANT LAND",POS (H),863.0,SF,,,,,,,,,,,,,UNINCORPORATED COUNTY,617700322630959103,Tier 2: Zero Improvement,public_park_or_recreation_agency
07505100720000,075-0510-072-0000,9615 APPALACHIAN DR,SACRAMENTO,CA,95827.0,38.575466,-121.341037,CORDOVA RECREATION & PARK DISTRICT,,RANCHO CORDOVA,CA,95670.0,,,,2024.0,19821007.0,0.0,VACANT RESIDENTIAL UNDER 2 AC,IAEDFA,8001.0,RESIDENTIAL-VACANT LAND,RD-5,5663.0,SF,,,,,,,,,,,,,UNINCORPORATED COUNTY,617700322408660991,Tier 1: Coded Vacant,public_park_or_recreation_agency
06801601000000,068-0160-100-0000,3009 BRADSHAW RD,SACRAMENTO,CA,95827.0,38.571477,-121.333978,SANTA FE PAC PIPELINES INC (KINDER MORGAN OP L P),,HOUSTON,TX,77210.0,6512356.0,,6512356.0,2024.0,19980306.0,0.0,TRUCK TERMINALS,GFKC0A,6508.0,TRUCK TERMINAL (MOTOR FREIGHT),OIMU (FBSP,34.540001,AC,21753.0,1969.0,21753.0,,,,,,,,,,UNINCORPORATED COUNTY,617700308255506431,Tier 2: Zero Improvement,occupied_structure_missing_improvement_data
06802100380000,068-0210-038-0000,9605 OATES DR,SACRAMENTO,CA,95827.0,38.568085,-121.340494,BRADSHAW LANDING LLC,,SAN RAFAEL,CA,94901.0,3623829.0,,3623829.0,2024.0,20050428.0,0.0,LIGHT IND-ASSEMBLY,GACC0B,5006.0,ASSEMBLY (LIGHT INDUSTRIAL),LC,6.1700001,AC,52655.0,1972.0,52655.0,1,,,,,,,20050428.0,,UNINCORPORATED COUNTY,617700322408923135,Tier 2: Zero Improvement,occupied_structure_missing_improvement_data
06802100070000,068-0210-007-0000,9608 OATES DR,SACRAMENTO,CA,95827.0,38.569016,-121.338889,BRADSHAW LANDING LLC,,SAN RAFAEL,CA,94901.0,1620594.0,,1620594.0,2024.0,20050428.0,0.0,DISTRIBUTION & WAREHOUSE,GC0B0B,5003.0,WAREHOUSE (INDUSTRIAL),LC,2.79,AC,44640.0,1973.0,44640.0,1,,,,,,,20050428.0,,UNINCORPORATED COUNTY,617700322408923135,Tier 2: Zero Improvement,occupied_structure_missing_improvement_data
07501610200000,075-0161-020-0000,2832 NORCADE CIR,SACRAMENTO,CA,95826.0,38.559317,-121.36639,HOUSING AUTHORITY COUNTY OF SACRAMENTO,,SACRAMENTO,CA,95814.0,,,,2024.0,20120106.0,0.0,RES/FOUR FAMILY/FOURPLEX,A4E00A,1103.0,"QUADRUPLEX (4 UNITS, ANY COMBINATION)",RD-20,8658.0,SF,3736.0,1969.0,3736.0,2.0,,8.0,,,,,20120106.0,550000.0,UNINCORPORATED COUNTY,617700322374320127,Tier 2: Zero Improvement,occupied_structure_missing_improvement_data
07501610230000,075-0161-023-0000,2820 NORCADE CIR,SACRAMENTO,CA,95826.0,38.558819,-121.36622,HOUSING AUTHORITY COUNTY OF SACRAMENTO,,SACRAMENTO,CA,95814.0,,,,2024.0,20120106.0,0.0,RES/FOUR FAMILY/FOURPLEX,A4E00A,1103.0,"QUADRUPLEX (4 UNITS, ANY COMBINATION)",RD-20,7350.0,SF,3736.0,1969.0,3736.0,2.0,,8.0,,,,,20120106.0,531000.0,UNINCORPORATED COUNTY,617700322374320127,Tier 2: Zero Improvement,occupied_structure_missing_improvement_data
07501610240000,075-0161-024-0000,2816 NORCADE CIR,SACRAMENTO,CA,95826.0,38.558661,-121.366178,HOUSING AUTHORITY COUNTY OF SACRAMENTO,,SACRAMENTO,CA,95814.0,,,,2024.0,20120106.0,0.0,RES/FOUR FAMILY/FOURPLEX,A4E00A,1103.0,"QUADRUPLEX (4 UNITS, ANY COMBINATION)",RD-20,7338.0,SF,3736.0,1969.0,3736.0,2.0,,8.0,,,,,20120106.0,297000.0,UNINCORPORATED COUNTY,617700322374320127,Tier 2: Zero Improvement,occupied_structure_missing_improvement_data
06723900130000,067-2390-013-0000,11983 ROQUEFORT WAY,RANCHO CORDOVA,CA,95742.0,38.556796,-121.231006,RICHMOND AMERICAN HOMES OF MARYLAND INC,,ROSEVILLE,CA,95661.0,166464.0,,166464.0,2024.0,,0.0,RES/SINGLE FAMILY/SUBDIVISION,A1A00A,1001.0,SINGLE FAMILY RESIDENTIAL,RD 7 (SDSP,0.0,,1392.0,,1392.0,1,,2.0,,,,,20240515.0,537500.0,UNINCORPORATED COUNTY,617700310721757183,Tier 2: Zero Improvement,occupied_structure_missing_improvement_data
06725900450000,067-2590-045-0000,11628 FIORENZA LN,RANCHO CORDOVA,CA,95742.0,38.55544,-121.245113,SUNRIDGE VILLAS PROPERTY LLC,,SAN MATEO,CA,94404.0,66249.0,,66249.0,2024.0,,0.0,RES/SINGLE FAMILY/SUBDIVISION,A1A00A,1001.0,SINGLE FAMILY RESIDENTIAL,LC (SD,0.0,,1523.0,,1523.0,2,,3.0,,,,,,,UNINCORPORATED COUNTY,617700310631579647,Tier 2: Zero Improvement,occupied_structure_missing_improvement_data
06726000660000,067-2600-066-0000,11640 FIORENZA LN,RANCHO CORDOVA,CA,95742.0,38.555191,-121.244837,SUNRIDGE VILLAS PROPERTY LLC,,SAN MATEO,CA,94404.0,66249.0,,66249.0,2024.0,,0.0,RES/SINGLE FAMILY/SUBDIVISION,A1A00A,1001.0,SINGLE FAMILY RESIDENTIAL,LC (SD,0.0,,1593.0,2023.0,1593.0,2,,3.0,,,,,,,UNINCORPORATED COUNTY,617700310631579647,Tier 2: Zero Improvement,occupied_structure_missing_improvement_data
06725900440000,067-2590-044-0000,11632 FIORENZA LN,RANCHO CORDOVA,CA,95742.0,38.555357,-121.245021,SUNRIDGE VILLAS PROPERTY LLC,,SAN MATEO,CA,94404.0,66249.0,,66249.0,2024.0,,0.0,RES/SINGLE FAMILY/SUBDIVISION,A1A00A,1001.0,SINGLE FAMILY RESIDENTIAL,LC (SD,0.0,,1594.0,,1594.0,2,,3.0,,,,,,,UNINCORPORATED COUNTY,617700310631579647,Tier 2: Zero Improvement,occupied_structure_missing_improvement_data
06726000190000,067-2600-019-0000,11645 FIORENZA LN,RANCHO CORDOVA,CA,95742.0,38.55526,-121.244473,SUNRIDGE VILLAS PROPERTY LLC,,SAN MATEO,CA,94404.0,66249.0,,66249.0,2024.0,,0.0,RES/SINGLE FAMILY/SUBDIVISION,A1A00A,1001.0,SINGLE FAMILY RESIDENTIAL,LC (SD,0.0,,1523.0,2023.0,1523.0,2,,3.0,,,,,,,UNINCORPORATED COUNTY,617700310631579647,Tier 2: Zero Improvement,occupied_structure_missing_improvement_data
06726000170000,067-2600-017-0000,11637 FIORENZA LN,RANCHO CORDOVA,CA,95742.0,38.555439,-121.244684,SUNRIDGE VILLAS PROPERTY LLC,,SAN MATEO,CA,94404.0,66249.0,,66249.0,2024.0,,0.0,RES/SINGLE FAMILY/SUBDIVISION,A1A00A,1001.0,SINGLE FAMILY RESIDENTIAL,LC (SD,0.0,,1759.0,2023.0,1759.0,2,,4.0,,,,,,,UNINCORPORATED COUNTY,617700310631579647,Tier 2: Zero Improvement,occupied_structure_missing_improvement_data
06726000200000,067-2600-020-0000,11649 FIORENZA LN,RANCHO CORDOVA,CA,95742.0,38.555177,-121.244381,SUNRIDGE VILLAS PROPERTY LLC,,SAN MATEO,CA,94404.0,66249.0,,66249.0,2024.0,,0.0,RES/SINGLE FAMILY/SUBDIVISION,A1A00A,1001.0,SINGLE FAMILY RESIDENTIAL,LC (SD,0.0,,1593.0,2023.0,1593.0,2,,3.0,,,,,,,UNINCORPORATED COUNTY,617700310631579647,Tier 2: Zero Improvement,occupied_structure_missing_improvement_data
06726000650000,067-2600-065-0000,11644 FIORENZA LN,RANCHO CORDOVA,CA,95742.0,38.555109,-121.244745,SUNRIDGE VILLAS PROPERTY LLC,,SAN MATEO,CA,94404.0,66249.0,,66249.0,2024.0,,0.0,RES/SINGLE FAMILY/SUBDIVISION,A1A00A,1001.0,SINGLE FAMILY RESIDENTIAL,LC (SD,0.0,,1759.0,2023.0,1759.0,2,,4.0,,,,,,,UNINCORPORATED COUNTY,617700310631579647,Tier 2: Zero Improvement,occupied_structure_missing_improvement_data
06726000640000,067-2600-064-0000,11648 FIORENZA LN,RANCHO CORDOVA,CA,95742.0,38.555026,-121.244654,SUNRIDGE VILLAS PROPERTY LLC,,SAN MATEO,CA,94404.0,66249.0,,66249.0,2024.0,,0.0,RES/SINGLE FAMILY/SUBDIVISION,A1A00A,1001.0,SINGLE FAMILY RESIDENTIAL,LC (SD,0.0,,1523.0,2023.0,1523.0,2,,3.0,,,,,,,UNINCORPORATED COUNTY,617700310631579647,Tier 2: Zero Improvement,occupied_structure_missing_improvement_data
06726000210000,067-2600-021-0000,11653 FIORENZA LN,RANCHO CORDOVA,CA,95742.0,38.555094,-121.244289,SUNRIDGE VILLAS PROPERTY LLC,,SAN MATEO,CA,94404.0,66249.0,,66249.0,2024.0,,0.0,RES/SINGLE FAMILY/SUBDIVISION,A1A00A,1001.0,SINGLE FAMILY RESIDENTIAL,LC (SD,0.0,,1523.0,2023.0,1523.0,2,,3.0,,,,,,,UNINCORPORATED COUNTY,617700310631579647,Tier 2: Zero Improvement,occupied_structure_missing_improvement_data
06726000180000,067-2600-018-0000,11641 FIORENZA LN,RANCHO CORDOVA,CA,95742.0,38.555343,-121.244564,SUNRIDGE VILLAS PROPERTY LLC,,SAN MATEO,CA,94404.0,66249.0,,66249.0,2024.0,,0.0,RES/SINGLE FAMILY/SUBDIVISION,A1A00A,1001.0,SINGLE FAMILY RESIDENTIAL,LC (SD,0.0,,1594.0,2023.0,1594.0,2,,3.0,,,,,,,UNINCORPORATED COUNTY,617700310631579647,Tier 2: Zero Improvement,occupied_structure_missing_improvement_data
06705401090000,067-0540-109-0000,ANATOLIA DR,RANCHO CORDOVA,CA,95742.0,38.5573,-121.239764,CORDOVA PARK AND RECREATION DISTRICT,,RANCHO CORDOVA,CA,95670.0,,,,2024.0,,0.0,VACANT RESIDENTIAL UNDER 2 AC,IAEAAA,8001.0,RESIDENTIAL-VACANT LAND,RD 7 (SDSP,22741.0,SF,,,,,,,,,,,,,UNINCORPORATED COUNTY,617700310630268927,Tier 1: Coded Vacant,public_park_or_recreation_agency
06705401100000,067-0540-110-0000,SUNRISE BLVD,RANCHO CORDOVA,CA,95742.0,38.556694,-121.241699,CORDOVA PARK AND RECREATION DISTRICT,,RANCHO CORDOVA,CA,95670.0,,,,2024.0,,0.0,VACANT RESIDENTIAL UNDER 2 AC,IAEAAA,8001.0,RESIDENTIAL-VACANT LAND,RD 7 (SDSP,27768.0,SF,,,,,,,,,,,,,UNINCORPORATED COUNTY,617700310630268927,Tier 1: Coded Vacant,public_park_or_recreation_agency
06705501330000,067-0550-133-0000,SUNRISE BLVD,RANCHO CORDOVA,CA,95742.0,38.553716,-121.242645,CORDOVA PARK AND RECREATION DISTRICT,,RANCHO CORDOVA,CA,95670.0,,,,2024.0,,0.0,VACANT RESIDENTIAL UNDER 2 AC,IAEAAA,8001.0,RESIDENTIAL-VACANT LAND,RD 7 (SDSP,26250.0,SF,,,,,,,,,,,,,UNINCORPORATED COUNTY,617700310631579647,Tier 1: Coded Vacant,public_park_or_recreation_agency
06705501340000,067-0550-134-0000,ANATOLIA DR,RANCHO CORDOVA,CA,95742.0,38.554615,-121.238714,CORDOVA PARK AND RECREATION DISTRICT,,RANCHO CORDOVA,CA,95670.0,,,,2024.0,,0.0,VACANT RESIDENTIAL UNDER 2 AC,IAEAAA,8001.0,RESIDENTIAL-VACANT LAND,RD 7 (SDSP,1494.0,SF,,,,,,,,,,,,,UNINCORPORATED COUNTY,617700310631317503,Tier 1: Coded Vacant,public_park_or_recreation_agency
06724300180000,067-2430-018-0000,11977 ROQUEFORT WAY,RANCHO CORDOVA,CA,95742.0,38.5564,-121.231411,PULTE HOME COMPANY LLC,,PLEASANTON,CA,94588.0,176868.0,,176868.0,2024.0,,0.0,RES/SINGLE FAMILY/SUBDIVISION,A1A00A,1001.0,SINGLE FAMILY RESIDENTIAL,RD 7 (SDSP,0.0,,2526.0,2023.0,2526.0,2,,3.0,,,,,,,UNINCORPORATED COUNTY,617700310721757183,Tier 2: Zero Improvement,occupied_structure_missing_improvement_data
06724300240000,067-2430-024-0000,11951 ROQUEFORT WAY,RANCHO CORDOVA,CA,95742.0,38.555449,-121.231877,PULTE HOME COMPANY LLC,,PLEASANTON,CA,94588.0,176868.0,,176868.0,2024.0,,0.0,RES/SINGLE FAMILY/SUBDIVISION,A1A00A,1001.0,SINGLE FAMILY RESIDENTIAL,RD 7 (SDSP,0.0,,2526.0,2023.0,2526.0,2,,3.0,,,,,,,UNINCORPORATED COUNTY,617700310729621503,Tier 2: Zero Improvement,occupied_structure_missing_improvement_data
06724300990000,067-2430-099-0000,4100 VALANCE WAY,RANCHO CORDOVA,CA,95742.0,38.554682,-121.233713,PULTE HOME COMPANY LLC,,PLEASANTON,CA,94588.0,176868.0,,176868.0,2024.0,,0.0,RES/SINGLE FAMILY/SUBDIVISION,A1A00A,1001.0,SINGLE FAMILY RESIDENTIAL,RD 7 (SDSP,0.0,,2526.0,,2526.0,2,,3.0,,,,,20240529.0,647500.0,UNINCORPORATED COUNTY,617700310729621503,Tier 2: Zero Improvement,occupied_structure_missing_improvement_data
06723900140000,067-2390-014-0000,11981 ROQUEFORT WAY,RANCHO CORDOVA,CA,95742.0,38.556655,-121.231189,RICHMOND AMERICAN HOMES OF MARYLAND INC,,ROSEVILLE,CA,95661.0,166464.0,,166464.0,2024.0,,0.0,RES/SINGLE FAMILY/SUBDIVISION,A1A00A,1001.0,SINGLE FAMILY RESIDENTIAL,RD 7 (SDSP,0.0,,2371.0,,2371.0,2,,3.0,,,,,20240530.0,656000.0,UNINCORPORATED COUNTY,617700310721757183,Tier 2: Zero Improvement,occupied_structure_missing_improvement_data
06723900040000,067-2390-004-0000,11980 ROQUEFORT WAY,RANCHO CORDOVA,CA,95742.0,38.556451,-121.230814,RICHMOND AMERICAN HOMES OF MARYLAND INC,,ROSEVILLE,CA,95661.0,166464.0,,166464.0,2024.0,,0.0,RES/SINGLE FAMILY/SUBDIVISION,A1A00A,1001.0,SINGLE FAMILY RESIDENTIAL,RD 7 (SDSP,0.0,,1392.0,,1392.0,1,,2.0,,,,,20240809.0,618000.0,UNINCORPORATED COUNTY,617700310721495039,Tier 2: Zero Improvement,occupied_structure_missing_improvement_data
06724301010000,067-2430-101-0000,4108 VALANCE CT,RANCHO CORDOVA,CA,95742.0,38.55438,-121.233711,PULTE HOME COMPANY LLC,,PLEASANTON,CA,94588.0,176868.0,,176868.0,2024.0,,0.0,RES/SINGLE FAMILY/SUBDIVISION,A1A00A,1001.0,SINGLE FAMILY RESIDENTIAL,RD 7 (SDSP,0.0,,2786.0,,2786.0,2,,3.0,2.0,,,,20241108.0,652500.0,UNINCORPORATED COUNTY,617700310729621503,Tier 2: Zero Improvement,occupied_structure_missing_improvement_data
06724301000000,067-2430-100-0000,4104 VALANCE WAY,RANCHO CORDOVA,CA,95742.0,38.554531,-121.233712,PULTE HOME COMPANY LLC,,PLEASANTON,CA,94588.0,176868.0,,176868.0,2024.0,,0.0,RES/SINGLE FAMILY/SUBDIVISION,A1A00A,1001.0,SINGLE FAMILY RESIDENTIAL,RD 7 (SDSP,0.0,,2786.0,,2786.0,2,,3.0,,,,,20240529.0,666000.0,UNINCORPORATED COUNTY,617700310729621503,Tier 2: Zero Improvement,occupied_structure_missing_improvement_data
06724301020000,067-2430-102-0000,4112 VALANCE CT,RANCHO CORDOVA,CA,95742.0,38.554228,-121.23371,PULTE HOME COMPANY LLC,,PLEASANTON,CA,94588.0,176868.0,,176868.0,2024.0,,0.0,RES/SINGLE FAMILY/SUBDIVISION,A1A00A,1001.0,SINGLE FAMILY RESIDENTIAL,RD 7 (SDSP,0.0,,2973.0,,2973.0,2,,5.0,,,,,,,UNINCORPORATED COUNTY,617700310729621503,Tier 2: Zero Improvement,occupied_structure_missing_improvement_data
06724500350000,067-2450-035-0000,4087 CAMBERY DR,RANCHO CORDOVA,CA,95742.0,38.555129,-121.226043,PULTE HOME COMPANY LLC,,PLEASANTON,CA,94588.0,191100.0,,191100.0,2024.0,,0.0,RES/SINGLE FAMILY/SUBDIVISION,A1A00A,1001.0,SINGLE FAMILY RESIDENTIAL,RD 5 (SDSP,0.0,,3176.0,2023.0,3176.0,2,,5.0,,,,,20240719.0,855000.0,UNINCORPORATED COUNTY,617700310718611455,Tier 2: Zero Improvement,occupied_structure_missing_improvement_data
06724500330000,067-2450-033-0000,12032 ALERIA CIR,RANCHO CORDOVA,CA,95742.0,38.555337,-121.225772,PULTE HOME COMPANY LLC,,PLEASANTON,CA,94588.0,234090.0,,234090.0,2024.0,,0.0,RES/SINGLE FAMILY/SUBDIVISION,A1A00A,1001.0,SINGLE FAMILY RESIDENTIAL,RD 5 (SDSP,0.0,,3370.0,,3370.0,2,,6.0,,,,,20240617.0,1071500.0,UNINCORPORATED COUNTY,617700310718611455,Tier 2: Zero Improvement,occupied_structure_missing_improvement_data
06725200100000,067-2520-010-0000,12112 SOLIS WAY,RANCHO CORDOVA,CA,95742.0,38.552093,-121.223312,CRESLEIGH HOMES CORPORATION,,SAN FRANCISCO,CA,94104.0,105493.0,,105493.0,2024.0,,0.0,RES/SINGLE FAMILY/SUBDIVISION,A1A00A,1001.0,SINGLE FAMILY RESIDENTIAL,POS (S,0.0,,2293.0,2023.0,2293.0,1,,3.0,,,,,20240719.0,681000.0,UNINCORPORATED COUNTY,617700310718349311,Tier 2: Zero Improvement,occupied_structure_missing_improvement_data
06709300460000,067-0930-046-0000,DOUGLAS RD,RANCHO CORDOVA,CA,95742.0,38.559121,-121.218572,RANCHO CORDOVA RECREATION PARK DIST,,RANCHO CORDOVA,CA,95670.0,,,,2024.0,,0.0,"MISC, UNUSABLE-SMALL",MSMALA,8009.0,"WASTE LAND, MARSH, SWAMP, SUBMERGED-VACANT LAND",RD 7 (SDSP,15366.0,SF,,,,,,,,,,,20141016.0,,UNINCORPORATED COUNTY,617700310725689343,Tier 2: Zero Improvement,public_park_or_recreation_agency
06708300830000,067-0830-083-0000,DOUGLAS RD,RANCHO CORDOVA,CA,95742.0,38.55913,-121.2127,RANCHO CORDOVA RECREATION PARK DIST,,RANCHO CORDOVA,CA,95670.0,,,,2024.0,,0.0,"MISC, UNUSABLE-SMALL",MSMALA,8009.0,"WASTE LAND, MARSH, SWAMP, SUBMERGED-VACANT LAND",RD 5 (SDSP,29583.0,SF,,,,,,,,,,,20141016.0,,UNINCORPORATED COUNTY,617700310723330047,Tier 2: Zero Improvement,public_park_or_recreation_agency
06708300810000,067-0830-081-0000,KATAHDIN DR,RANCHO CORDOVA,CA,95742.0,38.558944,-121.210597,RANCHO CORDOVA RECREATION PARK DIST,,RANCHO CORDOVA,CA,95670.0,,,,2024.0,,0.0,"MISC, UNUSABLE-SMALL",MSMALA,8009.0,"WASTE LAND, MARSH, SWAMP, SUBMERGED-VACANT LAND",RD 5 (SDSP,1608.0,SF,,,,,,,,,,,20141016.0,,UNINCORPORATED COUNTY,617700310723330047,Tier 2: Zero Improvement,public_park_or_recreation_agency
06708500810000,067-0850-081-0000,12402 DOUGLAS RD,RANCHO CORDOVA,CA,95742.0,38.559133,-121.208126,RANCHO CORDOVA RECREATION & PARK DISTRICT,,RANCHO CORDOVA,CA,95670.0,,,,2024.0,,0.0,"MISC, UNUSABLE-SMALL",MSMALA,8009.0,"WASTE LAND, MARSH, SWAMP, SUBMERGED-VACANT LAND",RD 4 (SDSP,23465.0,SF,,,,,,,,,,,20150625.0,,UNINCORPORATED COUNTY,617700310042017791,Tier 2: Zero Improvement,public_park_or_recreation_agency
06708500570000,067-0850-057-0000,KATAHDIN DR,RANCHO CORDOVA,CA,95742.0,38.558942,-121.210353,RANCHO CORDOVA RECREATION PARK DIST,,RANCHO CORDOVA,CA,95670.0,,,,2024.0,,0.0,"MISC, UNUSABLE-SMALL",MSMALA,8009.0,"WASTE LAND, MARSH, SWAMP, SUBMERGED-VACANT LAND",RD 4 (SDSP,1632.0,SF,,,,,,,,,,,20141016.0,,UNINCORPORATED COUNTY,617700310723330047,Tier 2: Zero Improvement,public_park_or_recreation_agency
06708500580000,067-0850-058-0000,KATAHDIN DR,RANCHO CORDOVA,CA,95742.0,38.557985,-121.210368,RANCHO CORDOVA RECREATION PARK DIST,,RANCHO CORDOVA,CA,95670.0,,,,2024.0,,0.0,"MISC, UNUSABLE-SMALL",MSMALA,8009.0,"WASTE LAND, MARSH, SWAMP, SUBMERGED-VACANT LAND",RD 4 (SDSP,6986.0,SF,,,,,,,,,,,20141016.0,,UNINCORPORATED COUNTY,617700310723330047,Tier 2: Zero Improvement,public_park_or_recreation_agency
06708300820000,067-0830-082-0000,CANYONLANDS DR,RANCHO CORDOVA,CA,95742.0,38.558001,-121.210588,RANCHO CORDOVA RECREATION PARK DIST,,RANCHO CORDOVA,CA,95670.0,,,,2024.0,,0.0,"MISC, UNUSABLE-SMALL",MSMALA,8009.0,"WASTE LAND, MARSH, SWAMP, SUBMERGED-VACANT LAND",RD 5 (SDSP,6830.0,SF,,,,,,,,,,,20141016.0,,UNINCORPORATED COUNTY,617700310723330047,Tier 2: Zero Improvement,public_park_or_recreation_agency
06708500820000,067-0850-082-0000,DOUGLAS RD,RANCHO CORDOVA,CA,95742.0,38.559139,-121.205986,RANCHO CORDOVA RECREATION & PARK DISTRICT,,RANCHO CORDOVA,CA,95670.0,,,,2024.0,,0.0,"MISC, UNUSABLE-SMALL",MSMALA,8009.0,"WASTE LAND, MARSH, SWAMP, SUBMERGED-VACANT LAND",RD 5 (SDSP,2599.0,SF,,,,,,,,,,,20150625.0,,UNINCORPORATED COUNTY,617700310039134207,Tier 2: Zero Improvement,public_park_or_recreation_agency
06725200610000,067-2520-061-0000,12147 BRILLIANT WAY,RANCHO CORDOVA,CA,95742.0,38.553205,-121.22166,CRESLEIGH HOMES CORPORATION,,SAN FRANCISCO,CA,94104.0,105493.0,,105493.0,2024.0,,0.0,RES/SINGLE FAMILY/SUBDIVISION,A1A00A,1001.0,SINGLE FAMILY RESIDENTIAL,POS (S,0.0,,1932.0,2023.0,1932.0,2,,4.0,,,,,20240801.0,694000.0,UNINCORPORATED COUNTY,617700310718349311,Tier 2: Zero Improvement,occupied_structure_missing_improvement_data
06712000530000,067-1200-053-0000,4099 ARJUNA WAY,RANCHO CORDOVA,CA,95742.0,38.554418,-121.220178,CRESLEIGH HOMES CORPORATION,,SAN FRANCISCO,CA,94104.0,9.0,,9.0,2024.0,,0.0,RES/SINGLE FAMILY/SUBDIVISION,A1A00A,1001.0,SINGLE FAMILY RESIDENTIAL,RD 7 (SDSP,13827.0,SF,2692.0,2022.0,2692.0,2,,4.0,,,,,20230727.0,610000.0,UNINCORPORATED COUNTY,617700310718873599,Tier 2: Zero Improvement,occupied_structure_missing_improvement_data
06725100040000,067-2510-004-0000,12375 WHEAT RIDGE DR,RANCHO CORDOVA,CA,95742.0,38.551755,-121.213975,K HOVNANIAN AT JAEGER RANCH LLC,,ROSEVILLE,CA,95661.0,108398.0,,108398.0,2024.0,,0.0,RES/SINGLE FAMILY/SUBDIVISION,A1A00A,1001.0,SINGLE FAMILY RESIDENTIAL,RANCH,0.0,,2095.0,,2095.0,1,,3.0,,,,,20240717.0,682000.0,UNINCORPORATED COUNTY,617700310731718655,Tier 2: Zero Improvement,occupied_structure_missing_improvement_data
06725100060000,067-2510-006-0000,12383 WHEAT RIDGE DR,RANCHO CORDOVA,CA,95742.0,38.551789,-121.213548,K HOVNANIAN AT JAEGER RANCH LLC,,ROSEVILLE,CA,95661.0,108398.0,,108398.0,2024.0,,0.0,RES/SINGLE FAMILY/SUBDIVISION,A1A00A,1001.0,SINGLE FAMILY RESIDENTIAL,RANCH,0.0,,2080.0,,2080.0,1,,4.0,,,,,20240726.0,690000.0,UNINCORPORATED COUNTY,617700310731718655,Tier 2: Zero Improvement,occupied_structure_missing_improvement_data
06725100050000,067-2510-005-0000,12379 WHEAT RIDGE DR,RANCHO CORDOVA,CA,95742.0,38.551777,-121.213758,K HOVNANIAN AT JAEGER RANCH LLC,,ROSEVILLE,CA,95661.0,108398.0,,108398.0,2024.0,,0.0,RES/SINGLE FAMILY/SUBDIVISION,A1A00A,1001.0,SINGLE FAMILY RESIDENTIAL,RANCH,0.0,,2752.0,,2752.0,2,,4.0,,,,,20240725.0,720000.0,UNINCORPORATED COUNTY,617700310731718655,Tier 2: Zero Improvement,occupied_structure_missing_improvement_data
06725100070000,067-2510-007-0000,12387 WHEAT RIDGE DR,RANCHO CORDOVA,CA,95742.0,38.551783,-121.213351,K HOVNANIAN AT JAEGER RANCH LLC,,ROSEVILLE,CA,95661.0,108398.0,,108398.0,2024.0,,0.0,RES/SINGLE FAMILY/SUBDIVISION,A1A00A,1001.0,SINGLE FAMILY RESIDENTIAL,RANCH,0.0,,2095.0,,2095.0,1,,3.0,,,,,20240927.0,655000.0,UNINCORPORATED COUNTY,617700310723592191,Tier 2: Zero Improvement,occupied_structure_missing_improvement_data
06707800150000,067-0780-015-0000,POOPENAUT CT,RANCHO CORDOVA,CA,95742.0,38.552915,-121.206368,SACTO VLY CONSERVANCY,,SACRAMENTO,CA,95816.0,125.0,,125.0,2024.0,20061026.0,0.0,RES/SINGLE FAMILY/SUBDIVISION,A1A00A,1001.0,SINGLE FAMILY RESIDENTIAL,LC (SDSP),6.3499999,AC,1667.0,2013.0,1667.0,1,,2.0,,,,,,,UNINCORPORATED COUNTY,617700310724116479,Tier 2: Zero Improvement,occupied_structure_missing_improvement_data
07229100840000,072-2910-084-0000,3681 EDINGTON DR,RANCHO CORDOVA,CA,95742.0,38.566008,-121.198697,SACTO COUNTY WATER AGCY,,SACRAMENTO,CA,95814.0,,,,2024.0,20060412.0,0.0,RES/SINGLE FAMILY/SUBDIVISION,A1A00P,1001.0,SINGLE FAMILY RESIDENTIAL,RD 7,2.79,AC,3141.0,2018.0,3141.0,2.0,,5.0,,,,,,,UNINCORPORATED COUNTY,617700310030483455,Tier 2: Zero Improvement,occupied_structure_missing_improvement_data
06711600010000,067-1160-001-0000,12658 QUANTUM WAY,RANCHO CORDOVA,CA,95742.0,38.55431,-121.197704,LENNAR HOMES OF CALIFORNIA LLC,,ROSEVILLE,CA,95678.0,115517.0,,115517.0,2024.0,,0.0,RES/SINGLE FAMILY/SUBDIVISION,A1A00A,1001.0,SINGLE FAMILY RESIDENTIAL,RD 10 (SDS,7007.0,SF,2617.0,2023.0,2617.0,2.0,,5.0,,,,,20240830.0,650000.0,UNINCORPORATED COUNTY,617700310540353535,Tier 2: Zero Improvement,occupied_structure_missing_improvement_data
07240300350000,072-4030-035-0000,4633 DEWEY OAK DR,FOLSOM,CA,95630.0,38.640739,-121.104432,LENNAR HOMES OF CALIFORNIA LLC,,ROSEVILLE,CA,95678.0,370721.0,,370721.0,2024.0,,0.0,RES/SINGLE FAMILY/SUBDIVISION,A1A00A,1001.0,SINGLE FAMILY RESIDENTIAL,SP-SF (PD),0.0,,3460.0,,3460.0,1,,4.0,,,,,20240905.0,1454000.0,UNINCORPORATED COUNTY,617700277415837695,Tier 2: Zero Improvement,occupied_structure_missing_improvement_data
07240300340000,072-4030-034-0000,4637 DEWEY OAK DR,FOLSOM,CA,95630.0,38.640592,-121.104247,LENNAR HOMES OF CALIFORNIA LLC,,ROSEVILLE,CA,95678.0,370721.0,,370721.0,2024.0,,0.0,RES/SINGLE FAMILY/SUBDIVISION,A1A00A,1001.0,SINGLE FAMILY RESIDENTIAL,SP-SF (PD),0.0,,4209.0,,4209.0,2,,5.0,,,,,20240912.0,1646000.0,UNINCORPORATED COUNTY,617700277415837695,Tier 2: Zero Improvement,occupied_structure_missing_improvement_data
07240300320000,072-4030-032-0000,4645 DEWEY OAK DR,FOLSOM,CA,95630.0,38.640325,-121.103852,LENNAR HOMES OF CALIFORNIA LLC,,ROSEVILLE,CA,95678.0,370721.0,,370721.0,2024.0,,0.0,RES/SINGLE FAMILY/SUBDIVISION,A1A00A,1001.0,SINGLE FAMILY RESIDENTIAL,SP-SF (PD),0.0,,3460.0,,3460.0,1,,4.0,3.0,,,,20241003.0,1505500.0,UNINCORPORATED COUNTY,617700277415837695,Tier 2: Zero Improvement,occupied_structure_missing_improvement_data
07240300330000,072-4030-033-0000,4641 DEWEY OAK DR,FOLSOM,CA,95630.0,38.640459,-121.104052,LENNAR HOMES OF CALIFORNIA LLC,,ROSEVILLE,CA,95678.0,370721.0,,370721.0,2024.0,,0.0,RES/SINGLE FAMILY/SUBDIVISION,A1A00A,1001.0,SINGLE FAMILY RESIDENTIAL,SP-SF (PD),0.0,,4032.0,,4032.0,2,,5.0,,,,,20240920.0,1655500.0,UNINCORPORATED COUNTY,617700277415837695,Tier 2: Zero Improvement,occupied_structure_missing_improvement_data
07238600490000,072-3860-049-0000,4428 TUCKER DR,FOLSOM,CA,95630.0,38.635748,-121.112277,LENNAR HOMES OF CALIFORNIA INC,,ROSEVILLE,CA,95678.0,148566.0,,148566.0,2024.0,,0.0,RES/SINGLE FAMILY/SUBDIVISION,A1A00A,1001.0,SINGLE FAMILY RESIDENTIAL,SP-MLD (PD,0.0,,1828.0,2023.0,1828.0,2,,3.0,2.0,,,,20241003.0,629000.0,UNINCORPORATED COUNTY,617700277426061311,Tier 2: Zero Improvement,occupied_structure_missing_improvement_data
07241200530000,072-4120-053-0000,4708 SNAPDRAGON WAY,FOLSOM,CA,95630.0,38.636373,-121.102631,BEAZER HOMES HOLDINGS LLC,,ROSEVILLE,CA,95661.0,245210.0,,245210.0,2024.0,,0.0,RES/SINGLE FAMILY/SUBDIVISION,A1A00A,1001.0,SINGLE FAMILY RESIDENTIAL,SP-SFHD (P,0.0,,2458.0,,2458.0,2,,3.0,,,,,20240718.0,893500.0,UNINCORPORATED COUNTY,617700277416624127,Tier 2: Zero Improvement,occupied_structure_missing_improvement_data
07241200520000,072-4120-052-0000,3273 BITTERROOT WAY,FOLSOM,CA,95630.0,38.636239,-121.102434,BEAZER HOMES HOLDINGS LLC,,ROSEVILLE,CA,95661.0,245125.0,,245125.0,2024.0,,0.0,RES/SINGLE FAMILY/SUBDIVISION,A1A00A,1001.0,SINGLE FAMILY RESIDENTIAL,SP-SFHD (P,0.0,,2146.0,,2146.0,2,,3.0,,,,,20240927.0,740000.0,UNINCORPORATED COUNTY,617700277416624127,Tier 2: Zero Improvement,occupied_structure_missing_improvement_data
07241200510000,072-4120-051-0000,3277 BITTERROOT WAY,FOLSOM,CA,95630.0,38.636114,-121.102614,BEAZER HOMES HOLDINGS LLC,,ROSEVILLE,CA,95661.0,245125.0,,245125.0,2024.0,,0.0,RES/SINGLE FAMILY/SUBDIVISION,A1A00A,1001.0,SINGLE FAMILY RESIDENTIAL,SP-SFHD (P,0.0,,1864.0,,1864.0,2,,3.0,,,,,20240731.0,775000.0,UNINCORPORATED COUNTY,617700277416624127,Tier 2: Zero Improvement,occupied_structure_missing_improvement_data
07241200490000,072-4120-049-0000,3280 BITTERROOT WAY,FOLSOM,CA,95630.0,38.635658,-121.102378,BEAZER HOMES HOLDINGS LLC,,ROSEVILLE,CA,95661.0,245125.0,,245125.0,2024.0,,0.0,RES/SINGLE FAMILY/SUBDIVISION,A1A00A,1001.0,SINGLE FAMILY RESIDENTIAL,SP-SFHD (P,0.0,,2458.0,,2458.0,2,,3.0,,,,,20240828.0,827000.0,UNINCORPORATED COUNTY,617700277416624127,Tier 2: Zero Improvement,occupied_structure_missing_improvement_data
07241200480000,072-4120-048-0000,3276 BITTERROOT WAY,FOLSOM,CA,95630.0,38.635818,-121.102333,BEAZER HOMES HOLDINGS LLC,,ROSEVILLE,CA,95661.0,245125.0,,245125.0,2024.0,,0.0,RES/SINGLE FAMILY/SUBDIVISION,A1A00A,1001.0,SINGLE FAMILY RESIDENTIAL,SP-SFHD (P,0.0,,2146.0,,2146.0,2,,3.0,3.0,,,,20241025.0,755000.0,UNINCORPORATED COUNTY,617700277416624127,Tier 2: Zero Improvement,occupied_structure_missing_improvement_data
07241200500000,072-4120-050-0000,3284 BITTERROOT WAY,FOLSOM,CA,95630.0,38.635519,-121.102492,BEAZER HOMES HOLDINGS LLC,,ROSEVILLE,CA,95661.0,245125.0,,245125.0,2024.0,,0.0,RES/SINGLE FAMILY/SUBDIVISION,A1A00A,1001.0,SINGLE FAMILY RESIDENTIAL,SP-SFHD (P,0.0,,2146.0,,2146.0,2,,3.0,,,,,20240829.0,791000.0,UNINCORPORATED COUNTY,617700277416624127,Tier 2: Zero Improvement,occupied_structure_missing_improvement_data
07241200380000,072-4120-038-0000,3288 BITTERROOT WAY,FOLSOM,CA,95630.0,38.635341,-121.10253,BEAZER HOMES HOLDINGS LLC,,ROSEVILLE,CA,95661.0,245125.0,,245125.0,2024.0,,0.0,RES/SINGLE FAMILY/SUBDIVISION,A1A00A,1001.0,SINGLE FAMILY RESIDENTIAL,SP-SFHD (P,0.0,,1864.0,,1864.0,2,,3.0,,,,,20240927.0,695000.0,UNINCORPORATED COUNTY,617700277416624127,Tier 2: Zero Improvement,occupied_structure_missing_improvement_data
07241200170000,072-4120-017-0000,4618 SNAPDRAGON WAY,FOLSOM,CA,95630.0,38.634846,-121.103666,BEAZER HOMES HOLDINGS LLC,,ROSEVILLE,CA,95661.0,245125.0,,245125.0,2024.0,,0.0,RES/SINGLE FAMILY/SUBDIVISION,A1A00A,1001.0,SINGLE FAMILY RESIDENTIAL,SP-SFHD (P,0.0,,2146.0,2023.0,2146.0,2,,3.0,,,,,20240809.0,820000.0,UNINCORPORATED COUNTY,617700277424750591,Tier 2: Zero Improvement,occupied_structure_missing_improvement_data
07241200160000,072-4120-016-0000,4601 SNAPDRAGON WAY,FOLSOM,CA,95630.0,38.63449,-121.104598,BEAZER HOMES HOLDINGS LLC,,ROSEVILLE,CA,95661.0,245125.0,,245125.0,2024.0,,0.0,RES/SINGLE FAMILY/SUBDIVISION,A1A00A,1001.0,SINGLE FAMILY RESIDENTIAL,SP-SFHD (P,0.0,,2458.0,,2458.0,2,,4.0,,,,,,,UNINCORPORATED COUNTY,617700277424750591,Tier 2: Zero Improvement,occupied_structure_missing_improvement_data
07241200150000,072-4120-015-0000,4605 SNAPDRAGON WAY,FOLSOM,CA,95630.0,38.634475,-121.104376,BEAZER HOMES HOLDINGS LLC,,ROSEVILLE,CA,95661.0,245125.0,,245125.0,2024.0,,0.0,RES/SINGLE FAMILY/SUBDIVISION,A1A00A,1001.0,SINGLE FAMILY RESIDENTIAL,SP-SFHD (P,0.0,,2146.0,,2146.0,2,,3.0,,,,,,,UNINCORPORATED COUNTY,617700277424750591,Tier 2: Zero Improvement,occupied_structure_missing_improvement_data
07241200140000,072-4120-014-0000,4609 SNAPDRAGON WAY,FOLSOM,CA,95630.0,38.634476,-121.104184,BEAZER HOMES HOLDINGS LLC,,ROSEVILLE,CA,95661.0,245125.0,,245125.0,2024.0,,0.0,RES/SINGLE FAMILY/SUBDIVISION,A1A00A,1001.0,SINGLE FAMILY RESIDENTIAL,SP-SFHD (P,0.0,,1864.0,,1864.0,2,,3.0,,,,,,,UNINCORPORATED COUNTY,617700277424750591,Tier 2: Zero Improvement,occupied_structure_missing_improvement_data
07241200130000,072-4120-013-0000,4613 SNAPDRAGON WAY,FOLSOM,CA,95630.0,38.634477,-121.103991,BEAZER HOMES HOLDINGS LLC,,ROSEVILLE,CA,95661.0,245125.0,,245125.0,2024.0,,0.0,RES/SINGLE FAMILY/SUBDIVISION,A1A00A,1001.0,SINGLE FAMILY RESIDENTIAL,SP-SFHD (P,0.0,,2458.0,,2458.0,2,,4.0,,,,,,,UNINCORPORATED COUNTY,617700277424750591,Tier 2: Zero Improvement,occupied_structure_missing_improvement_data
07241200120000,072-4120-012-0000,4617 SNAPDRAGON WAY,FOLSOM,CA,95630.0,38.634478,-121.103798,BEAZER HOMES HOLDINGS LLC,,ROSEVILLE,CA,95661.0,245125.0,,245125.0,2024.0,,0.0,RES/SINGLE FAMILY/SUBDIVISION,A1A00A,1001.0,SINGLE FAMILY RESIDENTIAL,SP-SFHD (P,0.0,,1864.0,,1864.0,2,,3.0,,,,,,,UNINCORPORATED COUNTY,617700277424750591,Tier 2: Zero Improvement,occupied_structure_missing_improvement_data
07241200190000,072-4120-019-0000,3291 PERSIMMON WAY,FOLSOM,CA,95630.0,38.635007,-121.103397,BEAZER HOMES HOLDINGS LLC,,ROSEVILLE,CA,95661.0,245125.0,,245125.0,2024.0,,0.0,RES/SINGLE FAMILY/SUBDIVISION,A1A00A,1001.0,SINGLE FAMILY RESIDENTIAL,SP-SFHD (P,0.0,,2458.0,,2458.0,2,,4.0,,,,,,,UNINCORPORATED COUNTY,617700277424750591,Tier 2: Zero Improvement,occupied_structure_missing_improvement_data
07241200370000,072-4120-037-0000,4635 DANDELION WAY,FOLSOM,CA,95630.0,38.635015,-121.10299,BEAZER HOMES HOLDINGS LLC,,ROSEVILLE,CA,95661.0,245125.0,,245125.0,2024.0,,0.0,RES/SINGLE FAMILY/SUBDIVISION,A1A00A,1001.0,SINGLE FAMILY RESIDENTIAL,SP-SFHD (P,0.0,,2146.0,,2146.0,2,,3.0,,,,,,,UNINCORPORATED COUNTY,617700277424750591,Tier 2: Zero Improvement,occupied_structure_missing_improvement_data
07241200360000,072-4120-036-0000,4639 DANDELION WAY,FOLSOM,CA,95630.0,38.635018,-121.102782,BEAZER HOMES HOLDINGS LLC,,ROSEVILLE,CA,95661.0,245125.0,,245125.0,2024.0,,0.0,RES/SINGLE FAMILY/SUBDIVISION,A1A00A,1001.0,SINGLE FAMILY RESIDENTIAL,SP-SFHD (P,0.0,,1864.0,,1864.0,2,,3.0,,,,,,,UNINCORPORATED COUNTY,617700277424750591,Tier 2: Zero Improvement,occupied_structure_missing_improvement_data
07241200350000,072-4120-035-0000,4643 DANDELION WAY,FOLSOM,CA,95630.0,38.635019,-121.102589,BEAZER HOMES HOLDINGS LLC,,ROSEVILLE,CA,95661.0,245125.0,,245125.0,2024.0,,0.0,RES/SINGLE FAMILY/SUBDIVISION,A1A00A,1001.0,SINGLE FAMILY RESIDENTIAL,SP-SFHD (P,0.0,,2146.0,,2146.0,2,,3.0,,,,,,,UNINCORPORATED COUNTY,617700277416624127,Tier 2: Zero Improvement,occupied_structure_missing_improvement_data
07241200340000,072-4120-034-0000,4647 DANDELION WAY,FOLSOM,CA,95630.0,38.63502,-121.102397,BEAZER HOMES HOLDINGS LLC,,ROSEVILLE,CA,95661.0,245125.0,,245125.0,2024.0,,0.0,RES/SINGLE FAMILY/SUBDIVISION,A1A00A,1001.0,SINGLE FAMILY RESIDENTIAL,SP-SFHD (P,0.0,,2458.0,,2458.0,2,,3.0,,,,,,,UNINCORPORATED COUNTY,617700277416624127,Tier 2: Zero Improvement,occupied_structure_missing_improvement_data
07241200180000,072-4120-018-0000,3295 PERSIMMON WAY,FOLSOM,CA,95630.0,38.6348,-121.103407,BEAZER HOMES HOLDINGS LLC,,ROSEVILLE,CA,95661.0,245125.0,,245125.0,2024.0,,0.0,RES/SINGLE FAMILY/SUBDIVISION,A1A00A,1001.0,SINGLE FAMILY RESIDENTIAL,SP-SFHD (P,0.0,,1864.0,,1864.0,2,,3.0,,,,,20240807.0,741000.0,UNINCORPORATED COUNTY,617700277424750591,Tier 2: Zero Improvement,occupied_structure_missing_improvement_data
07241200470000,072-4120-047-0000,4696 SNAPDRAGON WAY,FOLSOM,CA,95630.0,38.635983,-121.102198,BEAZER HOMES HOLDINGS LLC,,ROSEVILLE,CA,95661.0,245125.0,,245125.0,2024.0,,0.0,RES/SINGLE FAMILY/SUBDIVISION,A1A00A,1001.0,SINGLE FAMILY RESIDENTIAL,SP-SFHD (P,0.0,,1864.0,,1864.0,2,,3.0,,,,,20240711.0,711000.0,UNINCORPORATED COUNTY,617700277416624127,Tier 2: Zero Improvement,occupied_structure_missing_improvement_data
07241200400000,072-4120-040-0000,4654 DANDELION WAY,FOLSOM,CA,95630.0,38.635396,-121.102087,BEAZER HOMES HOLDINGS LLC,,ROSEVILLE,CA,95661.0,245125.0,,245125.0,2024.0,,0.0,RES/SINGLE FAMILY/SUBDIVISION,A1A00A,1001.0,SINGLE FAMILY RESIDENTIAL,SP-SFHD (P,0.0,,2146.0,,2146.0,2,,3.0,,,,,20240621.0,766000.0,UNINCORPORATED COUNTY,617700277416624127,Tier 2: Zero Improvement,occupied_structure_missing_improvement_data
07241200390000,072-4120-039-0000,4650 DANDELION WAY,FOLSOM,CA,95630.0,38.63539,-121.102277,BEAZER HOMES HOLDINGS LLC,,ROSEVILLE,CA,95661.0,245125.0,,245125.0,2024.0,,0.0,RES/SINGLE FAMILY/SUBDIVISION,A1A00A,1001.0,SINGLE FAMILY RESIDENTIAL,SP-SFHD (P,0.0,,2458.0,,2458.0,2,,3.0,,,,,20240605.0,815000.0,UNINCORPORATED COUNTY,617700277416624127,Tier 2: Zero Improvement,occupied_structure_missing_improvement_data
07241200440000,072-4120-044-0000,4684 SNAPDRAGON WAY,FOLSOM,CA,95630.0,38.635601,-121.101865,BEAZER HOMES HOLDINGS LLC,,ROSEVILLE,CA,95661.0,245125.0,,245125.0,2024.0,,0.0,RES/SINGLE FAMILY/SUBDIVISION,A1A00A,1001.0,SINGLE FAMILY RESIDENTIAL,SP-SFHD (P,0.0,,2458.0,,2458.0,2,,3.0,,,,,20240627.0,902000.0,UNINCORPORATED COUNTY,617700277416624127,Tier 2: Zero Improvement,occupied_structure_missing_improvement_data
07241200430000,072-4120-043-0000,4680 SNAPDRAGON WAY,FOLSOM,CA,95630.0,38.6355,-121.10171,BEAZER HOMES HOLDINGS LLC,,ROSEVILLE,CA,95661.0,245125.0,,245125.0,2024.0,,0.0,RES/SINGLE FAMILY/SUBDIVISION,A1A00A,1001.0,SINGLE FAMILY RESIDENTIAL,SP-SFHD (P,0.0,,2146.0,,2146.0,2,,3.0,,,,,20240620.0,763000.0,UNINCORPORATED COUNTY,617700277416624127,Tier 2: Zero Improvement,occupied_structure_missing_improvement_data
07241200460000,072-4120-046-0000,4692 SNAPDRAGON WAY,FOLSOM,CA,95630.0,38.635855,-121.102068,BEAZER HOMES HOLDINGS LLC,,ROSEVILLE,CA,95661.0,245125.0,,245125.0,2024.0,,0.0,RES/SINGLE FAMILY/SUBDIVISION,A1A00A,1001.0,SINGLE FAMILY RESIDENTIAL,SP-SFHD (P,0.0,,2458.0,,2458.0,2,,3.0,,,,,20240628.0,804000.0,UNINCORPORATED COUNTY,617700277416624127,Tier 2: Zero Improvement,occupied_structure_missing_improvement_data
07241200450000,072-4120-045-0000,4688 SNAPDRAGON WAY,FOLSOM,CA,95630.0,38.6357,-121.102005,BEAZER HOMES HOLDINGS LLC,,ROSEVILLE,CA,95661.0,245125.0,,245125.0,2024.0,,0.0,RES/SINGLE FAMILY/SUBDIVISION,A1A00A,1001.0,SINGLE FAMILY RESIDENTIAL,SP-SFHD (P,0.0,,2146.0,,2146.0,2,,3.0,,,,,20240823.0,755500.0,UNINCORPORATED COUNTY,617700277416624127,Tier 2: Zero Improvement,occupied_structure_missing_improvement_data
07241200330000,072-4120-033-0000,4651 DANDELION WAY,FOLSOM,CA,95630.0,38.635021,-121.102204,BEAZER HOMES HOLDINGS LLC,,ROSEVILLE,CA,95661.0,245125.0,,245125.0,2024.0,,0.0,RES/SINGLE FAMILY/SUBDIVISION,A1A00A,1001.0,SINGLE FAMILY RESIDENTIAL,SP-SFHD (P,0.0,,1864.0,,1864.0,2,,3.0,,,,,,,UNINCORPORATED COUNTY,617700277416624127,Tier 2: Zero Improvement,occupied_structure_missing_improvement_data
07241200320000,072-4120-032-0000,4655 DANDELION WAY,FOLSOM,CA,95630.0,38.635023,-121.102012,FENG ARTHUR K & RICHARD & PATTY,,MARTINEZ,CA,94553.0,245125.0,,245125.0,2024.0,,0.0,RES/SINGLE FAMILY/SUBDIVISION,A1A00A,1001.0,SINGLE FAMILY RESIDENTIAL,SP-SFHD (P,0.0,,2458.0,,2458.0,2,,3.0,,,,,20240531.0,767000.0,UNINCORPORATED COUNTY,617700277416624127,Tier 2: Zero Improvement,occupied_structure_missing_improvement_data
07241200310000,072-4120-031-0000,4659 DANDELION WAY,FOLSOM,CA,95630.0,38.635024,-121.101819,BEAZER HOMES HOLDINGS LLC,,ROSEVILLE,CA,95661.0,245125.0,,245125.0,2024.0,,0.0,RES/SINGLE FAMILY/SUBDIVISION,A1A00A,1001.0,SINGLE FAMILY RESIDENTIAL,SP-SFHD (P,0.0,,2146.0,,2146.0,2,,3.0,,,,,20240523.0,726000.0,UNINCORPORATED COUNTY,617700277416624127,Tier 2: Zero Improvement,occupied_structure_missing_improvement_data
07242400270000,072-4240-027-0000,3236 PARKLAND CT,FOLSOM,CA,95630.0,38.636464,-121.087718,AG ESSENTIAL HOUSING CA 4 LP,,SCOTTSDALE,AZ,85255.0,114848.0,,114848.0,2024.0,,0.0,RES/SINGLE FAMILY/SUBDIVISION,A1A00A,1001.0,SINGLE FAMILY RESIDENTIAL,SP-SFHD (P,0.0,,3008.0,,3008.0,2.0,,5.0,3.0,,,,20241011.0,920000.0,UNINCORPORATED COUNTY,617700277401157631,Tier 2: Zero Improvement,occupied_structure_missing_improvement_data
07242400260000,072-4240-026-0000,3232 PARKLAND CT,FOLSOM,CA,95630.0,38.636582,-121.087862,AG ESSENTIAL HOUSING CA 4 LP,,SCOTTSDALE,AZ,85255.0,114848.0,,114848.0,2024.0,,0.0,RES/SINGLE FAMILY/SUBDIVISION,A1A00A,1001.0,SINGLE FAMILY RESIDENTIAL,SP-SFHD (P,0.0,,2421.0,,2421.0,1.0,,4.0,,,,,20240610.0,24297500.0,UNINCORPORATED COUNTY,617700277401157631,Tier 2: Zero Improvement,occupied_structure_missing_improvement_data
07242400280000,072-4240-028-0000,3240 PARKLAND CT,FOLSOM,CA,95630.0,38.636363,-121.087554,AG ESSENTIAL HOUSING CA 4 LP,,SCOTTSDALE,AZ,85255.0,114848.0,,114848.0,2024.0,,0.0,RES/SINGLE FAMILY/SUBDIVISION,A1A00A,1001.0,SINGLE FAMILY RESIDENTIAL,SP-SFHD (P,0.0,,2421.0,,2421.0,1.0,,4.0,,,,,20240610.0,24297500.0,UNINCORPORATED COUNTY,617700277401157631,Tier 2: Zero Improvement,occupied_structure_missing_improvement_data
07242300030000,072-4230-003-0000,5000 CONEFLOWER CT,FOLSOM,CA,95630.0,38.63676,-121.08656,AG ESSENTIAL HOUSING CA 4 LP,,SCOTTSDALE,AZ,85255.0,123885.0,,123885.0,2024.0,,0.0,RES/SINGLE FAMILY/SUBDIVISION,A1A00A,1001.0,SINGLE FAMILY RESIDENTIAL,SP-SFHD (P,0.0,,2693.0,,2693.0,2.0,,4.0,,,,,,,UNINCORPORATED COUNTY,617700277401157631,Tier 2: Zero Improvement,occupied_structure_missing_improvement_data
07242300050000,072-4230-005-0000,5008 CONEFLOWER CT,FOLSOM,CA,95630.0,38.636859,-121.086161,AG ESSENTIAL HOUSING CA 4 LP,,SCOTTSDALE,AZ,85255.0,123885.0,,123885.0,2024.0,,0.0,RES/SINGLE FAMILY/SUBDIVISION,A1A00A,1001.0,SINGLE FAMILY RESIDENTIAL,SP-SFHD (P,0.0,,2793.0,,2793.0,2.0,,5.0,4.0,,,,20241031.0,750000.0,UNINCORPORATED COUNTY,617700277401157631,Tier 2: Zero Improvement,occupied_structure_missing_improvement_data
07242300040000,072-4230-004-0000,5004 CONEFLOWER CT,FOLSOM,CA,95630.0,38.636866,-121.086382,AG ESSENTIAL HOUSING CA 4 LP,,SCOTTSDALE,AZ,85255.0,123885.0,,123885.0,2024.0,,0.0,RES/SINGLE FAMILY/SUBDIVISION,A1A00A,1001.0,SINGLE FAMILY RESIDENTIAL,SP-SFHD (P,0.0,,2309.0,,2309.0,2.0,,4.0,,,,,,,UNINCORPORATED COUNTY,617700277401157631,Tier 2: Zero Improvement,occupied_structure_missing_improvement_data
07242300060000,072-4230-006-0000,5012 CONEFLOWER CT,FOLSOM,CA,95630.0,38.636867,-121.085987,AG ESSENTIAL HOUSING CA 4 LP,,SCOTTSDALE,AZ,85255.0,123885.0,,123885.0,2024.0,,0.0,RES/SINGLE FAMILY/SUBDIVISION,A1A00A,1001.0,SINGLE FAMILY RESIDENTIAL,SP-SFHD (P,0.0,,2693.0,,2693.0,2.0,,4.0,,,,,20240930.0,710000.0,UNINCORPORATED COUNTY,617700277401157631,Tier 2: Zero Improvement,occupied_structure_missing_improvement_data
07242300020000,072-4230-002-0000,5009 CONEFLOWER CT,FOLSOM,CA,95630.0,38.636481,-121.086015,AG ESSENTIAL HOUSING CA 4 LP,,SCOTTSDALE,AZ,85255.0,160965.0,,160965.0,2024.0,,0.0,RES/SINGLE FAMILY/SUBDIVISION,A1A00A,1001.0,SINGLE FAMILY RESIDENTIAL,SP-SFHD (P,0.0,,2966.0,,2966.0,2.0,,5.0,,,,,20240925.0,875000.0,UNINCORPORATED COUNTY,617700277401157631,Tier 2: Zero Improvement,occupied_structure_missing_improvement_data
07242400080000,072-4240-008-0000,3237 PARKLAND CT,FOLSOM,CA,95630.0,38.636146,-121.088102,AG ESSENTIAL HOUSING CA 4 LP,,SCOTTSDALE,AZ,85255.0,151927.0,,151927.0,2024.0,,0.0,RES/SINGLE FAMILY/SUBDIVISION,A1A00A,1001.0,SINGLE FAMILY RESIDENTIAL,SP-SFHD (P,0.0,,2154.0,,2154.0,1.0,,4.0,2.0,,,,20241010.0,740000.0,UNINCORPORATED COUNTY,617700277401157631,Tier 2: Zero Improvement,occupied_structure_missing_improvement_data
07242400070000,072-4240-007-0000,3241 PARKLAND CT,FOLSOM,CA,95630.0,38.636041,-121.087944,AG ESSENTIAL HOUSING CA 4 LP,,SCOTTSDALE,AZ,85255.0,151927.0,,151927.0,2024.0,,0.0,RES/SINGLE FAMILY/SUBDIVISION,A1A00A,1001.0,SINGLE FAMILY RESIDENTIAL,SP-SFHD (P,0.0,,3131.0,,3131.0,2.0,,4.0,,,,,20240927.0,1003000.0,UNINCORPORATED COUNTY,617700277401157631,Tier 2: Zero Improvement,occupied_structure_missing_improvement_data
07242400060000,072-4240-006-0000,3245 PARKLAND CT,FOLSOM,CA,95630.0,38.635948,-121.087773,AG ESSENTIAL HOUSING CA 4 LP,,SCOTTSDALE,AZ,85255.0,151927.0,,151927.0,2024.0,,0.0,RES/SINGLE FAMILY/SUBDIVISION,A1A00A,1001.0,SINGLE FAMILY RESIDENTIAL,SP-OS2 (SP,0.0,,3028.0,,3028.0,2.0,,5.0,,,,,20240906.0,932000.0,UNINCORPORATED COUNTY,617700277401157631,Tier 2: Zero Improvement,occupied_structure_missing_improvement_data
07242400050000,072-4240-005-0000,3249 PARKLAND CT,FOLSOM,CA,95630.0,38.635868,-121.087592,AG ESSENTIAL HOUSING CA 4 LP,,SCOTTSDALE,AZ,85255.0,151927.0,,151927.0,2024.0,,0.0,RES/SINGLE FAMILY/SUBDIVISION,A1A00A,1001.0,SINGLE FAMILY RESIDENTIAL,SP-SFHD (P,0.0,,2421.0,,2421.0,1.0,,4.0,,,,,20240905.0,860000.0,UNINCORPORATED COUNTY,617700277401157631,Tier 2: Zero Improvement,occupied_structure_missing_improvement_data
07242300920000,072-4230-092-0000,3330 PLEASANT HILL WAY,FOLSOM,CA,95630.0,38.637014,-121.085379,LENNAR HOMES OF CALIFORNIA LLC,,ROSEVILLE,CA,95678.0,123885.0,,123885.0,2024.0,,0.0,RES/SINGLE FAMILY/SUBDIVISION,A1A00A,1001.0,SINGLE FAMILY RESIDENTIAL,SP-SFHD (P,0.0,,2309.0,,2309.0,2.0,,4.0,,,,,20240828.0,700000.0,UNINCORPORATED COUNTY,617700277401157631,Tier 2: Zero Improvement,occupied_structure_missing_improvement_data
07242300910000,072-4230-091-0000,3326 PLEASANT HILL WAY,FOLSOM,CA,95630.0,38.637165,-121.08538,LENNAR HOMES OF CALIFORNIA LLC,,ROSEVILLE,CA,95678.0,123885.0,,123885.0,2024.0,,0.0,RES/SINGLE FAMILY/SUBDIVISION,A1A00A,1001.0,SINGLE FAMILY RESIDENTIAL,SP-SFHD (P,0.0,,2463.0,,2463.0,2.0,,4.0,,,,,20240730.0,800000.0,UNINCORPORATED COUNTY,617700277401157631,Tier 2: Zero Improvement,occupied_structure_missing_improvement_data
07242300940000,072-4230-094-0000,3338 PLEASANT HILL WAY,FOLSOM,CA,95630.0,38.63674,-121.085372,LENNAR HOMES OF CALIFORNIA LLC,,ROSEVILLE,CA,95678.0,123885.0,,123885.0,2024.0,,0.0,RES/SINGLE FAMILY/SUBDIVISION,A1A00A,1001.0,SINGLE FAMILY RESIDENTIAL,SP-SFHD (P,0.0,,2793.0,,2793.0,2.0,,5.0,,,,,20240820.0,750000.0,UNINCORPORATED COUNTY,617700277401157631,Tier 2: Zero Improvement,occupied_structure_missing_improvement_data
07242300930000,072-4230-093-0000,3334 PLEASANT HILL WAY,FOLSOM,CA,95630.0,38.636877,-121.085376,LENNAR HOMES OF CALIFORNIA LLC,,ROSEVILLE,CA,95678.0,123885.0,,123885.0,2024.0,,0.0,RES/SINGLE FAMILY/SUBDIVISION,A1A00A,1001.0,SINGLE FAMILY RESIDENTIAL,SP-SFHD (P,0.0,,2693.0,,2693.0,2.0,,4.0,,,,,20240813.0,720000.0,UNINCORPORATED COUNTY,617700277401157631,Tier 2: Zero Improvement,occupied_structure_missing_improvement_data
07240100360000,072-4010-036-0000,4463 QUAKIE GLEN DR,FOLSOM,CA,95630.0,38.63347,-121.110748,TRI POINTE HOMES HOLDINGS INCORPORATED,,ROSEVILLE,CA,95678.0,180540.0,,180540.0,2024.0,,0.0,RES/SINGLE FAMILY/SUBDIVISION,A1A00A,1001.0,SINGLE FAMILY RESIDENTIAL,SP-SFHD (P,0.0,,2609.0,,2609.0,2.0,,4.0,,,,,20240911.0,760500.0,UNINCORPORATED COUNTY,617700277427109887,Tier 2: Zero Improvement,occupied_structure_missing_improvement_data
07240100350000,072-4010-035-0000,4467 QUAKIE GLEN DR,FOLSOM,CA,95630.0,38.633458,-121.110588,TRI POINTE HOMES HOLDINGS INCORPORATED,,ROSEVILLE,CA,95678.0,180540.0,,180540.0,2024.0,,0.0,RES/SINGLE FAMILY/SUBDIVISION,A1A00A,1001.0,SINGLE FAMILY RESIDENTIAL,SP-SFHD (P,0.0,,2271.0,,2271.0,2.0,,4.0,,,,,20240910.0,747000.0,UNINCORPORATED COUNTY,617700277427109887,Tier 2: Zero Improvement,occupied_structure_missing_improvement_data
07240100340000,072-4010-034-0000,3421 SHAKERS RIDGE WAY,FOLSOM,CA,95630.0,38.633518,-121.110358,TRI POINTE HOMES HOLDINGS INCORPORATED,,ROSEVILLE,CA,95678.0,180540.0,,180540.0,2024.0,,0.0,RES/SINGLE FAMILY/SUBDIVISION,A1A00A,1001.0,SINGLE FAMILY RESIDENTIAL,SP-SFHD (P,0.0,,2609.0,,2609.0,2.0,,4.0,,,,,20240828.0,804500.0,UNINCORPORATED COUNTY,617700277427109887,Tier 2: Zero Improvement,occupied_structure_missing_improvement_data
07240000880000,072-4000-088-0000,3301 CROOKED BED WAY,FOLSOM,CA,95630.0,38.633938,-121.109154,TRI POINTE HOMES HOLDINGS INCORPORATED,,ROSEVILLE,CA,95678.0,180540.0,,180540.0,2024.0,,0.0,RES/SINGLE FAMILY/SUBDIVISION,A1A0AA,1001.0,SINGLE FAMILY RESIDENTIAL,SP-SFHD (P,0.0,,2611.0,,2611.0,2.0,,4.0,,,,,20240830.0,794000.0,UNINCORPORATED COUNTY,617700277424226303,Tier 2: Zero Improvement,occupied_structure_missing_improvement_data
07240000870000,072-4000-087-0000,3305 CROOKED BED WAY,FOLSOM,CA,95630.0,38.633772,-121.10918,TRI POINTE HOMES HOLDINGS INCORPORATED,,ROSEVILLE,CA,95678.0,180540.0,,180540.0,2024.0,,0.0,RES/SINGLE FAMILY/SUBDIVISION,A1A00A,1001.0,SINGLE FAMILY RESIDENTIAL,SP-SFHD (P,0.0,,2995.0,,2995.0,2.0,,5.0,,,,,20240828.0,938000.0,UNINCORPORATED COUNTY,617700277424226303,Tier 2: Zero Improvement,occupied_structure_missing_improvement_data
07240100330000,072-4010-033-0000,3425 SHAKERS RIDGE WAY,FOLSOM,CA,95630.0,38.633374,-121.110356,TRI POINTE HOMES HOLDINGS INCORPORATED,,ROSEVILLE,CA,95678.0,180540.0,,180540.0,2024.0,,0.0,RES/SINGLE FAMILY/SUBDIVISION,A1A00A,1001.0,SINGLE FAMILY RESIDENTIAL,SP-SFHD (P,0.0,,2038.0,,2038.0,2.0,,4.0,,,,,20240830.0,741500.0,UNINCORPORATED COUNTY,617700277427109887,Tier 2: Zero Improvement,occupied_structure_missing_improvement_data
07240100420000,072-4010-042-0000,3428 SHAKERS RIDGE WAY,FOLSOM,CA,95630.0,38.633282,-121.109864,TRI POINTE HOMES HOLDINGS INCORPORATED,,ROSEVILLE,CA,95678.0,180540.0,,180540.0,2024.0,,0.0,RES/SINGLE FAMILY/SUBDIVISION,A1A00A,1001.0,SINGLE FAMILY RESIDENTIAL,SP-SFHD (P,0.0,,2271.0,,2271.0,2.0,,4.0,,,,,20240905.0,755000.0,UNINCORPORATED COUNTY,617700277427109887,Tier 2: Zero Improvement,occupied_structure_missing_improvement_data
07240000860000,072-4000-086-0000,4501 MADELEINE WAY,FOLSOM,CA,95630.0,38.63345,-121.109292,TRI POINTE HOMES HOLDINGS INCORPORATED,,ROSEVILLE,CA,95678.0,180540.0,,180540.0,2024.0,,0.0,RES/SINGLE FAMILY/SUBDIVISION,A1A00A,1001.0,SINGLE FAMILY RESIDENTIAL,SP-SFHD (P,0.0,,2566.0,,2566.0,2.0,,4.0,,,,,20240808.0,795000.0,UNINCORPORATED COUNTY,617700277424226303,Tier 2: Zero Improvement,occupied_structure_missing_improvement_data
07240000840000,072-4000-084-0000,3313 CROOKED BED WAY,FOLSOM,CA,95630.0,38.63326,-121.10918,TRI POINTE HOMES HOLDINGS INCORPORATED,,ROSEVILLE,CA,95678.0,180540.0,,180540.0,2024.0,,0.0,RES/SINGLE FAMILY/SUBDIVISION,A1A00A,1001.0,SINGLE FAMILY RESIDENTIAL,SP-SFHD (P,0.0,,2995.0,,2995.0,2.0,,5.0,,,,,20240801.0,911500.0,UNINCORPORATED COUNTY,617700277424226303,Tier 2: Zero Improvement,occupied_structure_missing_improvement_data
07240100430000,072-4010-043-0000,3432 SHAKERS RIDGE WAY,FOLSOM,CA,95630.0,38.633145,-121.109826,TRI POINTE HOMES HOLDINGS INCORPORATED,,ROSEVILLE,CA,95678.0,180540.0,,180540.0,2024.0,,0.0,RES/SINGLE FAMILY/SUBDIVISION,A1A00A,1001.0,SINGLE FAMILY RESIDENTIAL,SP-SFHD (P,0.0,,2609.0,,2609.0,2.0,,4.0,,,,,20240909.0,812500.0,UNINCORPORATED COUNTY,617700277424226303,Tier 2: Zero Improvement,occupied_structure_missing_improvement_data
07240000490000,072-4000-049-0000,3304 CROOKED BED WAY,FOLSOM,CA,95630.0,38.633779,-121.108679,TRI POINTE HOMES HOLDINGS INCORPORATED,,ROSEVILLE,CA,95678.0,180540.0,,180540.0,2024.0,,0.0,RES/SINGLE FAMILY/SUBDIVISION,A1A00A,1001.0,SINGLE FAMILY RESIDENTIAL,SP-SFHD (P,0.0,,2567.0,,2567.0,2.0,,4.0,,,,,20240906.0,790500.0,UNINCORPORATED COUNTY,617700277424226303,Tier 2: Zero Improvement,occupied_structure_missing_improvement_data
07240000480000,072-4000-048-0000,3300 CROOKED BED WAY,FOLSOM,CA,95630.0,38.633943,-121.108685,TRI POINTE HOMES HOLDINGS INCORPORATED,,ROSEVILLE,CA,95678.0,180540.0,,180540.0,2024.0,,0.0,RES/SINGLE FAMILY/SUBDIVISION,A1A00A,1001.0,SINGLE FAMILY RESIDENTIAL,SP-SFHD (P,0.0,,2995.0,,2995.0,2.0,,5.0,,,,,20220729.0,6684000.0,UNINCORPORATED COUNTY,617700277424226303,Tier 2: Zero Improvement,occupied_structure_missing_improvement_data
07240000470000,072-4000-047-0000,3303 WHISPERING BROOK WAY,FOLSOM,CA,95630.0,38.633946,-121.108387,TRI POINTE HOMES HOLDINGS INCORPORATED,,ROSEVILLE,CA,95678.0,180540.0,,180540.0,2024.0,,0.0,RES/SINGLE FAMILY/SUBDIVISION,A1A00A,1001.0,SINGLE FAMILY RESIDENTIAL,SP-SFHD (P,0.0,,2995.0,,2995.0,2.0,,5.0,3.0,,,,20241004.0,867500.0,UNINCORPORATED COUNTY,617700277424226303,Tier 2: Zero Improvement,occupied_structure_missing_improvement_data
07240000460000,072-4000-046-0000,3307 WHISPERING BROOK WAY,FOLSOM,CA,95630.0,38.633782,-121.108388,TRI POINTE HOMES HOLDINGS INCORPORATED,,ROSEVILLE,CA,95678.0,180540.0,,180540.0,2024.0,,0.0,RES/SINGLE FAMILY/SUBDIVISION,A1A0AA,1001.0,SINGLE FAMILY RESIDENTIAL,SP-SFHD (P,0.0,,2611.0,,2611.0,2.0,,4.0,3.0,,,,20241008.0,783500.0,UNINCORPORATED COUNTY,617700277424226303,Tier 2: Zero Improvement,occupied_structure_missing_improvement_data
07240000450000,072-4000-045-0000,3302 WHISPERING BROOK WAY,FOLSOM,CA,95630.0,38.63395,-121.107953,TRI POINTE HOMES HOLDINGS INCORPORATED,,ROSEVILLE,CA,95678.0,180540.0,,180540.0,2024.0,,0.0,RES/SINGLE FAMILY/SUBDIVISION,A1A00A,1001.0,SINGLE FAMILY RESIDENTIAL,SP-SFHD (P,0.0,,2567.0,,2567.0,2.0,,4.0,,,,,20220729.0,6684000.0,UNINCORPORATED COUNTY,617700277424226303,Tier 2: Zero Improvement,occupied_structure_missing_improvement_data
07240000440000,072-4000-044-0000,3306 WHISPERING BROOK WAY,FOLSOM,CA,95630.0,38.633786,-121.107947,TRI POINTE HOMES HOLDINGS INCORPORATED,,ROSEVILLE,CA,95678.0,180540.0,,180540.0,2024.0,,0.0,RES/SINGLE FAMILY/SUBDIVISION,A1A00A,1001.0,SINGLE FAMILY RESIDENTIAL,SP-SFHD (P,0.0,,2995.0,,2995.0,2.0,,5.0,,,,,20220729.0,6684000.0,UNINCORPORATED COUNTY,617700277424226303,Tier 2: Zero Improvement,occupied_structure_missing_improvement_data
07240000850000,072-4000-085-0000,4505 MADELEINE WAY,FOLSOM,CA,95630.0,38.63345,-121.109098,TRI POINTE HOMES HOLDINGS INCORPORATED,,ROSEVILLE,CA,95678.0,180540.0,,180540.0,2024.0,,0.0,RES/SINGLE FAMILY/SUBDIVISION,A1A00A,1001.0,SINGLE FAMILY RESIDENTIAL,SP-SFHD (P,0.0,,2611.0,,2611.0,2.0,,4.0,,,,,20240802.0,793000.0,UNINCORPORATED COUNTY,617700277424226303,Tier 2: Zero Improvement,occupied_structure_missing_improvement_data
07240000510000,072-4000-051-0000,3312 CROOKED BED WAY,FOLSOM,CA,95630.0,38.63333,-121.108677,TRI POINTE HOMES HOLDINGS INCORPORATED,,ROSEVILLE,CA,95678.0,180540.0,,180540.0,2024.0,,0.0,RES/SINGLE FAMILY/SUBDIVISION,A1A00A,1001.0,SINGLE FAMILY RESIDENTIAL,SP-SFHD (P,0.0,,2611.0,,2611.0,2.0,,4.0,,,,,20240809.0,786000.0,UNINCORPORATED COUNTY,617700277424226303,Tier 2: Zero Improvement,occupied_structure_missing_improvement_data
07240000500000,072-4000-050-0000,3308 CROOKED BED WAY,FOLSOM,CA,95630.0,38.633482,-121.108677,TRI POINTE HOMES HOLDINGS INCORPORATED,,ROSEVILLE,CA,95678.0,180540.0,,180540.0,2024.0,,0.0,RES/SINGLE FAMILY/SUBDIVISION,A1A00A,1001.0,SINGLE FAMILY RESIDENTIAL,SP-SFHD (P,0.0,,2995.0,,2995.0,2.0,,5.0,3.0,,,,20241031.0,840000.0,UNINCORPORATED COUNTY,617700277424226303,Tier 2: Zero Improvement,occupied_structure_missing_improvement_data
07240000660000,072-4000-066-0000,3311 WHISPERING BROOK WAY,FOLSOM,CA,95630.0,38.633485,-121.108384,TRI POINTE HOMES HOLDINGS INCORPORATED,,ROSEVILLE,CA,95678.0,180540.0,,180540.0,2024.0,,0.0,RES/SINGLE FAMILY/SUBDIVISION,A1A00A,1001.0,SINGLE FAMILY RESIDENTIAL,SP-SFHD (P,0.0,,2995.0,,2995.0,2.0,,5.0,3.0,,,,20241030.0,934500.0,UNINCORPORATED COUNTY,617700277424226303,Tier 2: Zero Improvement,occupied_structure_missing_improvement_data
07240000650000,072-4000-065-0000,3315 WHISPERING BROOK WAY,FOLSOM,CA,95630.0,38.633332,-121.10838,TRI POINTE HOMES HOLDINGS INCORPORATED,,ROSEVILLE,CA,95678.0,180540.0,,180540.0,2024.0,,0.0,RES/SINGLE FAMILY/SUBDIVISION,A1A0AA,1001.0,SINGLE FAMILY RESIDENTIAL,SP-SFHD (P,0.0,,2611.0,,2611.0,2.0,,4.0,3.0,,,,20241021.0,829000.0,UNINCORPORATED COUNTY,617700277424226303,Tier 2: Zero Improvement,occupied_structure_missing_improvement_data
07240000770000,072-4000-077-0000,4523 TRIPLE CREEK WAY,FOLSOM,CA,95630.0,38.632043,-121.108695,TRIVEDI UTKARSH & AKRITI ARORA,,FOLSOM,CA,95630.0,180540.0,,180540.0,2024.0,,0.0,RES/SINGLE FAMILY/SUBDIVISION,A1A00A,1001.0,SINGLE FAMILY RESIDENTIAL,SP-SFHD (P,0.0,,2995.0,,2995.0,2.0,,5.0,,,,,20240301.0,879500.0,UNINCORPORATED COUNTY,617700277424226303,Tier 2: Zero Improvement,occupied_structure_missing_improvement_data
07240600970000,072-4060-097-0000,4774 CANTRELL DR,FOLSOM,CA,95630.0,38.632101,-121.098963,TRI POINTE HOMES HOLDINGS INC,,ROSEVILLE,CA,95678.0,114046.0,,114046.0,2024.0,,0.0,RES/SINGLE FAMILY/SUBDIVISION,A1A00A,1001.0,SINGLE FAMILY RESIDENTIAL,SP-MLD (PD,0.0,,1990.0,,1990.0,2.0,,4.0,,,,,20240808.0,665000.0,UNINCORPORATED COUNTY,617700277429469183,Tier 2: Zero Improvement,occupied_structure_missing_improvement_data
07240600960000,072-4060-096-0000,4770 CANTRELL DR,FOLSOM,CA,95630.0,38.631995,-121.098869,TRI POINTE HOMES HOLDINGS INC,,ROSEVILLE,CA,95678.0,114046.0,,114046.0,2024.0,,0.0,RES/SINGLE FAMILY/SUBDIVISION,A1A00A,1001.0,SINGLE FAMILY RESIDENTIAL,SP-MLD (PD,0.0,,1705.0,,1705.0,2.0,,3.0,,,,,20240807.0,607000.0,UNINCORPORATED COUNTY,617700277429469183,Tier 2: Zero Improvement,occupied_structure_missing_improvement_data
07240600990000,072-4060-099-0000,4782 CANTRELL DR,FOLSOM,CA,95630.0,38.632186,-121.098681,TRI POINTE HOMES HOLDINGS INC,,ROSEVILLE,CA,95678.0,114046.0,,114046.0,2024.0,,0.0,RES/SINGLE FAMILY/SUBDIVISION,A1A00A,1001.0,SINGLE FAMILY RESIDENTIAL,SP-MLD (PD,0.0,,1705.0,,1705.0,2.0,,3.0,,,,,20240815.0,634500.0,UNINCORPORATED COUNTY,617700277429469183,Tier 2: Zero Improvement,occupied_structure_missing_improvement_data
07240600980000,072-4060-098-0000,4786 CANTRELL DR,FOLSOM,CA,95630.0,38.632297,-121.098788,TRI POINTE HOMES HOLDINGS INC,,ROSEVILLE,CA,95678.0,114046.0,,114046.0,2024.0,,0.0,RES/SINGLE FAMILY/SUBDIVISION,A1A00A,1001.0,SINGLE FAMILY RESIDENTIAL,SP-MLD (PD,0.0,,1990.0,,1990.0,2.0,,4.0,,,,,20240813.0,694000.0,UNINCORPORATED COUNTY,617700277429469183,Tier 2: Zero Improvement,occupied_structure_missing_improvement_data
07240601000000,072-4060-100-0000,4778 CANTRELL DR,FOLSOM,CA,95630.0,38.632076,-121.098574,TRI POINTE HOMES HOLDINGS INC,,ROSEVILLE,CA,95678.0,114046.0,,114046.0,2024.0,,0.0,RES/SINGLE FAMILY/SUBDIVISION,A1A00A,1001.0,SINGLE FAMILY RESIDENTIAL,SP-MLD (PD,0.0,,2239.0,,2239.0,2.0,,4.0,,,,,20240820.0,694000.0,UNINCORPORATED COUNTY,617700277429469183,Tier 2: Zero Improvement,occupied_structure_missing_improvement_data
07240600950000,072-4060-095-0000,4766 CANTRELL DR,FOLSOM,CA,95630.0,38.631894,-121.098766,TRI POINTE HOMES HOLDINGS INC,,ROSEVILLE,CA,95678.0,114046.0,,114046.0,2024.0,,0.0,RES/SINGLE FAMILY/SUBDIVISION,A1A00A,1001.0,SINGLE FAMILY RESIDENTIAL,SP-MLD (PD,0.0,,1941.0,,1941.0,2.0,,4.0,,,,,20240801.0,639500.0,UNINCORPORATED COUNTY,617700277429469183,Tier 2: Zero Improvement,occupied_structure_missing_improvement_data
07240600280000,072-4060-028-0000,3433 MAGNOLIA WAY,FOLSOM,CA,95630.0,38.631136,-121.098273,TRI POINTE HOMES HOLDINGS INC,,ROSEVILLE,CA,95678.0,114046.0,,114046.0,2024.0,,0.0,RES/SINGLE FAMILY/SUBDIVISION,A1A00A,1001.0,SINGLE FAMILY RESIDENTIAL,SP-MLD (PD,0.0,,1990.0,,1990.0,2.0,,3.0,,,,,20240916.0,670000.0,UNINCORPORATED COUNTY,617700277429469183,Tier 2: Zero Improvement,occupied_structure_missing_improvement_data
07240600300000,072-4060-030-0000,3445 MAGNOLIA WAY,FOLSOM,CA,95630.0,38.63089,-121.098248,TRI POINTE HOMES HOLDINGS INC,,ROSEVILLE,CA,95678.0,114046.0,,114046.0,2024.0,,0.0,RES/SINGLE FAMILY/SUBDIVISION,A1A00A,1001.0,SINGLE FAMILY RESIDENTIAL,SP-MLD (PD,0.0,,1705.0,,1705.0,2.0,,3.0,,,,,20240923.0,608000.0,UNINCORPORATED COUNTY,617700277429469183,Tier 2: Zero Improvement,occupied_structure_missing_improvement_data
07240600270000,072-4060-027-0000,3437 MAGNOLIA WAY,FOLSOM,CA,95630.0,38.63105,-121.098403,TRI POINTE HOMES HOLDINGS INC,,ROSEVILLE,CA,95678.0,114046.0,,114046.0,2024.0,,0.0,RES/SINGLE FAMILY/SUBDIVISION,A1A00A,1001.0,SINGLE FAMILY RESIDENTIAL,SP-MLD (PD,0.0,,2239.0,,2239.0,2.0,,4.0,,,,,20240912.0,713500.0,UNINCORPORATED COUNTY,617700277429469183,Tier 2: Zero Improvement,occupied_structure_missing_improvement_data
07240600290000,072-4060-029-0000,3441 MAGNOLIA WAY,FOLSOM,CA,95630.0,38.630968,-121.098112,TRI POINTE HOMES HOLDINGS INC,,ROSEVILLE,CA,95678.0,114046.0,,114046.0,2024.0,,0.0,RES/SINGLE FAMILY/SUBDIVISION,A1A00A,1001.0,SINGLE FAMILY RESIDENTIAL,SP-MLD (PD,0.0,,1941.0,,1941.0,2.0,,4.0,,,,,20240917.0,649500.0,UNINCORPORATED COUNTY,617700277429469183,Tier 2: Zero Improvement,occupied_structure_missing_improvement_data
07240800060000,072-4080-006-0000,3477 NIGHTBERRY DR,FOLSOM,CA,95630.0,38.628078,-121.098199,TRI POINTE HOMES HOLDINGS INC,,ROSEVILLE,CA,95678.0,142800.0,,142800.0,2024.0,,0.0,RES/SINGLE FAMILY/SUBDIVISION,A1A00A,1001.0,SINGLE FAMILY RESIDENTIAL,SP-MLD (PD,0.0,,2220.0,,2220.0,2.0,,4.0,,,,,20240926.0,724500.0,UNINCORPORATED COUNTY,617700310272442367,Tier 2: Zero Improvement,occupied_structure_missing_improvement_data
07240800050000,072-4080-005-0000,3481 NIGHTBERRY DR,FOLSOM,CA,95630.0,38.627975,-121.098343,TRI POINTE HOMES HOLDINGS INC,,ROSEVILLE,CA,95678.0,142800.0,,142800.0,2024.0,,0.0,RES/SINGLE FAMILY/SUBDIVISION,A1A00A,1001.0,SINGLE FAMILY RESIDENTIAL,SP-MLD (PD,0.0,,1822.0,,1822.0,2.0,,3.0,,,,,20240930.0,625000.0,UNINCORPORATED COUNTY,617700310272442367,Tier 2: Zero Improvement,occupied_structure_missing_improvement_data
07240800040000,072-4080-004-0000,3485 NIGHTBERRY DR,FOLSOM,CA,95630.0,38.627895,-121.098467,TRI POINTE HOMES HOLDINGS INC,,ROSEVILLE,CA,95678.0,142800.0,,142800.0,2024.0,,0.0,RES/SINGLE FAMILY/SUBDIVISION,A1A00A,1001.0,SINGLE FAMILY RESIDENTIAL,SP-MLD (PD,0.0,,2033.0,,2033.0,2.0,,3.0,2.0,,,,20241104.0,690500.0,UNINCORPORATED COUNTY,617700310272442367,Tier 2: Zero Improvement,occupied_structure_missing_improvement_data
07240800020000,072-4080-002-0000,3469 NIGHTBERRY DR,FOLSOM,CA,95630.0,38.628189,-121.098623,TRI POINTE HOMES HOLDINGS INC,,ROSEVILLE,CA,95678.0,142800.0,,142800.0,2024.0,,0.0,RES/SINGLE FAMILY/SUBDIVISION,A1A00A,1001.0,SINGLE FAMILY RESIDENTIAL,SP-MLD (PD,0.0,,2033.0,,2033.0,2.0,,3.0,,,,,20230612.0,7432000.0,UNINCORPORATED COUNTY,617700310272442367,Tier 2: Zero Improvement,occupied_structure_missing_improvement_data
07240800010000,072-4080-001-0000,3465 NIGHTBERRY DR,FOLSOM,CA,95630.0,38.628267,-121.098486,TRI POINTE HOMES HOLDINGS INC,,ROSEVILLE,CA,95678.0,142800.0,,142800.0,2024.0,,0.0,RES/SINGLE FAMILY/SUBDIVISION,A1A00A,1001.0,SINGLE FAMILY RESIDENTIAL,SP-MLD (PD,0.0,,1822.0,,1822.0,2.0,,3.0,,,,,20240827.0,653000.0,UNINCORPORATED COUNTY,617700310272442367,Tier 2: Zero Improvement,occupied_structure_missing_improvement_data
07240800030000,072-4080-003-0000,3473 NIGHTBERRY DR,FOLSOM,CA,95630.0,38.628113,-121.098736,TRI POINTE HOMES HOLDINGS INC,,ROSEVILLE,CA,95678.0,142800.0,,142800.0,2024.0,,0.0,RES/SINGLE FAMILY/SUBDIVISION,A1A00A,1001.0,SINGLE FAMILY RESIDENTIAL,SP-MLD (PD,0.0,,2220.0,,2220.0,2.0,,4.0,,,,,20240820.0,759500.0,UNINCORPORATED COUNTY,617700310272442367,Tier 2: Zero Improvement,occupied_structure_missing_improvement_data
20100100410000,201-0010-041-0000,8805 GARDEN HWY,SACRAMENTO,CA,95837.0,38.727641,-121.603759,COUNTY OF SACRAMENTO,,SACRAMENTO,CA,95837.0,,,,2024.0,19950328.0,0.0,RES/SINGLE FAMILY/RURAL HOME(2 AC OR LES,A1C00A,1008.0,RURAL/AGRICULTURAL RESIDENCE,SPA,1.25,AC,1741.0,1964.0,1741.0,1,,3.0,,,,,,,UNINCORPORATED COUNTY,617700315543371775,Tier 2: Zero Improvement,occupied_structure_missing_improvement_data
20101500360000,201-0150-036-0000,7925 GARDEN HWY,SACRAMENTO,CA,95837.0,38.711332,-121.610897,COUNTY OF SACRAMENTO,,SACRAMENTO,CA,95837.0,,,,2024.0,19820303.0,0.0,RES/SINGLE FAMILY/RURAL HOME(2 AC OR LES,A1C00A,1008.0,RURAL/AGRICULTURAL RESIDENCE,SPA,1.05,AC,888.0,1950.0,888.0,1,,1.0,,,,,,,UNINCORPORATED COUNTY,617700316048785407,Tier 2: Zero Improvement,occupied_structure_missing_improvement_data
20101500560000,201-0150-056-0000,ELVERTA RD,SACRAMENTO,CA,95837.0,38.703591,-121.600308,COUNTY OF SACRAMENTO,,SACRAMENTO,CA,95837.0,4.0,,4.0,2024.0,,0.0,PRIVATE AIRPORT,GI0C0A,6501.0,AIRPORT & RELATED,AG-80,172.0,AC,,,,,,,,,,,,,UNINCORPORATED COUNTY,617700315992686591,Tier 2: Zero Improvement,inherently_active_use_parking_airport_cemetery
20102400290000,201-0240-029-0000,6599 W ELKHORN BLVD,SACRAMENTO,CA,95837.0,38.685731,-121.613103,SACTO AREA FLOOD CONTRL AGCY,,SACRAMENTO,CA,95814.0,,,,2024.0,20090430.0,0.0,RES/SINGLE FAMILY/RURAL HOME(2 AC OR LES,A1C00A,1008.0,RURAL/AGRICULTURAL RESIDENCE,AG-20,1.25,AC,1425.0,1944.0,1425.0,1,,3.0,,,,,20090430.0,,UNINCORPORATED COUNTY,617700316074999807,Tier 2: Zero Improvement,occupied_structure_missing_improvement_data
20101600530000,201-0160-053-0000,7330 EARHART DR,SACRAMENTO,CA,95837.0,38.702546,-121.590197,COUNTY OF SACRAMENTO,,SACRAMENTO,CA,95837.0,,,,2024.0,,0.0,PRIVATE AIRPORT,GI0C0A,6501.0,AIRPORT & RELATED,AG-80,58.549999,AC,,,,,,,,,,,,,UNINCORPORATED COUNTY,617700316031483903,Tier 2: Zero Improvement,inherently_active_use_parking_airport_cemetery
20102400230000,201-0240-023-0000,6851 LINDBERGH DR,SACRAMENTO,CA,95837.0,38.695047,-121.593157,COUNTY OF SACRAMENTO,,SACRAMENTO,CA,95837.0,,,,2024.0,,0.0,PRIVATE AIRPORT,GI0C0A,6501.0,AIRPORT & RELATED,AG-80,41.470001,AC,,,,,,,,,,,,,UNINCORPORATED COUNTY,617700315990589439,Tier 2: Zero Improvement,inherently_active_use_parking_airport_cemetery
20101500570000,201-0150-057-0000,ELVERTA RD,SACRAMENTO,CA,95837.0,38.701382,-121.595307,COUNTY OF SACRAMENTO,,SACRAMENTO,CA,95837.0,4.0,,4.0,2024.0,,0.0,PRIVATE AIRPORT,GI0C0A,6501.0,AIRPORT & RELATED,AG-80,1.0,AC,,,,,,,,,,,,,UNINCORPORATED COUNTY,617700315994259455,Tier 2: Zero Improvement,inherently_active_use_parking_airport_cemetery
20102300340000,201-0230-034-0000,7222 EARHART DR,SACRAMENTO,CA,95837.0,38.700446,-121.58693,COUNTY OF SACRAMENTO,,SACRAMENTO,CA,95837.0,,,,2024.0,,0.0,PRIVATE AIRPORT,GI0C0A,6501.0,AIRPORT & RELATED,AG-80,11.24,AC,,,,,,,,,,,,,UNINCORPORATED COUNTY,617700316028600319,Tier 2: Zero Improvement,inherently_active_use_parking_airport_cemetery
20102300040000,201-0230-004-0000,BARTLETT AVE,SACRAMENTO,CA,95837.0,38.695111,-121.586257,COUNTY OF SACRAMENTO,,SACRAMENTO,CA,95837.0,,,,2024.0,19690718.0,0.0,PRIVATE AIRPORT,GI0C0A,6501.0,AIRPORT & RELATED,AG-80,33.299999,AC,,,,,,,,,,,,,UNINCORPORATED COUNTY,617700316089942015,Tier 2: Zero Improvement,inherently_active_use_parking_airport_cemetery
20101600520000,201-0160-052-0000,DELTA RD,SACRAMENTO,CA,95837.0,38.70237,-121.582914,COUNTY OF SACRAMENTO,,SACRAMENTO,CA,95837.0,,,,2024.0,,0.0,PRIVATE AIRPORT,GI0C0A,6501.0,AIRPORT & RELATED,AG-80,36.110001,AC,,,,,,,,,,,,,UNINCORPORATED COUNTY,617700316029124607,Tier 2: Zero Improvement,inherently_active_use_parking_airport_cemetery
20102400190000,201-0240-019-0000,6942 AIRPORT BLVD,SACRAMENTO,CA,95837.0,38.691583,-121.591358,COUNTY OF SACRAMENTO,,SACRAMENTO,CA,95837.0,,,,2024.0,,0.0,PRIVATE AIRPORT,GI0C0A,6501.0,AIRPORT & RELATED,AG-80,15.49,AC,,,,,,,,,,,,,UNINCORPORATED COUNTY,617700315999502335,Tier 2: Zero Improvement,inherently_active_use_parking_airport_cemetery
20102300050000,201-0230-005-0000,BARTLETT AVE,SACRAMENTO,CA,95837.0,38.693268,-121.585918,COUNTY OF SACRAMENTO,,SACRAMENTO,CA,95837.0,,,,2024.0,19690718.0,0.0,PRIVATE AIRPORT,GI0C0A,6501.0,AIRPORT & RELATED,AG-80,19.620001,AC,,,,,,,,,,,,,UNINCORPORATED COUNTY,617700316089942015,Tier 2: Zero Improvement,inherently_active_use_parking_airport_cemetery
20102300060000,201-0230-006-0000,6900 AIRPORT BLVD # ED,SACRAMENTO,CA,95837.0,38.691866,-121.585926,COUNTY OF SACRAMENTO,,SACRAMENTO,CA,95837.0,,,,2024.0,19690718.0,0.0,PRIVATE AIRPORT,GI0C0A,6501.0,AIRPORT & RELATED,AG-80,17.4,AC,,,,,,,,,,,,,UNINCORPORATED COUNTY,617700316089155583,Tier 2: Zero Improvement,inherently_active_use_parking_airport_cemetery
20102200330000,201-0220-033-0000,2601 W ELKHORN BLVD,RIO LINDA,CA,95673.0,38.686289,-121.522406,NATOMAS CENTRAL MUTUAL WATER CO,,RIO LINDA,CA,95673.0,9.0,,9.0,2024.0,19611120.0,0.0,LIGHT INDUSTRY-CONSTRUCT,GADC0A,5019.0,CONSTRUCTION/CONTRACTING SERVICES (INDUSTRIAL),AG-80,4.5999999,AC,380.0,1962.0,380.0,1,,,,,,,,,UNINCORPORATED COUNTY,617700315395784703,Tier 2: Zero Improvement,occupied_structure_missing_improvement_data
20102100040000,201-0210-004-0000,2591 W ELKHORN BLVD,RIO LINDA,CA,95673.0,38.685907,-121.52002,DEMETER DEVELOPMENT L P,,ROBBINS,CA,95676.0,54955.0,,54955.0,2024.0,20100607.0,0.0,RES/SINGLE FAMILY,A1000A,1001.0,SINGLE FAMILY RESIDENTIAL,AG-80,52.490002,AC,1066.0,1954.0,1066.0,1,,2.0,,,,,20100607.0,,UNINCORPORATED COUNTY,617700315395784703,Tier 2: Zero Improvement,occupied_structure_missing_improvement_data
20200900290000,202-0090-029-0000,606 W DELANO ST,ELVERTA,CA,95626.0,38.707972,-121.476477,ATC HOLDING INC,,ATLANTA,GA,31139.0,585582.0,,585582.0,2024.0,19990203.0,0.0,BROADCASTING-RADIO/TV,CEAB0A,6507.0,RADIO OR TV STATION,M-1,7.0,AC,1612.0,1984.0,1612.0,1,,,,,,,19990203.0,1050000.0,UNINCORPORATED COUNTY,617700315680473087,Tier 2: Zero Improvement,occupied_structure_missing_improvement_data
20203100240000,805-0901-363-0000,433 W U ST,RIO LINDA,CA,95673.0,38.706572,-121.472364,BEREGOVOY IVAN,,CARMICHAEL,CA,95608.0,,,,2024.0,,0.0,MOBILE HOME/ON PRIVATE LAND/NOT MH PARK,ATC00A,1006.0,MOBILE/MANUFACTURED HOME (REGARDLESS OF LAND OWNERSHIP),,0.0,,728.0,1983.0,728.0,1,,2.0,,,,,,,UNINCORPORATED COUNTY,617700315680210943,Tier 2: Zero Improvement,occupied_structure_missing_improvement_data
20201210200000,202-0121-020-0000,7622 ELWYN AVE,ELVERTA,CA,95626.0,38.706144,-121.464954,MENDOZA MARINA,,ANTELOPE,CA,95843.0,169014.0,,169014.0,2024.0,,0.0,MOBILE HOME/ON PRIVATE LAND/NOT MH PARK,ATC00A,1006.0,MOBILE/MANUFACTURED HOME (REGARDLESS OF LAND OWNERSHIP),AR-2,4.0,AC,1000.0,1978.0,1000.0,1,,2.0,,,,,20130404.0,150000.0,UNINCORPORATED COUNTY,617700315662123007,Tier 2: Zero Improvement,occupied_structure_missing_improvement_data
20200700150000,202-0070-015-0000,8501 PALLADAY RD,ELVERTA,CA,95626.0,38.72415,-121.44588,G A FOWLER FAMILY FOUNDATION,,IRVING,TX,75038.0,603047.0,,603047.0,2024.0,,0.0,RES/SINGLE FAMILY/RURAL HOME(OVER 5 AC),A1E00B,1008.0,RURAL/AGRICULTURAL RESIDENCE,RD-5 AR-1,26.59,AC,1550.0,1947.0,1550.0,1,,3.0,,,,,20161227.0,,UNINCORPORATED COUNTY,617700315597111295,Tier 2: Zero Improvement,occupied_structure_missing_improvement_data
20200700070000,202-0070-007-0000,8617 16TH ST,ELVERTA,CA,95626.0,38.725539,-121.430242,TAHOE LLC,,ORANGEVALE,CA,95662.0,212160.0,,212160.0,2024.0,,0.0,RES/SINGLE FAMILY/RURAL HOME(2 AC OR LES,A1C00A,1008.0,RURAL/AGRICULTURAL RESIDENCE,AR-5,1.99,AC,970.0,1945.0,970.0,1,,2.0,,,,,20230609.0,208000.0,UNINCORPORATED COUNTY,617700315690958847,Tier 2: Zero Improvement,occupied_structure_missing_improvement_data
20603900110000,206-0390-011-0000,220 SHADY VALLEY CT,RIO LINDA,CA,95673.0,38.691737,-121.460156,UNITED STATES SECRETARY VETERANS AFFAIRS,,NASHVILLE,TN,37203.0,,,,2024.0,,0.0,RES/SINGLE FAMILY/SUBDIVISION,A1A00A,1001.0,SINGLE FAMILY RESIDENTIAL,RD-5,7405.0,SF,1410.0,1990.0,1410.0,1,,3.0,,,,,20230623.0,260000.0,UNINCORPORATED COUNTY,617700316157050879,Tier 2: Zero Improvement,occupied_structure_missing_improvement_data
20603210010000,206-0321-001-0000,6641 BIRNAM ST,RIO LINDA,CA,95673.0,38.68899,-121.463649,HINGANO ELIZABETH ANNE,,RIO LINDA,CA,95673.0,104040.0,,104040.0,2024.0,,0.0,MOBILE HOME/ON PRIVATE LAND/NOT MH PARK,ATC00B,1006.0,MOBILE/MANUFACTURED HOME (REGARDLESS OF LAND OWNERSHIP),RM-2,6101.0,SF,1296.0,1978.0,1296.0,1,,3.0,,,,,20220601.0,340000.0,UNINCORPORATED COUNTY,617700316156526591,Tier 2: Zero Improvement,occupied_structure_missing_improvement_data
20703000040000,207-0300-004-0000,804 OAK LN,RIO LINDA,CA,95673.0,38.68889,-121.446627,RIO LINDA & ELVERTA RECREATION AND PARK DISTRICT,,RIO LINDA,CA,95673.0,,,,2024.0,,0.0,RES/SINGLE FAMILY/RURAL HOME(2 AC OR LES,A1C00A,1008.0,RURAL/AGRICULTURAL RESIDENCE,AR-2,1.25,AC,1562.0,1952.0,1562.0,1.0,,2.0,,,,,20040301.0,,UNINCORPORATED COUNTY,617700316162031615,Tier 2: Zero Improvement,public_park_or_recreation_agency
20701420160000,207-0142-016-0000,1101 CURVED BRIDGE RD,RIO LINDA,CA,95673.0,38.690255,-121.440668,COUNTY OF SACRAMENTO,,SACRAMENTO,CA,95827.0,,,,2024.0,20081107.0,0.0,RES/SINGLE FAMILY/RURAL HOME(2 AC OR LES,A1C00A,1008.0,RURAL/AGRICULTURAL RESIDENCE,RR,1.35,AC,1003.0,1960.0,1003.0,1.0,,2.0,,,,,20081107.0,,UNINCORPORATED COUNTY,617700321920286719,Tier 2: Zero Improvement,occupied_structure_missing_improvement_data
20701420090000,207-0142-009-0000,1129 CURVED BRIDGE RD,RIO LINDA,CA,95673.0,38.690062,-121.439632,SACTO AREA FLOOD CONTRL AGCY,,SACRAMENTO,CA,95814.0,,,,2024.0,20080829.0,0.0,RES/SINGLE FAMILY/NON-SUBDIVISION,A1B00A,1001.0,SINGLE FAMILY RESIDENTIAL,RR,9060.0,SF,936.0,1953.0,936.0,1.0,,2.0,,,,,20080829.0,253000.0,UNINCORPORATED COUNTY,617700321920286719,Tier 2: Zero Improvement,occupied_structure_missing_improvement_data
20701700480000,207-0170-048-0000,1300 O ST,RIO LINDA,CA,95673.0,38.693813,-121.435757,AVILA LOUIS C & ESTELA J,,RIO LINDA,CA,95673.0,,,,2024.0,,0.0,RES/SINGLE FAMILY/RURAL HOME(2 AC OR LES,A1C00A,1008.0,RURAL/AGRICULTURAL RESIDENCE,AR-2,1.99,AC,1143.0,1941.0,1143.0,1.0,,2.0,,,,,20140117.0,,UNINCORPORATED COUNTY,617700321919762431,Tier 2: Zero Improvement,occupied_structure_missing_improvement_data
20703120070000,207-0312-007-0000,6616 CHERRY LN,RIO LINDA,CA,95673.0,38.687851,-121.441581,COUNTY OF SACRAMENTO,,SACRAMENTO,CA,95827.0,,,,2024.0,20081003.0,0.0,RES/SINGLE FAMILY/NON-SUBDIVISION,A1B00A,1001.0,SINGLE FAMILY RESIDENTIAL,RR,24552.0,SF,1020.0,1958.0,1020.0,1.0,,3.0,,,,,20081003.0,,UNINCORPORATED COUNTY,617700316159148031,Tier 2: Zero Improvement,occupied_structure_missing_improvement_data
20703120020000,207-0312-002-0000,6700 CHERRY LN,RIO LINDA,CA,95673.0,38.68888,-121.440292,COUNTY OF SACRAMENTO,,SACRAMENTO,CA,95827.0,,,,2024.0,20081121.0,0.0,RES/SINGLE FAMILY/NON-SUBDIVISION,A1B00A,1001.0,SINGLE FAMILY RESIDENTIAL,RR,24695.0,SF,1508.0,1985.0,1508.0,1.0,,2.0,,,,,20081121.0,241500.0,UNINCORPORATED COUNTY,617700321920286719,Tier 2: Zero Improvement,occupied_structure_missing_improvement_data
20702300720000,207-0230-072-0000,6550 DRY CREEK RD,RIO LINDA,CA,95673.0,38.686839,-121.43743,COUNTY OF SACRAMENTO,,SACRAMENTO,CA,95814.0,,,,2024.0,,0.0,CHURCH,603,9101.0,"RELIGIOUS, CHURCH, WORSHIP (SYNAGOGUE, TEMPLE, PARSONAGE)",RR,0.0,,6000.0,1963.0,6000.0,1.0,,,,,,,,,UNINCORPORATED COUNTY,617700316158885887,Tier 2: Zero Improvement,occupied_structure_missing_improvement_data
20321701690000,203-2170-169-0000,WINKFIELD WAY,ANTELOPE,CA,95843.0,38.717014,-121.397977,RIO LINDA ELVERTA RECREATION AND PARK DISTRICT,,RIO LINDA,CA,95673.0,,,,2024.0,,0.0,"MISC, UNUSABLE-SMALL",MSMALA,8009.0,"WASTE LAND, MARSH, SWAMP, SUBMERGED-VACANT LAND",RD-10,0.0,,,,,,,,,,,,,,UNINCORPORATED COUNTY,617700321949122559,Tier 2: Zero Improvement,public_park_or_recreation_agency
20320800090000,203-2080-009-0000,BING DR,ANTELOPE,CA,95843.0,38.714216,-121.397738,NORTH HIGHLANDS RECREATION & PARK DISTRICT,,NORTH HIGHLANDS,CA,95660.0,,,,2024.0,,0.0,"MISC, UNUSABLE-SMALL",MSMALA,8009.0,"WASTE LAND, MARSH, SWAMP, SUBMERGED-VACANT LAND",RD-10,17005.0,SF,,,,,,,,,,,20190426.0,300000.0,UNINCORPORATED COUNTY,617700321950171135,Tier 2: Zero Improvement,public_park_or_recreation_agency
20320800100000,203-2080-010-0000,BING DR,ANTELOPE,CA,95843.0,38.714214,-121.396861,NORTH HIGHLANDS RECREATION & PARK DISTRICT,,NORTH HIGHLANDS,CA,95660.0,,,,2024.0,,0.0,"MISC, UNUSABLE-SMALL",MSMALA,8009.0,"WASTE LAND, MARSH, SWAMP, SUBMERGED-VACANT LAND",RD-10,13309.0,SF,,,,,,,,,,,20190426.0,300000.0,UNINCORPORATED COUNTY,617700321950171135,Tier 2: Zero Improvement,public_park_or_recreation_agency
20320900670000,203-2090-067-0000,BING DR,ANTELOPE,CA,95843.0,38.712623,-121.397197,NORTH HIGHLANDS RECREATION & PARK DISTRICT,,NORTH HIGHLANDS,CA,95660.0,,,,2024.0,,0.0,"MISC, UNUSABLE-SMALL",MSMALA,8009.0,"WASTE LAND, MARSH, SWAMP, SUBMERGED-VACANT LAND",RD-10 RD-7,3122.0,SF,,,,,,,,,,,20190426.0,300000.0,UNINCORPORATED COUNTY,617700321946763263,Tier 2: Zero Improvement,public_park_or_recreation_agency
20320900680000,203-2090-068-0000,BING DR,ANTELOPE,CA,95843.0,38.711996,-121.397201,NORTH HIGHLANDS RECREATION & PARK DISTRICT,,NORTH HIGHLANDS,CA,95660.0,,,,2024.0,,0.0,"MISC, UNUSABLE-SMALL",MSMALA,8009.0,"WASTE LAND, MARSH, SWAMP, SUBMERGED-VACANT LAND",RD-7,3600.0,SF,,,,,,,,,,,20190426.0,300000.0,UNINCORPORATED COUNTY,617700321946763263,Tier 2: Zero Improvement,public_park_or_recreation_agency
20320900690000,203-2090-069-0000,BING DR,ANTELOPE,CA,95843.0,38.711477,-121.397207,NORTH HIGHLANDS RECREATION & PARK DISTRICT,,NORTH HIGHLANDS,CA,95660.0,,,,2024.0,,0.0,"MISC, UNUSABLE-SMALL",MSMALA,8009.0,"WASTE LAND, MARSH, SWAMP, SUBMERGED-VACANT LAND",RD-7,1714.0,SF,,,,,,,,,,,20190426.0,300000.0,UNINCORPORATED COUNTY,617700321946763263,Tier 2: Zero Improvement,public_park_or_recreation_agency
20320900700000,203-2090-070-0000,BING DR,ANTELOPE,CA,95843.0,38.711475,-121.396996,NORTH HIGHLANDS RECREATION & PARK DISTRICT,,NORTH HIGHLANDS,CA,95660.0,,,,2024.0,,0.0,"MISC, UNUSABLE-SMALL",MSMALA,8009.0,"WASTE LAND, MARSH, SWAMP, SUBMERGED-VACANT LAND",RD-10,1660.0,SF,,,,,,,,,,,20190426.0,300000.0,UNINCORPORATED COUNTY,617700321946763263,Tier 2: Zero Improvement,public_park_or_recreation_agency
20320800110000,203-2080-011-0000,SCOTLAND DR,ANTELOPE,CA,95843.0,38.712523,-121.395492,NORTH HIGHLANDS RECREATION & PARK DISTRICT,,NORTH HIGHLANDS,CA,95660.0,,,,2024.0,,0.0,"MISC, UNUSABLE-SMALL",MSMALA,8009.0,"WASTE LAND, MARSH, SWAMP, SUBMERGED-VACANT LAND",RD-10,4839.0,SF,,,,,,,,,,,20190426.0,300000.0,UNINCORPORATED COUNTY,617700321947287551,Tier 2: Zero Improvement,public_park_or_recreation_agency
20314100550000,203-1410-055-0000,RIDGE RIM CT,ANTELOPE,CA,95843.0,38.71963,-121.383018,SUNRISE RECREATION & PARK DISTRICT,,CITRUS HEIGHTS,CA,95610.0,,,,2024.0,19911001.0,0.0,"MISC, UNUSABLE-SMALL",MSMALA,8009.0,"WASTE LAND, MARSH, SWAMP, SUBMERGED-VACANT LAND",RD-7,460.0,SF,,,,,,,,,,,,,UNINCORPORATED COUNTY,617700318068080639,Tier 2: Zero Improvement,public_park_or_recreation_agency
20301000770000,203-0100-077-0000,3721 NAVAHO DR,ANTELOPE,CA,95843.0,38.713767,-121.380219,NORTH HIGHLANDS RECREATION & PARK DISTRICT,,NORTH HIGHLANDS,CA,95660.0,,,,2024.0,20021213.0,0.0,"SPORTS COURTS,FIELDS,STADIUMS",FH00MA,4000.0,RECREATIONAL/ENTERTAINMENT (GENERAL),RD-5,6.4200001,AC,,,,,,,,,,,20021213.0,,UNINCORPORATED COUNTY,617700318075682815,Tier 2: Zero Improvement,public_park_or_recreation_agency
20321300330000,203-2130-033-0000,BING CT,ANTELOPE,CA,95843.0,38.709135,-121.397825,NORTH HIGHLANDS RECREATION & PARK DISTRICT,,NORTH HIGHLANDS,CA,95660.0,,,,2024.0,,0.0,"MISC, UNUSABLE-SMALL",MSMALA,8009.0,"WASTE LAND, MARSH, SWAMP, SUBMERGED-VACANT LAND",RD-7,11158.0,SF,,,,,,,,,,,20190426.0,300000.0,UNINCORPORATED COUNTY,617700321947811839,Tier 2: Zero Improvement,public_park_or_recreation_agency
20321300340000,203-2130-034-0000,BING DR,ANTELOPE,CA,95843.0,38.709543,-121.396347,NORTH HIGHLANDS RECREATION & PARK DISTRICT,,NORTH HIGHLANDS,CA,95660.0,,,,2024.0,,0.0,VACANT RESIDENTIAL UNDER 10 AC,IAAAFA,8001.0,RESIDENTIAL-VACANT LAND,O,3.03,AC,,,,,,,,,,,20190426.0,300000.0,UNINCORPORATED COUNTY,617700321947811839,Tier 1: Coded Vacant,public_park_or_recreation_agency
20304500360000,203-0450-036-0000,7740 WATT AVE # A,ANTELOPE,CA,95843.0,38.709505,-121.383499,GEP XI VISTA POINT LLC,,HOUSTON,TX,77057.0,10.0,,10.0,2024.0,,0.0,MULTI/LOW RISE APARTMENT/1-3 STY,AE188A,1004.0,CONDOMINIUM UNIT (RESIDENTIAL),RD-20,37418.0,SF,,1986.0,,2.0,,,0.0,,,,20220705.0,48000000.0,UNINCORPORATED COUNTY,617700318076207103,Tier 2: Zero Improvement,occupied_structure_missing_improvement_data
20800840030000,208-0084-003-0000,7108 28TH ST,NORTH HIGHLANDS,CA,95660.0,38.696404,-121.400137,TLKN ONE LLC,,NORTH HIGHLANDS,CA,95660.0,656186.0,109363.0,765549.0,2024.0,,0.0,PARKING LOT,BFH0AA,2036.0,PARKING LOT,SPA,4.79,AC,1198.0,1946.0,1198.0,,,,,,,,20190326.0,700000.0,UNINCORPORATED COUNTY,617700321899053055,Tier 3: Parking/Abandoned,occupied_structure_missing_improvement_data
20702220310000,805-0901-351-0000,6544 22ND ST,RIO LINDA,CA,95673.0,38.686825,-121.414048,PETTIT RONALD D & PAMELA A GOBERT,,RIO LINDA,CA,95673.0,,,,2024.0,,0.0,MOBILE HOME/ON PRIVATE LAND/NOT MH PARK,ATD00A,1006.0,MOBILE/MANUFACTURED HOME (REGARDLESS OF LAND OWNERSHIP),,0.0,,768.0,1975.0,768.0,1.0,,3.0,,,,,,,UNINCORPORATED COUNTY,617700321903247359,Tier 2: Zero Improvement,occupied_structure_missing_improvement_data
20801510110000,208-0151-011-0000,3323 ELKHORN BLVD,NORTH HIGHLANDS,CA,95660.0,38.690994,-121.388574,KAILE JUJHAR SINGH,,ROSEVILLE,CA,95678.0,257326.0,64330.0,321656.0,2024.0,,0.0,PARKING LOT,BFH00A,2036.0,PARKING LOT,M-1,1.09,AC,1250.0,1990.0,1250.0,,,,0.0,,,,20191021.0,300000.0,UNINCORPORATED COUNTY,617700321896693759,Tier 3: Parking/Abandoned,occupied_structure_missing_improvement_data
20801510120000,208-0151-012-0000,3337 ELKHORN BLVD,NORTH HIGHLANDS,CA,95660.0,38.690998,-121.388166,SACRAMENTO METROPOLITAN FIRE DISTRICT,,SACRAMENTO,CA,95825.0,,,,2024.0,20030512.0,0.0,RES/SINGLE FAMILY/NON-SUBDIVISION,A1B00B,1001.0,SINGLE FAMILY RESIDENTIAL,M-1,40099.0,SF,432.0,1945.0,432.0,1.0,,1.0,,,,,20030512.0,,UNINCORPORATED COUNTY,617700321896693759,Tier 2: Zero Improvement,occupied_structure_missing_improvement_data
20801510130000,208-0151-013-0000,6801 34TH ST,NORTH HIGHLANDS,CA,95660.0,38.691007,-121.387765,SACRAMENTO METROPOLITAN FIRE DISTRICT,,SACRAMENTO,CA,95825.0,,,,2024.0,20030512.0,0.0,LIGHT INDUSTRIAL,GAGC0A,5002.0,LIGHT INDUSTRIAL (10% IMPROVED OFFICE SPACE; MACHINE SHOP),M-1,38390.0,SF,2091.0,1957.0,2091.0,1.0,,,,,,,20030512.0,,UNINCORPORATED COUNTY,617700321896693759,Tier 2: Zero Improvement,occupied_structure_missing_improvement_data
11704400040000,117-0440-004-0000,8042 PEGLER WAY,SACRAMENTO,CA,95823.0,38.465433,-121.440894,HOUSING AUTHORITY CITY OF SACRAMENTO,,SACRAMENTO,CA,95814.0,,,,2024.0,19790613.0,0.0,RES/SINGLE FAMILY/SUBDIVISION,A1A00A,1001.0,SINGLE FAMILY RESIDENTIAL,R-1,5460.0,SF,1018.0,1979.0,1018.0,1.0,,3.0,,,,,,,CITY OF SACRAMENTO,617700308561690623,Tier 2: Zero Improvement,occupied_structure_missing_improvement_data
11704400090000,117-0440-009-0000,8059 PEGLER WAY,SACRAMENTO,CA,95823.0,38.464759,-121.440575,HOUSING AUTHORITY CITY OF SACRAMENTO SHRA,,SACRAMENTO,CA,95814.0,,,,2024.0,19790627.0,0.0,RES/SINGLE FAMILY/SUBDIVISION,A1A00A,1001.0,SINGLE FAMILY RESIDENTIAL,R-1,5500.0,SF,1127.0,1979.0,1127.0,1.0,,3.0,,,,,,,CITY OF SACRAMENTO,617700308561428479,Tier 2: Zero Improvement,occupied_structure_missing_improvement_data
11704400550000,117-0440-055-0000,2 WEOTT CT,SACRAMENTO,CA,95823.0,38.465365,-121.438185,HOUSING AUTHORITY CITY OF SACRAMENTO,,SACRAMENTO,CA,95814.0,,,,2024.0,19790613.0,0.0,RES/SINGLE FAMILY/SUBDIVISION,A1A00A,1001.0,SINGLE FAMILY RESIDENTIAL,R-1,6500.0,SF,1018.0,1979.0,1018.0,1.0,,3.0,,,,,,,CITY OF SACRAMENTO,617700308561428479,Tier 2: Zero Improvement,occupied_structure_missing_improvement_data
11801310630000,118-0131-063-0000,6 MASSIE CT,SACRAMENTO,CA,95823.0,38.475149,-121.420763,STATE OF CALIFORNIA,,SACRAMENTO,CA,95823.0,,,,2024.0,,0.0,OFFICE - SINGLE TENANT,CBA00A,3003.0,OFFICE BLDG (GENERAL),C-2-R,0.0,,6476.0,1980.0,6476.0,1,,,,,,,,,CITY OF SACRAMENTO,617700308470464511,Tier 2: Zero Improvement,occupied_structure_missing_improvement_data
11505500490000,115-0550-049-0000,ELSIE AVE,SACRAMENTO,CA,95828.0,38.474259,-121.404739,SOUTHGATE PARKS & RECREATION DISTRICT,,SACRAMENTO,CA,95823.0,,,,2024.0,19930721.0,0.0,"MISC, UNUSABLE-SMALL",MSMALA,8009.0,"WASTE LAND, MARSH, SWAMP, SUBMERGED-VACANT LAND",RD-5,3010.0,SF,,,,,,,,,,,,,UNINCORPORATED COUNTY,617700308475969535,Tier 2: Zero Improvement,public_park_or_recreation_agency
25700400060000,257-0040-006-0000,7180 SUNRISE BLVD,CITRUS HEIGHTS,CA,95610.0,38.697632,-121.270969,SUNRISE RECREATION & PARK DISTRICT,,CITRUS HEIGHTS,CA,95610.0,,,,2024.0,19761108.0,0.0,VACANT RECREATIONAL 5+ AC,IFGBMA,8010.0,RECREATIONAL-VACANT LAND,O,5.5100002,AC,,,,,,,,,,,,,UNINCORPORATED COUNTY,617700278502948863,Tier 1: Coded Vacant,public_park_or_recreation_agency
25900100590000,259-0010-059-0000,7975 STONE CANYON CIR,CITRUS HEIGHTS,CA,95610.0,38.6929,-121.268328,LAZURKA MIRCHA & ANGELINA,,SACRAMENTO,CA,95841.0,,,,2024.0,,0.0,RES/SINGLE FAMILY/SUBDIVISION,A1A00A,1001.0,SINGLE FAMILY RESIDENTIAL,RD5,9583.0,SF,2487.0,1974.0,2487.0,2,,5.0,,,,,20240301.0,489000.0,UNINCORPORATED COUNTY,617700278484336639,Tier 2: Zero Improvement,occupied_structure_missing_improvement_data
24302750030000,243-0275-003-0000,7801 SAYONARA DR,CITRUS HEIGHTS,CA,95610.0,38.685537,-121.276266,COMMUNITY REDEVELOPMENT AGCY CITY OF CITRUS HEIGHT,,CITRUS HEIGHTS,CA,95621.0,,,,2024.0,20090819.0,0.0,RES/FOUR FAMILY/FOURPLEX,A4E00A,1103.0,"QUADRUPLEX (4 UNITS, ANY COMBINATION)",RD20,7028.0,SF,3476.0,1973.0,3476.0,,,8.0,,,,,20090819.0,200000.0,UNINCORPORATED COUNTY,617700322077048831,Tier 2: Zero Improvement,occupied_structure_missing_improvement_data
24302810210000,243-0281-021-0000,7805 SAYONARA DR,CITRUS HEIGHTS,CA,95610.0,38.68554,-121.276037,CITRUS HEIGHTS COMMUNITY REDEVELOPMENT AG,,CITRUS HEIGHTS,CA,95621.0,,,,2024.0,20081015.0,0.0,RES/FOUR FAMILY/FOURPLEX,A4E00A,1103.0,"QUADRUPLEX (4 UNITS, ANY COMBINATION)",RD20,7325.0,SF,3088.0,1978.0,3088.0,,,8.0,,,,,20081015.0,200000.0,UNINCORPORATED COUNTY,617700322077048831,Tier 2: Zero Improvement,occupied_structure_missing_improvement_data
24302810200000,243-0281-020-0000,7809 SAYONARA DR,CITRUS HEIGHTS,CA,95610.0,38.685543,-121.275808,CITY OF CITRUS HEIGHTS COMMUNUNITY REDEV AGENCY,,CITRUS HEIGHTS,CA,95621.0,,,,2024.0,20091120.0,0.0,RES/FOUR FAMILY/FOURPLEX,A4E00A,1103.0,"QUADRUPLEX (4 UNITS, ANY COMBINATION)",RD20,7325.0,SF,3088.0,1978.0,3088.0,,,8.0,,,,,20091120.0,205000.0,UNINCORPORATED COUNTY,617700322077048831,Tier 2: Zero Improvement,occupied_structure_missing_improvement_data
21102000640000,211-0200-064-0000,6649 SUNRISE BLVD,CITRUS HEIGHTS,CA,95610.0,38.687339,-121.272335,HOUSING AUTHORITY OF THE COUNTY OF SACRAMENTO,,SACRAMENTO,CA,95814.0,,,,2024.0,19880930.0,0.0,RES/SINGLE FAMILY/NON-SUBDIVISION,A1B00A,1001.0,SINGLE FAMILY RESIDENTIAL,RD20,1.15,AC,1462.0,1934.0,1462.0,1,,3.0,,,,,,,UNINCORPORATED COUNTY,617700322080980991,Tier 2: Zero Improvement,occupied_structure_missing_improvement_data
22401200290000,224-0120-029-0000,8057 OAK AVE,CITRUS HEIGHTS,CA,95610.0,38.700801,-121.264519,ZAMANI JOSEPH & SHERRY ZAMANI MAUCK,,CITRUS HEIGHTS,CA,95621.0,88368.0,,88368.0,2024.0,20090603.0,0.0,MOBILE HOME/ON PRIVATE LAND/NOT MH PARK,ATC00A,1006.0,MOBILE/MANUFACTURED HOME (REGARDLESS OF LAND OWNERSHIP),RD2,20038.0,SF,842.0,1935.0,842.0,1,,3.0,,,,,20230512.0,70000.0,UNINCORPORATED COUNTY,617700278475948031,Tier 2: Zero Improvement,occupied_structure_missing_improvement_data
22401900240000,224-0190-024-0000,8275 OAK AVE,CITRUS HEIGHTS,CA,95610.0,38.702544,-121.256744,SUNRISE RECREATION & PARK DISTRICT,,CITRUS HEIGHTS,CA,95610.0,,,,2024.0,19810224.0,0.0,VACANT RESIDENTIAL UNDER 2 AC,IAEAAA,8001.0,RESIDENTIAL-VACANT LAND,RD5,1.9299999,AC,,,,,,,,,,,,,UNINCORPORATED COUNTY,617700278475161599,Tier 1: Coded Vacant,public_park_or_recreation_agency
25901600620000,259-0160-062-0000,ESCALLONIA DR,ORANGEVALE,CA,95662.0,38.69314,-121.253596,ORANGEVALE RECREATION & PARKS DISTRICT,,ORANGEVALE,CA,95662.0,,,,2024.0,,0.0,"MISC, UNUSABLE-SMALL",MSMALA,8009.0,"WASTE LAND, MARSH, SWAMP, SUBMERGED-VACANT LAND",O,0.0,,,,,,,,,,,,,,UNINCORPORATED COUNTY,617700278473588735,Tier 2: Zero Improvement,public_park_or_recreation_agency
25901600590000,259-0160-059-0000,ESCALLONIA DR,ORANGEVALE,CA,95662.0,38.692992,-121.253625,ORANGEVALE RECREATION & PARKS DISTRICT,,ORANGEVALE,CA,95662.0,,,,2024.0,,0.0,"MISC, UNUSABLE-SMALL",MSMALA,8009.0,"WASTE LAND, MARSH, SWAMP, SUBMERGED-VACANT LAND",O,0.0,,,,,,,,,,,,,,UNINCORPORATED COUNTY,617700278473588735,Tier 2: Zero Improvement,public_park_or_recreation_agency
25901130310000,259-0113-031-0000,DRYWOOD WAY,ORANGEVALE,CA,95662.0,38.692927,-121.253682,ORANGEVALE RECREATION AND PARKS DISTRICT,,ORANGEVALE,CA,95662.0,,,,2024.0,,0.0,"MISC, UNUSABLE-SMALL",MSMALA,8009.0,"WASTE LAND, MARSH, SWAMP, SUBMERGED-VACANT LAND",RD-5,0.0,,,,,,,,,,,,,,UNINCORPORATED COUNTY,617700278473588735,Tier 2: Zero Improvement,public_park_or_recreation_agency
25901600600000,259-0160-060-0000,6927 ESCALLONIA DR,ORANGEVALE,CA,95662.0,38.692786,-121.253641,ORANGEVALE RECREATION & PARKS DISTRICT,,ORANGEVALE,CA,95662.0,10.0,,10.0,2024.0,,0.0,"MISC, UNUSABLE-SMALL",MSMALA,8009.0,"WASTE LAND, MARSH, SWAMP, SUBMERGED-VACANT LAND",O,0.0,,,,,,,,,,,,,,UNINCORPORATED COUNTY,617700278473588735,Tier 2: Zero Improvement,public_park_or_recreation_agency
25903300390000,259-0330-039-0000,WAR HORSE CT,ORANGEVALE,CA,95662.0,38.686865,-121.255645,ORANGEVALE RECREATION & PARK DISTRICT,,ORANGEVALE,CA,95662.0,,,,2024.0,19851127.0,0.0,VAC RECREATION SITE 2- AC,IFACOA,8010.0,RECREATIONAL-VACANT LAND,R-1-A (PD),4.4400001,AC,,,,,,,,,,,,,UNINCORPORATED COUNTY,617700278480928767,Tier 1: Coded Vacant,public_park_or_recreation_agency
22700500290000,227-0050-029-0000,8124 MOUNTAIN AVE,ORANGEVALE,CA,95662.0,38.71338,-121.201842,COUNTY OF SACRAMENTO,,SACRAMENTO,CA,95827.0,,,,2024.0,19961008.0,0.0,RES/SINGLE FAMILY/RURAL HOME(2 AC OR LES,A1C00A,1008.0,RURAL/AGRICULTURAL RESIDENCE,AR-5,4.5500002,AC,1912.0,1953.0,1912.0,1,,3.0,,,,,19961008.0,,UNINCORPORATED COUNTY,617700277832122367,Tier 2: Zero Improvement,occupied_structure_missing_improvement_data
21301610260000,213-0161-026-0000,6920 HAZEL AVE,ORANGEVALE,CA,95662.0,38.691949,-121.224128,ORANGEVALE RECREATION & PARK DISTRICT,,ORANGEVALE,CA,95662.0,,,,2024.0,,0.0,"OFFICE, RES, CONVERSION 1 STORY",CJA00A,2044.0,COMMERCIAL/OFFICE/RESIDENTIAL (MIXED USE),AR-1,1.88,AC,1354.0,1956.0,1354.0,1,,,,,,,20191001.0,917500.0,UNINCORPORATED COUNTY,617700278295330815,Tier 2: Zero Improvement,public_park_or_recreation_agency
21301610270000,213-0161-027-0000,6930 HAZEL AVE,ORANGEVALE,CA,95662.0,38.692318,-121.224124,ORANGEVALE RECREATION & PARK DISTRICT,,ORANGEVALE,CA,95662.0,,,,2024.0,,0.0,GENERAL OFFICE,CAA00A,3003.0,OFFICE BLDG (GENERAL),AR-1,1.88,AC,5624.0,1960.0,5624.0,1,,,,,,,20191001.0,917500.0,UNINCORPORATED COUNTY,617700278295330815,Tier 2: Zero Improvement,public_park_or_recreation_agency
21301610280000,213-0161-028-0000,6916 HAZEL AVE,ORANGEVALE,CA,95662.0,38.69152,-121.223962,ORANGEVALE REC PK DIST,,ORANGEVALE,CA,95662.0,,,,2024.0,20081022.0,0.0,RES/SINGLE FAMILY/NON-SUBDIVISION,A1B00B,1001.0,SINGLE FAMILY RESIDENTIAL,AR-1,2.3299999,AC,1222.0,1950.0,1222.0,1,,3.0,,,,,20081022.0,325000.0,UNINCORPORATED COUNTY,617700278295330815,Tier 2: Zero Improvement,occupied_structure_missing_improvement_data
21301610290000,213-0161-029-0000,6908 HAZEL AVE,ORANGEVALE,CA,95662.0,38.691329,-121.224718,ORANGEVALE RECREATION & PARK DISTRICT,,ORANGEVALE,CA,95662.0,,,,2024.0,20011219.0,0.0,RES/SINGLE FAMILY/NON-SUBDIVISION,A1B00B,1001.0,SINGLE FAMILY RESIDENTIAL,AR-1,29185.0,SF,973.0,1934.0,973.0,1,,2.0,,,,,20011219.0,100000.0,UNINCORPORATED COUNTY,617700278295330815,Tier 2: Zero Improvement,public_park_or_recreation_agency
21301610330000,213-0161-033-0000,6826 HAZEL AVE,ORANGEVALE,CA,95662.0,38.690699,-121.224571,ORANGEVALE RECREATION & PARK DISTRICT,,ORANGEVALE,CA,95662.0,,,,2024.0,19910529.0,0.0,VACANT RESIDENTIAL UNDER 10 AC,IAABEA,8001.0,RESIDENTIAL-VACANT LAND,AR-1,3.1199999,AC,,,,,,,,,,,,,UNINCORPORATED COUNTY,617700278295330815,Tier 1: Coded Vacant,public_park_or_recreation_agency
21303600120000,213-0360-012-0000,HAZEL AVE,ORANGEVALE,CA,95662.0,38.688916,-121.224191,ORANGEVALE RECREATION & PARK DISTRICT,,ORANGEVALE,CA,95662.0,,,,2024.0,19910529.0,0.0,VACANT RESIDENTIAL UNDER 2 AC,IAEBFA,8001.0,RESIDENTIAL-VACANT LAND,AR-1,4.5900002,AC,,,,,,,,,,,,,UNINCORPORATED COUNTY,617700278288515071,Tier 1: Coded Vacant,public_park_or_recreation_agency
21300150090000,213-0015-009-0000,7208 HAZEL AVE,ORANGEVALE,CA,95662.0,38.696461,-121.222157,ORANGEVALE RECREATION & PARK DISTRICT,,ORANGEVALE,CA,95662.0,,,,2024.0,19851127.0,0.0,PRIVATE CLUB,FH00BA,4007.0,"CLUBS, LODGES, PROFESSIONAL ASSOCIATIONS",O,22.74,AC,,,,,,,,,,,,,UNINCORPORATED COUNTY,617700278294806527,Tier 2: Zero Improvement,public_park_or_recreation_agency
21301610210000,213-0161-021-0000,6839 PECAN AVE,ORANGEVALE,CA,95662.0,38.690693,-121.221894,ORANGEVALE REC & PK DIST,,ORANGEVALE,CA,95662.0,,,,2024.0,20061116.0,0.0,RES/SINGLE FAMILY/RURAL HOME(2-5 AC),A1D00B,1008.0,RURAL/AGRICULTURAL RESIDENCE,AR-1,5.0,AC,532.0,1934.0,532.0,1,,1.0,,,,,20061116.0,800000.0,UNINCORPORATED COUNTY,617700278292447231,Tier 2: Zero Improvement,occupied_structure_missing_improvement_data
21301700240000,213-0170-024-0000,6648 PECAN AVE,ORANGEVALE,CA,95662.0,38.687304,-121.219961,ORANGEVALE WATER COMPANY,,ORANGEVALE,CA,95662.0,9.0,,9.0,2024.0,20010803.0,0.0,RES/SINGLE FAMILY/NON-SUBDIVISION,A1B00A,1001.0,SINGLE FAMILY RESIDENTIAL,AR-1,1.14,AC,1837.0,1958.0,1837.0,1,,3.0,,,,,20240621.0,190000.0,UNINCORPORATED COUNTY,617700278293495807,Tier 2: Zero Improvement,occupied_structure_missing_improvement_data
21301700130000,213-0170-013-0000,9019 CENTRAL AVE,ORANGEVALE,CA,95662.0,38.686017,-121.219997,ORANGEVALE MUTUAL WATER COMPANY,,ORANGEVALE,CA,95662.0,9.0,,9.0,2024.0,19870807.0,0.0,RES/SINGLE FAMILY/NON-SUBDIVISION,A1B00A,1001.0,SINGLE FAMILY RESIDENTIAL,AR-1,11262.0,SF,1450.0,1960.0,1450.0,1,,3.0,,,,,20240621.0,,UNINCORPORATED COUNTY,617700278293495807,Tier 2: Zero Improvement,occupied_structure_missing_improvement_data
22701700020000,227-0170-002-0000,7725 CARDWELL AVE,ORANGEVALE,CA,95662.0,38.706227,-121.197031,BILYEU STANLEY D,,FAIR OAKS,CA,95628.0,10062.0,,10062.0,2024.0,20050602.0,0.0,RES/SINGLE FAMILY/NON-SUBDIVISION,A1B00B,1001.0,SINGLE FAMILY RESIDENTIAL,AR-2,32670.0,SF,720.0,1938.0,720.0,1,,3.0,,,,,20050602.0,108000.0,UNINCORPORATED COUNTY,617700278329409535,Tier 2: Zero Improvement,occupied_structure_missing_improvement_data
02500810140000,025-0081-014-0000,2786 FRUITRIDGE RD,SACRAMENTO,CA,95820.0,38.52411,-121.477732,ANDRADE BENNY RAMIREZ,,WEST SACRAMENTO,CA,95605.0,45066.0,,45066.0,2024.0,20080616.0,0.0,SMALL RETAIL-ONE TENANT,BAA00A,2001.0,"RETAIL STORES ( PERSONAL SERVICES, PHOTOGRAPHY, TRAVEL)",R-1-EA-4,3920.0,SF,572.0,1972.0,572.0,1,,,,,,,20080616.0,,CITY OF SACRAMENTO,617700320418463743,Tier 2: Zero Improvement,occupied_structure_missing_improvement_data
03501310530000,035-0131-053-0000,2260 GLEN ELLEN CIR,SACRAMENTO,CA,95822.0,38.516795,-121.484425,CITY OF SACRAMENTO,,SACRAMENTO,CA,95814.0,,,,2024.0,19970314.0,0.0,OFFICE - SINGLE TENANT,CBA00A,3003.0,OFFICE BLDG (GENERAL),R-1-EA-4,13250.0,SF,4098.0,1959.0,4098.0,1,,4.0,3.0,,,,19970314.0,84000.0,CITY OF SACRAMENTO,617700320446513151,Tier 2: Zero Improvement,occupied_structure_missing_improvement_data
11609700620000,116-0970-062-0000,8169 ELK GROVE BLVD,ELK GROVE,CA,95758.0,38.409532,-121.405689,JOHANN & MARGARETE U S KOHN REV DECLARATION OF TR,,SAN JOSE,CA,95124.0,1006718.0,,1006718.0,2024.0,,0.0,SERVICE STATION,BFA0BA,2041.0,GAS STATION,GC,40816.0,SF,2971.0,1998.0,2971.0,1,,,,,,,,,UNINCORPORATED COUNTY,617700154627588095,Tier 2: Zero Improvement,occupied_structure_missing_improvement_data
12503900160000,125-0390-016-0000,8607 ELK GROVE BLVD,ELK GROVE,CA,95624.0,38.409404,-121.385098,WONG FAMILY REVOCABLE TRUST & PHILIP E WONG/A ALANE,,FREMONT,CA,94538.0,884042.0,,884042.0,2024.0,,0.0,SERVICE STATION,BFA0BA,2041.0,GAS STATION,GC,41969.0,SF,6098.0,2022.0,6098.0,,,,,,,,20111003.0,,UNINCORPORATED COUNTY,617700312285708287,Tier 2: Zero Improvement,occupied_structure_missing_improvement_data
12500300140000,125-0030-014-0000,ELK GROVE BLVD,ELK GROVE,CA,95624.0,38.408648,-121.386694,ELK GROVE COSUMNES CEMETERY DIST,,SACRAMENTO,CA,95826.0,,,,2024.0,,0.0,CEMETERY,DFC00A,9108.0,CEMETERY (EXEMPT),PS,4.2800002,AC,,,,,,,,,,,,,UNINCORPORATED COUNTY,617700312285708287,Tier 2: Zero Improvement,inherently_active_use_parking_airport_cemetery
12500700280000,125-0070-028-0000,8725 ELK GROVE BLVD,ELK GROVE,CA,95624.0,38.409301,-121.379799,ELK GROVE ASSOCIATES LLC,,SACRAMENTO,CA,95864.0,324270.0,,324270.0,2024.0,,0.0,BANK,CCA00A,3007.0,"FINANCIAL BLDG (BANK, S&L; MTGE; LOAN; CREDIT)",GC,26572.0,SF,3784.0,1979.0,3784.0,1.0,,,,,,,20181224.0,,UNINCORPORATED COUNTY,617700308413841407,Tier 2: Zero Improvement,occupied_structure_missing_improvement_data
13202900300000,132-0290-030-0000,8775 POPPY RIDGE RD,ELK GROVE,CA,95757.0,38.394213,-121.382011,CITY OF ELK GROVE,,ELK GROVE,CA,95758.0,,,,2024.0,,0.0,RES/SINGLE FAMILY/SUBDIVISION,A1A00A,1001.0,SINGLE FAMILY RESIDENTIAL,RD-25 SPAS,2.9100001,AC,1928.0,1958.0,1928.0,1,,2.0,,,,,20160415.0,,UNINCORPORATED COUNTY,617700312291999743,Tier 2: Zero Improvement,occupied_structure_missing_improvement_data
13229100090000,132-2910-009-0000,7597 COFFER CT,ELK GROVE,CA,95757.0,38.38646,-121.416743,DARMANJIAN SHALOM,,ELK GROVE,CA,95757.0,155249.0,,155249.0,2024.0,,0.0,RES/SINGLE FAMILY/SUBDIVISION,A1A00A,1001.0,SINGLE FAMILY RESIDENTIAL,RD-5,0.0,,2718.0,,2718.0,2,,4.0,,,,,20240209.0,744500.0,UNINCORPORATED COUNTY,617700312245338111,Tier 2: Zero Improvement,occupied_structure_missing_improvement_data
13229200010000,132-2920-001-0000,10202 PAGODA WAY,ELK GROVE,CA,95757.0,38.386929,-121.415215,MERITAGE HOMES OF CALIFORNIA INC,,SCOTTSDALE,AZ,85255.0,156820.0,,156820.0,2024.0,,0.0,RES/SINGLE FAMILY/SUBDIVISION,A1A00A,1001.0,SINGLE FAMILY RESIDENTIAL,RD-5,0.0,,3247.0,2023.0,3247.0,2,,5.0,,,,,20240723.0,815000.0,UNINCORPORATED COUNTY,617700312245862399,Tier 2: Zero Improvement,occupied_structure_missing_improvement_data
13229200990000,132-2920-099-0000,10179 ASHLAR DR,ELK GROVE,CA,95757.0,38.388248,-121.410922,PADRE RONALDO GREGORIO & ARACELI GALI,,SAN JOSE,CA,95127.0,137622.0,,137622.0,2024.0,,0.0,RES/SINGLE FAMILY/SUBDIVISION,A1A00A,1001.0,SINGLE FAMILY RESIDENTIAL,RD-5,0.0,,2461.0,,2461.0,2,,4.0,,,,,20240820.0,740000.0,UNINCORPORATED COUNTY,617700312252415999,Tier 2: Zero Improvement,occupied_structure_missing_improvement_data
13229200980000,132-2920-098-0000,10175 ASHLAR DR,ELK GROVE,CA,95757.0,38.388397,-121.410926,SEVILLA KATHLEEN R & STEPHEN Q,,ELK GROVE,CA,95757.0,137622.0,,137622.0,2024.0,,0.0,RES/SINGLE FAMILY/SUBDIVISION,A1A00A,1001.0,SINGLE FAMILY RESIDENTIAL,RD-5,0.0,,2897.0,,2897.0,2,,5.0,,,,,20240418.0,793500.0,UNINCORPORATED COUNTY,617700312252415999,Tier 2: Zero Improvement,occupied_structure_missing_improvement_data
13229201000000,132-2920-100-0000,10183 ASHLAR DR,ELK GROVE,CA,95757.0,38.388111,-121.41092,MERITAGE HOMES OF CALIFORNIA INC,,SCOTTSDALE,AZ,85255.0,137622.0,,137622.0,2024.0,,0.0,RES/SINGLE FAMILY/SUBDIVISION,A1A00A,1001.0,SINGLE FAMILY RESIDENTIAL,RD-5,0.0,,2718.0,,2718.0,2,,4.0,,,,,20240510.0,720000.0,UNINCORPORATED COUNTY,617700312252415999,Tier 2: Zero Improvement,occupied_structure_missing_improvement_data
13229300490000,132-2930-049-0000,8001 LUKA WAY,ELK GROVE,CA,95757.0,38.38944,-121.409724,RICHMOND AMERICAN HOMES OF MARYLAND INC,,ROSEVILLE,CA,95661.0,132646.0,,132646.0,2024.0,,0.0,RES/SINGLE FAMILY/SUBDIVISION,A1A00A,1001.0,SINGLE FAMILY RESIDENTIAL,RD-5,0.0,,3200.0,,3200.0,2,,4.0,,,,,20240719.0,,UNINCORPORATED COUNTY,617700312252415999,Tier 2: Zero Improvement,occupied_structure_missing_improvement_data
13229300470000,132-2930-047-0000,8009 LUKA WAY,ELK GROVE,CA,95757.0,38.389441,-121.40934,RICHMOND AMERICAN HOMES OF MARYLAND INC,,ROSEVILLE,CA,95661.0,132646.0,,132646.0,2024.0,,0.0,RES/SINGLE FAMILY/SUBDIVISION,A1A00A,1001.0,SINGLE FAMILY RESIDENTIAL,RD-5,0.0,,2073.0,,2073.0,1,,3.0,,,,,20240726.0,753500.0,UNINCORPORATED COUNTY,617700312252415999,Tier 2: Zero Improvement,occupied_structure_missing_improvement_data
13229300450000,132-2930-045-0000,8017 LUKA WAY,ELK GROVE,CA,95757.0,38.389444,-121.408923,RICHMOND AMERICAN HOMES OF MARYLAND INC,,ROSEVILLE,CA,95661.0,132646.0,,132646.0,2024.0,,0.0,RES/SINGLE FAMILY/SUBDIVISION,A1A00A,1001.0,SINGLE FAMILY RESIDENTIAL,RD-5,0.0,,2799.0,,2799.0,2,,3.0,2.0,,,,20241112.0,872000.0,UNINCORPORATED COUNTY,617700312252415999,Tier 2: Zero Improvement,occupied_structure_missing_improvement_data
13229300540000,132-2930-054-0000,8000 LUKA WAY,ELK GROVE,CA,95757.0,38.389042,-121.409721,RICHMOND AMERICAN HOMES OF MARYLAND INC,,ROSEVILLE,CA,95661.0,132646.0,,132646.0,2024.0,,0.0,RES/SINGLE FAMILY/SUBDIVISION,A1A00A,1001.0,SINGLE FAMILY RESIDENTIAL,RD-5,0.0,,3200.0,,3200.0,2,,4.0,,,,,20240717.0,931000.0,UNINCORPORATED COUNTY,617700312252415999,Tier 2: Zero Improvement,occupied_structure_missing_improvement_data
13229400020000,132-2940-002-0000,8236 SEAHORSE WAY,ELK GROVE,CA,95757.0,38.38997,-121.403925,TL OASIS L P,,ROSEVILLE,CA,95661.0,149100.0,,149100.0,2024.0,,0.0,RES/SINGLE FAMILY/SUBDIVISION,A1A00A,1001.0,SINGLE FAMILY RESIDENTIAL,RD-5,0.0,,3072.0,2023.0,3072.0,2,,5.0,,,,,,,UNINCORPORATED COUNTY,617700312250056703,Tier 2: Zero Improvement,occupied_structure_missing_improvement_data
13228200640000,132-2820-064-0000,8266 BLUE CORAL AVE,ELK GROVE,CA,95757.0,38.391027,-121.400751,POPPY LANE LLC,,ROSEVILLE,CA,95661.0,58888.0,,58888.0,2024.0,,0.0,RES/SINGLE FAMILY/SUBDIVISION,A1A00A,1001.0,SINGLE FAMILY RESIDENTIAL,RD-8,0.0,,2755.0,2023.0,2755.0,2,,4.0,,,,,,,UNINCORPORATED COUNTY,617700312290164735,Tier 2: Zero Improvement,occupied_structure_missing_improvement_data
13229300600000,132-2930-060-0000,8013 BELFRY WAY,ELK GROVE,CA,95757.0,38.388755,-121.409135,RICHMOND AMERICAN HOMES OF MARYLAND INC,,ROSEVILLE,CA,95661.0,132646.0,,132646.0,2024.0,,0.0,RES/SINGLE FAMILY/SUBDIVISION,A1A00A,1001.0,SINGLE FAMILY RESIDENTIAL,RD-5,0.0,,2731.0,,2731.0,2,,4.0,,,,,20240628.0,839000.0,UNINCORPORATED COUNTY,617700312252415999,Tier 2: Zero Improvement,occupied_structure_missing_improvement_data
13200500260000,132-0050-026-0000,7321 ELEFA AVE,ELK GROVE,CA,95757.0,38.383013,-121.416493,MESA LAGUNA RIDGE LIMITED PARTNERSHIP,,ELK GROVE,CA,95757.0,459000.0,,459000.0,2024.0,,0.0,RES/SINGLE FAMILY/RURAL HOME(2 AC OR LES,A1C00B,1008.0,RURAL/AGRICULTURAL RESIDENCE,RD-20,10404.0,SF,778.0,1929.0,778.0,1,,2.0,,,,,20220804.0,450000.0,UNINCORPORATED COUNTY,617700312246386687,Tier 2: Zero Improvement,occupied_structure_missing_improvement_data
13202900040000,132-0290-004-0000,8485 POPPY RIDGE RD,ELK GROVE,CA,95757.0,38.392571,-121.391127,CITY OF ELK GROVE,,ELK GROVE,CA,95758.0,,,,2024.0,,0.0,RES/SINGLE FAMILY/RURAL HOME(OVER 5 AC),A1E00A,1008.0,RURAL/AGRICULTURAL RESIDENCE,PR,19.07,AC,3327.0,1989.0,3327.0,1.0,,4.0,,,,,20171106.0,7110000.0,UNINCORPORATED COUNTY,617700312287805439,Tier 2: Zero Improvement,occupied_structure_missing_improvement_data
13202900090000,132-0290-009-0000,8675 POPPY RIDGE RD,ELK GROVE,CA,95757.0,38.392415,-121.382011,CITY OF ELK GROVE,,ELK GROVE,CA,95758.0,,,,2024.0,,0.0,RES/SINGLE FAMILY/RURAL HOME(2-5 AC),A1D00A,1008.0,RURAL/AGRICULTURAL RESIDENCE,SPASEPA RD,2.4100001,AC,1386.0,1976.0,1386.0,2.0,,2.0,,,,,20170403.0,190000.0,UNINCORPORATED COUNTY,617700312291999743,Tier 2: Zero Improvement,occupied_structure_missing_improvement_data
13202900370000,132-0290-037-0000,8681 POPPY RIDGE RD,ELK GROVE,CA,95757.0,38.392871,-121.382012,CITY OF ELK GROVE,,ELK GROVE,CA,95758.0,,,,2024.0,,0.0,RES/SINGLE FAMILY/RURAL HOME(2 AC OR LES,A1C00A,1008.0,RURAL/AGRICULTURAL RESIDENCE,SPASEPA RD,2.3,AC,2219.0,1986.0,2219.0,1.0,,3.0,,,,,20170228.0,325500.0,UNINCORPORATED COUNTY,617700312291999743,Tier 2: Zero Improvement,occupied_structure_missing_improvement_data
13230400330000,132-3040-033-0000,10313 W SOLVITA WAY,ELK GROVE,CA,95757.0,38.383698,-121.398761,MACHADO ELIZABETH C,,ELK GROVE,CA,95757.0,162101.0,,162101.0,2024.0,,0.0,RES/SINGLE FAMILY/SUBDIVISION,A1A00A,1001.0,SINGLE FAMILY RESIDENTIAL,SPASEPA,0.0,,1552.0,2023.0,1552.0,1.0,,3.0,,,,,20240507.0,632000.0,UNINCORPORATED COUNTY,617700312250843135,Tier 2: Zero Improvement,occupied_structure_missing_improvement_data
13230400320000,132-3040-032-0000,10309 W SOLVITA WAY,ELK GROVE,CA,95757.0,38.383882,-121.398769,KB HOME SACRAMENTO INC,,ROSEVILLE,CA,95661.0,162101.0,,162101.0,2024.0,,0.0,RES/SINGLE FAMILY/SUBDIVISION,A1A00A,1001.0,SINGLE FAMILY RESIDENTIAL,SPASEPA,0.0,,2124.0,2023.0,2124.0,2.0,,3.0,,,,,,,UNINCORPORATED COUNTY,617700312250843135,Tier 2: Zero Improvement,occupied_structure_missing_improvement_data
13230400460000,132-3040-046-0000,10298 W SOLVITA WAY,ELK GROVE,CA,95757.0,38.384204,-121.398261,KB HOME SACRAMENTO INC,,ROSEVILLE,CA,95661.0,162101.0,,162101.0,2024.0,,0.0,RES/SINGLE FAMILY/SUBDIVISION,A1A00A,1001.0,SINGLE FAMILY RESIDENTIAL,SPASEPA,0.0,,1860.0,2023.0,1860.0,2.0,,3.0,,,,,20240624.0,661000.0,UNINCORPORATED COUNTY,617700312250843135,Tier 2: Zero Improvement,occupied_structure_missing_improvement_data
13228000650000,132-2800-065-0000,10479 CELLO WAY,ELK GROVE,CA,95757.0,38.377254,-121.378361,ROMERO REVOCABLE TRUST,,ELK GROVE,CA,95757.0,71558.0,,71558.0,2024.0,,0.0,RES/SINGLE FAMILY/SUBDIVISION,A1A00A,1001.0,SINGLE FAMILY RESIDENTIAL,RD-15,0.0,,1638.0,2023.0,1638.0,2,,3.0,,,,,20230824.0,560000.0,UNINCORPORATED COUNTY,617700312232493055,Tier 2: Zero Improvement,occupied_structure_missing_improvement_data
13203000120000,132-0300-012-0000,7809 KAMMERER RD,ELK GROVE,CA,95757.0,38.37261,-121.411918,CITY OF ELK GROVE,,ELK GROVE,CA,95758.0,,,,2024.0,,0.0,RES/SINGLE FAMILY/RURAL HOME(2 AC OR LES,A1C00A,1008.0,RURAL/AGRICULTURAL RESIDENCE,SPASEPA,34328.0,SF,1730.0,1963.0,1730.0,1,,3.0,,,,,20160916.0,,UNINCORPORATED COUNTY,617700312255037439,Tier 2: Zero Improvement,occupied_structure_missing_improvement_data
13203000140000,132-0300-014-0000,7909 KAMMERER RD,ELK GROVE,CA,95757.0,38.372627,-121.41048,CITY OF ELK GROVE,,ELK GROVE,CA,95758.0,,,,2024.0,,0.0,RES/SINGLE FAMILY/RURAL HOME(2 AC OR LES,A1C00A,1008.0,RURAL/AGRICULTURAL RESIDENCE,SPASEPA,36260.0,SF,1110.0,1956.0,1110.0,1,,2.0,,,,,20161018.0,,UNINCORPORATED COUNTY,617700312319262719,Tier 2: Zero Improvement,occupied_structure_missing_improvement_data
13203000160000,132-0300-016-0000,8051 KAMMERER RD,ELK GROVE,CA,95757.0,38.373037,-121.409767,CITY OF ELK GROVE,,ELK GROVE,CA,95758.0,,,,2024.0,,0.0,RES/SINGLE FAMILY/RURAL HOME(2 AC OR LES,A1C00A,1008.0,RURAL/AGRICULTURAL RESIDENCE,SPASEPA,2.1800001,AC,1369.0,1970.0,1369.0,1,,3.0,,,,,20160915.0,155000.0,UNINCORPORATED COUNTY,617700312319262719,Tier 2: Zero Improvement,occupied_structure_missing_improvement_data
13203100080000,819-0901-151-0000,10836 RAU RD,ELK GROVE,CA,95757.0,38.363295,-121.404012,GAGE CHARLES N & CLAUDIA B,,WILTON,CA,95693.0,,,,2024.0,,0.0,MOBILE HOME/ON PRIVATE LAND/NOT MH PARK,ATC00A,1006.0,MOBILE/MANUFACTURED HOME (REGARDLESS OF LAND OWNERSHIP),,0.0,,804.0,1973.0,804.0,1,,2.0,,,,,,,UNINCORPORATED COUNTY,617700312317689855,Tier 2: Zero Improvement,occupied_structure_missing_improvement_data
12502910120000,125-0291-012-0004,9508 EMERALD PARK DR APT 4,ELK GROVE,CA,95624.0,38.405479,-121.369552,CITY OF ELK GROVE,,ELK GROVE,CA,95758.0,,,,2024.0,,0.0,RES/SINGLE FAMILY/CONDOMINIUM,A1F00A,1004.0,CONDOMINIUM UNIT (RESIDENTIAL),RD-20,1943.0,SF,924.0,1972.0,924.0,1,,2.0,,,,,20231214.0,90000.0,UNINCORPORATED COUNTY,617700308415152127,Tier 2: Zero Improvement,occupied_structure_missing_improvement_data
12502910060000,125-0291-006-0003,9532 EMERALD PARK DR APT 3,ELK GROVE,CA,95624.0,38.405475,-121.368231,CITY OF ELK GROVE,,ELK GROVE,CA,95758.0,,,,2024.0,,0.0,RES/SINGLE FAMILY/CONDOMINIUM,A1F00A,1004.0,CONDOMINIUM UNIT (RESIDENTIAL),RD-20,1966.0,SF,840.0,1972.0,840.0,2,,2.0,,,,,20231214.0,77500.0,UNINCORPORATED COUNTY,617700308412268543,Tier 2: Zero Improvement,occupied_structure_missing_improvement_data
12502530510000,125-0253-051-0000,9055 LOCUST ST # E,ELK GROVE,CA,95624.0,38.409854,-121.363942,DERR LAND PARTNER,,ELK GROVE,CA,95624.0,74909.0,,74909.0,2024.0,19950111.0,0.0,BUILDING MATERIALS,GDDA0A,6010.0,"LUMBERYARD, BUILDING MATERIALS",SPA-OT,15200.0,SF,7984.0,1936.0,7984.0,1,,,,,,,,,UNINCORPORATED COUNTY,617700308403093503,Tier 2: Zero Improvement,occupied_structure_missing_improvement_data
12502430390000,125-0243-039-0000,9108 ELK GROVE BLVD,ELK GROVE,CA,95624.0,38.408696,-121.361901,CITY OF ELK GROVE,,ELK GROVE,CA,95758.0,,,,2024.0,,0.0,PARKING LOT,BFH00A,2036.0,PARKING LOT,SPA-OT,18731.0,SF,1134.0,1910.0,1134.0,1,,,0.0,,,,20190531.0,,UNINCORPORATED COUNTY,617700308404666367,Tier 2: Zero Improvement,occupied_structure_missing_improvement_data
13404700600000,134-0470-060-0000,9112 JONELL CT,ELK GROVE,CA,95624.0,38.407017,-121.361436,CITY OF ELK GROVE,,ELK GROVE,CA,95758.0,,,,2024.0,,0.0,RES/SINGLE FAMILY/SUBDIVISION,A1A00A,1001.0,SINGLE FAMILY RESIDENTIAL,RD-5,9474.0,SF,2166.0,1984.0,2166.0,1,,5.0,,,,,20231214.0,155500.0,UNINCORPORATED COUNTY,617700308404666367,Tier 2: Zero Improvement,occupied_structure_missing_improvement_data
13403040010000,134-0304-001-0000,9200 MEADOW GROVE DR,ELK GROVE,CA,95624.0,38.404691,-121.356614,CITY OF ELK GROVE,,ELK GROVE,CA,95758.0,,,,2024.0,,0.0,RES/SINGLE FAMILY/SUBDIVISION,A1A00A,1001.0,SINGLE FAMILY RESIDENTIAL,RD-5,9260.0,SF,2788.0,1966.0,2788.0,1,,7.0,,,,,20231214.0,190000.0,UNINCORPORATED COUNTY,617700308415676415,Tier 2: Zero Improvement,occupied_structure_missing_improvement_data
20900800490000,209-0080-049-0000,7800 LICHEN DR,CITRUS HEIGHTS,CA,95621.0,38.707859,-121.312993,GRACE L LUSK REVOCABLE 2001 TRUST,,CITRUS HEIGHTS,CA,95610.0,571336.0,,571336.0,2024.0,,0.0,SERVICE STATION,BFA00A,2041.0,GAS STATION,SPA,32234.0,SF,2794.0,1987.0,2794.0,1.0,,,,,,,20141113.0,,UNINCORPORATED COUNTY,617700322202615807,Tier 2: Zero Improvement,occupied_structure_missing_improvement_data
20903300180000,209-0330-018-0000,8100 BUTTERNUT DR,CITRUS HEIGHTS,CA,95621.0,38.715759,-121.302114,SUNRISE RECREATION & PARK DISTRICT,,CITRUS HEIGHTS,CA,95610.0,,,,2024.0,19810420.0,0.0,RES/MOBILE HOME PARK,AH0004,1109.0,"MOBILE HOME PARK, TRAILER PARK",O,26180.0,SF,,,,,,,,,,,,,UNINCORPORATED COUNTY,617700322194489343,Tier 2: Zero Improvement,public_park_or_recreation_agency
20402020070000,204-0202-007-0000,7429 ANTELOPE RD,CITRUS HEIGHTS,CA,95621.0,38.707366,-121.293248,SUNRISE RECREATION & PARK DISTRICT,,CITRUS HEIGHTS,CA,95610.0,,,,2024.0,,0.0,RES/SINGLE FAMILY/NON-SUBDIVISION,A1B00A,1001.0,SINGLE FAMILY RESIDENTIAL,O,14017.0,SF,1632.0,1949.0,1632.0,1.0,,3.0,,,,,20180316.0,,UNINCORPORATED COUNTY,617700322208120831,Tier 2: Zero Improvement,public_park_or_recreation_agency
20402410010000,802-0007-005-0000,7540 AUBURN BLVD SPC 23,CITRUS HEIGHTS,CA,95610.0,38.703578,-121.289593,CALLISON EARL RONALD & PAMELA KAY,,CITRUS HEIGHTS,CA,95610.0,,,,2024.0,,0.0,MOBILE HOME/ON LEASED LAND/MH PARK,ATA00A,1006.0,MOBILE/MANUFACTURED HOME (REGARDLESS OF LAND OWNERSHIP),,0.0,,600.0,1959.0,600.0,1,,2.0,,,,,,,UNINCORPORATED COUNTY,617700278499803135,Tier 2: Zero Improvement,occupied_structure_missing_improvement_data
21106000200000,211-0600-020-0000,TWIN PARK DR,CITRUS HEIGHTS,CA,95621.0,38.69572,-121.313489,SUNRISE RECREATION & PARK DISTRICT,,CITRUS HEIGHTS,CA,95610.0,,,,2024.0,19770826.0,0.0,"MISC, UNUSABLE-SMALL",MSMALA,8009.0,"WASTE LAND, MARSH, SWAMP, SUBMERGED-VACANT LAND",RD5,570.0,SF,,,,,,,,,,,,,UNINCORPORATED COUNTY,617700322264481791,Tier 2: Zero Improvement,public_park_or_recreation_agency
21101530150000,211-0153-015-0000,7000 VERNER AVE,CITRUS HEIGHTS,CA,95621.0,38.691745,-121.324383,SUNRISE RECREATION & PARK DISTRICT,,CITRUS HEIGHTS,CA,95610.0,,,,2024.0,19820305.0,0.0,GOLF COURSE (PUBLIC),FAB00A,4028.0,GOLF COURSE,CR,15.27,AC,,,,,,,,,,,,,UNINCORPORATED COUNTY,617700322234597375,Tier 2: Zero Improvement,public_park_or_recreation_agency
21101530160000,211-0153-016-0000,VERNER AVE,CITRUS HEIGHTS,CA,95621.0,38.692778,-121.324384,SUNRISE RECREATION & PARK DISTRICT,,CITRUS HEIGHTS,CA,95610.0,,,,2024.0,19820305.0,0.0,GOLF COURSE (PUBLIC),FAB00A,4028.0,GOLF COURSE,CR,200.0,SF,,,,,,,,,,,,,UNINCORPORATED COUNTY,617700322234597375,Tier 2: Zero Improvement,public_park_or_recreation_agency
21107400010000,211-0740-001-0000,FLAMING ARROW DR,CITRUS HEIGHTS,CA,95621.0,38.690059,-121.326105,SUNRISE RECREATION & PARK DISTRICT,,CITRUS HEIGHTS,CA,95610.0,,,,2024.0,19801106.0,0.0,VACANT RESIDENTIAL UNDER 2 AC,IAEDFA,8001.0,RESIDENTIAL-VACANT LAND,SPA,3.9000001,AC,,,,,,,,,,,,,UNINCORPORATED COUNTY,617700322234597375,Tier 1: Coded Vacant,public_park_or_recreation_agency
22903900180000,229-0390-018-0000,6700 VERNER AVE,SACRAMENTO,CA,95841.0,38.686034,-121.329793,EAST LAWN SIERRA HILLS MEM PARK,,SACRAMENTO,CA,95819.0,86503.0,,86503.0,2024.0,19711012.0,0.0,CEMETERY,DFC00A,9108.0,CEMETERY (EXEMPT),SPA,4.0,AC,15922.0,1985.0,15922.0,1,,,,,,,,,UNINCORPORATED COUNTY,617700322235121663,Tier 2: Zero Improvement,occupied_structure_missing_improvement_data
21106600600000,211-0660-060-0000,,,,,38.693214,-121.313446,SUNRISE RECREATION & PARK DISTRICT,,CITRUS HEIGHTS,CA,95610.0,,,,2024.0,19771024.0,0.0,"MISC, UNUSABLE-SMALL",MSMALA,8009.0,"WASTE LAND, MARSH, SWAMP, SUBMERGED-VACANT LAND",RD5,348.0,SF,,,,,,,,,,,,,UNINCORPORATED COUNTY,617700322272346111,Tier 2: Zero Improvement,public_park_or_recreation_agency
20402200030000,204-0220-003-0000,7401 AUBURN BLVD,CITRUS HEIGHTS,CA,95610.0,38.700595,-121.292404,SYLVAN CEMETERY DIST,,CITRUS HEIGHTS,CA,95610.0,,,,2024.0,19740723.0,0.0,CEMETERY,DFC00A,9108.0,CEMETERY (EXEMPT),RD2,7.5900002,AC,73342.0,2009.0,73342.0,1,,,,,,,,,UNINCORPORATED COUNTY,617700278501113855,Tier 2: Zero Improvement,occupied_structure_missing_improvement_data
20401020190000,204-0102-019-0000,7484 KANAI AVE,CITRUS HEIGHTS,CA,95621.0,38.701184,-121.291041,SYLVAN CEMETERY DISTRICT,,CITRUS HEIGHTS,CA,95610.0,,,,2024.0,20071115.0,0.0,GENERAL OFFICE,CAA00C,3003.0,OFFICE BLDG (GENERAL),SPA,11069.0,SF,2076.0,1971.0,2076.0,1,,,0.0,,,,20071115.0,305000.0,UNINCORPORATED COUNTY,617700278500851711,Tier 2: Zero Improvement,occupied_structure_missing_improvement_data
21100200230000,211-0020-023-0000,AUBURN BLVD,CITRUS HEIGHTS,CA,95621.0,38.69981,-121.292959,SYLVAN CEMETERY DISTRICT,,CITRUS HEIGHTS,CA,95621.0,,,,2024.0,19740723.0,0.0,CEMETERY,DFC00A,9108.0,CEMETERY (EXEMPT),RD2,6.0799999,AC,,,,,,,,,,,,,UNINCORPORATED COUNTY,617700278501113855,Tier 2: Zero Improvement,inherently_active_use_parking_airport_cemetery
21100200270000,211-0020-027-0000,7401 AUBURN BLVD,CITRUS HEIGHTS,CA,95610.0,38.698958,-121.29086,SYLVAN CEMETERY DISTRICT,,CITRUS HEIGHTS,CA,95610.0,,,,2024.0,,0.0,CEMETERY,DFC00A,9108.0,CEMETERY (EXEMPT),RD2,4.5900002,AC,,,,,,,,,,,20200520.0,,UNINCORPORATED COUNTY,617700278500851711,Tier 2: Zero Improvement,inherently_active_use_parking_airport_cemetery
21101320150000,211-0132-015-0000,6657 AUBURN BLVD,CITRUS HEIGHTS,CA,95621.0,38.687114,-121.309097,ROMEO GROUP LLC,,OAKLAND,CA,94607.0,161686.0,75262.0,236948.0,2024.0,,0.0,PARKING LOT,BFH00A,2036.0,PARKING LOT,LC,18040.0,SF,1040.0,1960.0,1040.0,,,,,,,,20171218.0,3243500.0,UNINCORPORATED COUNTY,617700322269724671,Tier 3: Parking/Abandoned,occupied_structure_missing_improvement_data
26802100510000,268-0210-051-0000,,,,,38.61448,-121.394487,FULTON EL CAMINO REC & PARK DIST,,SACRAMENTO,CA,95825.0,,,,2024.0,,0.0,"MISC, UNUSABLE-SMALL",MSMALA,8009.0,"WASTE LAND, MARSH, SWAMP, SUBMERGED-VACANT LAND",RD-3,10442.0,SF,,,,,,,,,,,,,UNINCORPORATED COUNTY,617700322542354431,Tier 2: Zero Improvement,public_park_or_recreation_agency
28600110280000,286-0011-028-0000,2610 ARDEN WAY,SACRAMENTO,CA,95825.0,38.595574,-121.400819,ARDEN2600 LLC,,FOLSOM,CA,95763.0,392719.0,,392719.0,2024.0,,0.0,SERVICE STATION,BFA00A,2041.0,GAS STATION,LC AC,23520.0,SF,2739.0,1998.0,2739.0,1,,,,,,,20220314.0,,UNINCORPORATED COUNTY,617700322312716287,Tier 2: Zero Improvement,occupied_structure_missing_improvement_data
27902240050000,279-0224-005-0000,1861 WATT AVE,SACRAMENTO,CA,95825.0,38.599267,-121.38424,WILLETT LAND CO INC,,SACRAMENTO,CA,95825.0,141885.0,,141885.0,2024.0,,0.0,MULTI/LOW RISE APARTMENT/1-3 STY,AE040A,1112.0,APARTMENTS (GENERIC),RD-30,1.95,AC,35630.0,1963.0,35630.0,2,,,,,,,,,UNINCORPORATED COUNTY,617700322317172735,Tier 2: Zero Improvement,occupied_structure_missing_improvement_data
27902230170000,279-0223-017-0000,1855 WATT AVE,SACRAMENTO,CA,95825.0,38.598575,-121.383546,WILLETT LAND CO INC,,LINCOLN,CA,95648.0,324481.0,,324481.0,2024.0,,0.0,SERVICE STATION,BFA0BA,2041.0,GAS STATION,LC,38870.0,SF,1576.0,1971.0,1576.0,1,,,,,,,,,UNINCORPORATED COUNTY,617700322317172735,Tier 2: Zero Improvement,occupied_structure_missing_improvement_data
27902530170000,279-0253-017-0000,1801 WATT AVE,SACRAMENTO,CA,95825.0,38.597715,-121.383613,WILLETT LAND CO INC (1745/18) 01 WATT AVENUE LLC,,WOODLAND,CA,95695.0,1018590.0,,1018590.0,2024.0,,0.0,FAST FOOD/DRIVE-THRU,BCE00A,2013.0,FAST FOOD RESTAURANT / DRIVE-THRU,LC,31058.0,SF,2418.0,1989.0,2418.0,1,,,,,,,,,UNINCORPORATED COUNTY,617700322317172735,Tier 2: Zero Improvement,occupied_structure_missing_improvement_data
27902530240000,279-0253-024-0000,3401 ARDEN WAY,SACRAMENTO,CA,95825.0,38.59714,-121.384944,WILLETT LAND COMPANY (BOB INCORPORATED),,CITRUS HEIGHTS,CA,95611.0,500000.0,,500000.0,2024.0,20060710.0,0.0,CABANA,FGE00A,4025.0,"OUTDOOR RECREATION: BEACH, MOUNTAIN, DESERT",LC,1.21,AC,21590.0,1973.0,21590.0,1,,,,,,,20050516.0,,UNINCORPORATED COUNTY,617700322317172735,Tier 2: Zero Improvement,occupied_structure_missing_improvement_data
27902530220000,279-0253-022-0000,1735 WATT AVE,SACRAMENTO,CA,95825.0,38.597056,-121.383423,WILLETT LAND CO INC,MICHAEL & SONS,SACRAMENTO,CA,95825.0,116790.0,,116790.0,2024.0,,0.0,AUTO REPAIR GARAGE,BFC00A,2024.0,"AUTO REPAIR (& RELATED), GARAGE",LC,15464.0,SF,2304.0,1960.0,2304.0,1,,,,,,,,,UNINCORPORATED COUNTY,617700322317172735,Tier 2: Zero Improvement,occupied_structure_missing_improvement_data
27902530130000,279-0253-013-0000,3355 ARDEN WAY,SACRAMENTO,CA,95825.0,38.596217,-121.385135,WILLETT LAND CO (BRAZIL & SALERNO & GERM & BENVENUTI),,SACRAMENTO,CA,95822.0,107653.0,,107653.0,2024.0,19670824.0,0.0,SMALL RETAIL-MULTI TENANT,BAB00A,2001.0,"RETAIL STORES ( PERSONAL SERVICES, PHOTOGRAPHY, TRAVEL)",LC,19602.0,SF,7492.0,1970.0,7492.0,1,,,,,,,20050803.0,,UNINCORPORATED COUNTY,617700322296987647,Tier 2: Zero Improvement,occupied_structure_missing_improvement_data
27902530200000,279-0253-020-0000,3441 ARDEN WAY,SACRAMENTO,CA,95825.0,38.596191,-121.383856,WILLET LAND COMPANY,,SACRAMENTO,CA,95825.0,562703.0,,562703.0,2024.0,20060526.0,0.0,SAVINGS & LOAN,CDA00A,3007.0,"FINANCIAL BLDG (BANK, S&L; MTGE; LOAN; CREDIT)",LC,17947.0,SF,4011.0,1967.0,4011.0,1,,,,,,,20170731.0,,UNINCORPORATED COUNTY,617700322296987647,Tier 2: Zero Improvement,occupied_structure_missing_improvement_data
27902530230000,279-0253-023-0000,3433 ARDEN WAY,SACRAMENTO,CA,95825.0,38.596189,-121.384203,WILLETT LAND CO INC (MT WATT LLC),,SACRAMENTO,CA,95814.0,188402.0,,188402.0,2024.0,20110203.0,540000.0,GENERAL OFFICE,CAA00A,3003.0,OFFICE BLDG (GENERAL),LC,20865.0,SF,5338.0,1997.0,5338.0,,,,,,,,20100924.0,540000.0,UNINCORPORATED COUNTY,617700322296987647,Tier 2: Zero Improvement,occupied_structure_missing_improvement_data
00701230100000,007-0123-010-0000,3200 J ST,SACRAMENTO,CA,95816.0,38.571901,-121.463197,ANDREW J & MARILYN C SMOLICH REVOCABLE TRUST,,CARMICHAEL,CA,95608.0,708725.0,,708725.0,2024.0,,0.0,SMALL RETAIL-ONE TENANT,BAA00B,2001.0,"RETAIL STORES ( PERSONAL SERVICES, PHOTOGRAPHY, TRAVEL)",C-2-SPD,12800.0,SF,4800.0,1948.0,4800.0,1,,,,,,,19961226.0,,CITY OF SACRAMENTO,617700319909117951,Tier 2: Zero Improvement,occupied_structure_missing_improvement_data
00702210220000,007-0221-022-0000,1335 32ND ST,SACRAMENTO,CA,95816.0,38.568775,-121.464551,MIKACICH JOHN,,SACRAMENTO,CA,95822.0,198393.0,,198393.0,2024.0,19940401.0,0.0,RES/SINGLE FAMILY/SUBDIVISION,A1A00B,1001.0,SINGLE FAMILY RESIDENTIAL,C-1-R-SPD,5663.0,SF,589.0,1950.0,589.0,1,,1.0,,,,,19940401.0,,CITY OF SACRAMENTO,617700319969411071,Tier 2: Zero Improvement,occupied_structure_missing_improvement_data
11713200550000,117-1320-055-0000,5725 MOON CREEK WAY,ELK GROVE,CA,95758.0,38.439792,-121.436791,CITY OF ELK GROVE,,ELK GROVE,CA,95758.0,,,,2024.0,,0.0,RES/SINGLE FAMILY/SUBDIVISION,A1A00A,1001.0,SINGLE FAMILY RESIDENTIAL,RD-5,5314.0,SF,2900.0,2000.0,2900.0,2,,7.0,,,,,20231214.0,,UNINCORPORATED COUNTY,617700154573324287,Tier 2: Zero Improvement,occupied_structure_missing_improvement_data
11715800410000,117-1580-041-0000,SEASMOKE PL,ELK GROVE,CA,95758.0,38.44056,-121.416159,CALISTOGA HOMEOWNERS ASSOCIATION,,SACRAMENTO,CA,95814.0,,,,2024.0,,0.0,RES/SINGLE FAMILY/SUBDIVISION,A1A00A,1001.0,SINGLE FAMILY RESIDENTIAL,R-1A,3667.0,SF,1683.0,2018.0,1683.0,2,,4.0,,,,,,,CITY OF SACRAMENTO,617700308547272703,Tier 2: Zero Improvement,occupied_structure_missing_improvement_data
11616500610000,116-1650-061-0000,8826 SEBAGO WAY,ELK GROVE,CA,95758.0,38.43692,-121.410336,CHOHAN SANJAY,,ELK GROVE,CA,95758.0,132500.0,,132500.0,2024.0,,0.0,RES/SINGLE FAMILY/SUBDIVISION,A1A00A,1001.0,SINGLE FAMILY RESIDENTIAL,RD-6,0.0,,2529.0,,2529.0,2,,5.0,,,,,20240514.0,692500.0,UNINCORPORATED COUNTY,617700154562314239,Tier 2: Zero Improvement,occupied_structure_missing_improvement_data
11616500600000,116-1650-060-0000,8830 SEBAGO WAY,ELK GROVE,CA,95758.0,38.436771,-121.410334,D R HORTON CA2 INCORPORATED,,ROSEVILLE,CA,95661.0,132500.0,,132500.0,2024.0,,0.0,RES/SINGLE FAMILY/SUBDIVISION,A1A00A,1001.0,SINGLE FAMILY RESIDENTIAL,RD-6,0.0,,1501.0,,1501.0,1,,3.0,,,,,20240517.0,607000.0,UNINCORPORATED COUNTY,617700154562314239,Tier 2: Zero Improvement,occupied_structure_missing_improvement_data
11616500590000,116-1650-059-0000,8834 SEBAGO WAY,ELK GROVE,CA,95758.0,38.436623,-121.410333,D R HORTON CA2 INCORPORATED,,ROSEVILLE,CA,95661.0,132500.0,,132500.0,2024.0,,0.0,RES/SINGLE FAMILY/SUBDIVISION,A1A00A,1001.0,SINGLE FAMILY RESIDENTIAL,RD-6,0.0,,1825.0,,1825.0,1,,4.0,,,,,20240529.0,611500.0,UNINCORPORATED COUNTY,617700154562314239,Tier 2: Zero Improvement,occupied_structure_missing_improvement_data
11616500580000,116-1650-058-0000,8838 SEBAGO WAY,ELK GROVE,CA,95758.0,38.436475,-121.410332,D R HORTON CA2 INC,,ROSEVILLE,CA,95661.0,135150.0,,135150.0,2024.0,,0.0,RES/SINGLE FAMILY/SUBDIVISION,A1A00A,1001.0,SINGLE FAMILY RESIDENTIAL,RD-6,0.0,,2529.0,,2529.0,2,,5.0,,,,,20240628.0,673000.0,UNINCORPORATED COUNTY,617700154562314239,Tier 2: Zero Improvement,occupied_structure_missing_improvement_data
11616500790000,116-1650-079-0000,8832 STRATHAM WAY,ELK GROVE,CA,95758.0,38.436703,-121.411194,ORTEGA MIGUEL A & LAI LU,,ELK GROVE,CA,95758.0,135150.0,,135150.0,2024.0,,0.0,RES/SINGLE FAMILY/SUBDIVISION,A1A00A,1001.0,SINGLE FAMILY RESIDENTIAL,RD-6,0.0,,1501.0,2023.0,1501.0,1,,3.0,,,,,20240131.0,602000.0,UNINCORPORATED COUNTY,617700154562314239,Tier 2: Zero Improvement,occupied_structure_missing_improvement_data
11616500480000,116-1650-048-0000,8819 SEBAGO WAY,ELK GROVE,CA,95758.0,38.437218,-121.409851,D R HORTON CA2 INCORPORATED,,ROSEVILLE,CA,95661.0,132500.0,,132500.0,2024.0,,0.0,RES/SINGLE FAMILY/SUBDIVISION,A1A00A,1001.0,SINGLE FAMILY RESIDENTIAL,RD-6,0.0,,2529.0,,2529.0,2,,5.0,,,,,20240509.0,680500.0,UNINCORPORATED COUNTY,617700154562838527,Tier 2: Zero Improvement,occupied_structure_missing_improvement_data
11616500470000,116-1650-047-0000,8815 SEBAGO WAY,ELK GROVE,CA,95758.0,38.437377,-121.409853,NGUYEN SANG & CHI PHU,,ELK GROVE,CA,95758.0,132500.0,,132500.0,2024.0,,0.0,RES/SINGLE FAMILY/SUBDIVISION,A1A00A,1001.0,SINGLE FAMILY RESIDENTIAL,RD-6,0.0,,1825.0,,1825.0,1,,4.0,,,,,20240426.0,630500.0,UNINCORPORATED COUNTY,617700154562838527,Tier 2: Zero Improvement,occupied_structure_missing_improvement_data
11616500460000,116-1650-046-0000,7760 FORESTDALE WAY,ELK GROVE,CA,95758.0,38.43739,-121.40954,D R HORTON CA2 INC,,ROSEVILLE,CA,95661.0,109650.0,,109650.0,2024.0,,0.0,RES/SINGLE FAMILY/SUBDIVISION,A1A00A,1001.0,SINGLE FAMILY RESIDENTIAL,RD-10,0.0,,1567.0,,1567.0,2,,3.0,,,,,20240624.0,520000.0,UNINCORPORATED COUNTY,617700154562838527,Tier 2: Zero Improvement,occupied_structure_missing_improvement_data
11616500450000,116-1650-045-0000,7764 FORESTDALE WAY,ELK GROVE,CA,95758.0,38.437263,-121.409535,D R HORTON CA2 INC,,ROSEVILLE,CA,95661.0,109650.0,,109650.0,2024.0,,0.0,RES/SINGLE FAMILY/SUBDIVISION,A1A00A,1001.0,SINGLE FAMILY RESIDENTIAL,RD-10,0.0,,1631.0,,1631.0,2,,4.0,,,,,20240626.0,530000.0,UNINCORPORATED COUNTY,617700154562838527,Tier 2: Zero Improvement,occupied_structure_missing_improvement_data
11616500500000,116-1650-050-0000,8827 SEBAGO WAY,ELK GROVE,CA,95758.0,38.436921,-121.409837,D R HORTON CA2 INCORPORATED,,ROSEVILLE,CA,95661.0,132500.0,,132500.0,2024.0,,0.0,RES/SINGLE FAMILY/SUBDIVISION,A1A00A,1001.0,SINGLE FAMILY RESIDENTIAL,RD-6,0.0,,1825.0,,1825.0,1,,4.0,,,,,20240514.0,615000.0,UNINCORPORATED COUNTY,617700154562838527,Tier 2: Zero Improvement,occupied_structure_missing_improvement_data
11616500490000,116-1650-049-0000,8823 SEBAGO WAY,ELK GROVE,CA,95758.0,38.43707,-121.409842,D R HORTON CA2 INCORPORATED,,ROSEVILLE,CA,95661.0,132500.0,,132500.0,2024.0,,0.0,RES/SINGLE FAMILY/SUBDIVISION,A1A00A,1001.0,SINGLE FAMILY RESIDENTIAL,RD-6,0.0,,1501.0,,1501.0,1,,3.0,,,,,20240510.0,604500.0,UNINCORPORATED COUNTY,617700154562838527,Tier 2: Zero Improvement,occupied_structure_missing_improvement_data
11616500430000,116-1650-043-0000,7772 FORESTDALE WAY,ELK GROVE,CA,95758.0,38.437033,-121.409523,D R HORTON CA2 INC,,ROSEVILLE,CA,95661.0,109650.0,,109650.0,2024.0,,0.0,RES/SINGLE FAMILY/SUBDIVISION,A1A00A,1001.0,SINGLE FAMILY RESIDENTIAL,RD-10,0.0,,1631.0,,1631.0,2,,4.0,,,,,20240531.0,548500.0,UNINCORPORATED COUNTY,617700154562838527,Tier 2: Zero Improvement,occupied_structure_missing_improvement_data
11616500240000,116-1650-024-0000,7761 FORESTDALE WAY,ELK GROVE,CA,95758.0,38.437321,-121.409098,D R HORTON CA2 INC,,ROSEVILLE,CA,95661.0,109650.0,,109650.0,2024.0,,0.0,RES/SINGLE FAMILY/SUBDIVISION,A1A00A,1001.0,SINGLE FAMILY RESIDENTIAL,RD-10,0.0,,1567.0,,1567.0,2,,3.0,,,,,20240516.0,516000.0,UNINCORPORATED COUNTY,617700154562838527,Tier 2: Zero Improvement,occupied_structure_missing_improvement_data
11616500270000,116-1650-027-0000,7773 FORESTDALE WAY,ELK GROVE,CA,95758.0,38.436947,-121.409076,D R HORTON CA2 INC,,ROSEVILLE,CA,95661.0,109650.0,,109650.0,2024.0,,0.0,RES/SINGLE FAMILY/SUBDIVISION,A1A00A,1001.0,SINGLE FAMILY RESIDENTIAL,RD-10,0.0,,1631.0,,1631.0,2,,4.0,,,,,20240620.0,540000.0,UNINCORPORATED COUNTY,617700154562838527,Tier 2: Zero Improvement,occupied_structure_missing_improvement_data
11616500260000,116-1650-026-0000,7769 FORESTDALE WAY,ELK GROVE,CA,95758.0,38.43707,-121.409083,D R HORTON CA2 INC,,ROSEVILLE,CA,95661.0,109650.0,,109650.0,2024.0,,0.0,RES/SINGLE FAMILY/SUBDIVISION,A1A00A,1001.0,SINGLE FAMILY RESIDENTIAL,RD-10,0.0,,1567.0,,1567.0,2,,3.0,,,,,20240611.0,523500.0,UNINCORPORATED COUNTY,617700154562838527,Tier 2: Zero Improvement,occupied_structure_missing_improvement_data
11616500510000,116-1650-051-0000,8831 SEBAGO WAY,ELK GROVE,CA,95758.0,38.436773,-121.409835,D R HORTON CA2 INCORPORATED,,ROSEVILLE,CA,95661.0,132500.0,,132500.0,2024.0,,0.0,RES/SINGLE FAMILY/SUBDIVISION,A1A00A,1001.0,SINGLE FAMILY RESIDENTIAL,RD-6,0.0,,2529.0,,2529.0,2,,5.0,,,,,20240610.0,676500.0,UNINCORPORATED COUNTY,617700154562314239,Tier 2: Zero Improvement,occupied_structure_missing_improvement_data
11616500410000,116-1650-041-0000,7780 FORESTDALE WAY,ELK GROVE,CA,95758.0,38.436802,-121.409517,D R HORTON CA2 INC,,ROSEVILLE,CA,95661.0,109650.0,,109650.0,2024.0,,0.0,RES/SINGLE FAMILY/SUBDIVISION,A1A00A,1001.0,SINGLE FAMILY RESIDENTIAL,RD-10,0.0,,1567.0,,1567.0,2,,3.0,,,,,20240625.0,531000.0,UNINCORPORATED COUNTY,617700154562838527,Tier 2: Zero Improvement,occupied_structure_missing_improvement_data
11616500400000,116-1650-040-0000,7784 FORESTDALE WAY,ELK GROVE,CA,95758.0,38.436687,-121.409516,D R HORTON CA2 INC,,ROSEVILLE,CA,95661.0,109650.0,,109650.0,2024.0,,0.0,RES/SINGLE FAMILY/SUBDIVISION,A1A00A,1001.0,SINGLE FAMILY RESIDENTIAL,RD-10,0.0,,1631.0,,1631.0,2,,4.0,,,,,20240712.0,559500.0,UNINCORPORATED COUNTY,617700154562838527,Tier 2: Zero Improvement,occupied_structure_missing_improvement_data
11616500530000,116-1650-053-0000,8839 SEBAGO WAY,ELK GROVE,CA,95758.0,38.436477,-121.409832,D R HORTON CA2 INCORPORATED,,ROSEVILLE,CA,95661.0,132500.0,,132500.0,2024.0,,0.0,RES/SINGLE FAMILY/SUBDIVISION,A1A00A,1001.0,SINGLE FAMILY RESIDENTIAL,RD-6,0.0,,1825.0,,1825.0,1,,4.0,,,,,20240606.0,631500.0,UNINCORPORATED COUNTY,617700154562314239,Tier 2: Zero Improvement,occupied_structure_missing_improvement_data
11616500520000,116-1650-052-0000,8835 SEBAGO WAY,ELK GROVE,CA,95758.0,38.436625,-121.409834,SHANG CHUNXIA,,ELK GROVE,CA,95758.0,132500.0,,132500.0,2024.0,,0.0,RES/SINGLE FAMILY/SUBDIVISION,A1A00A,1001.0,SINGLE FAMILY RESIDENTIAL,RD-6,0.0,,1501.0,,1501.0,1,,3.0,,,,,20240610.0,585500.0,UNINCORPORATED COUNTY,617700154562314239,Tier 2: Zero Improvement,occupied_structure_missing_improvement_data
11616500380000,116-1650-038-0000,7792 FORESTDALE WAY,ELK GROVE,CA,95758.0,38.436456,-121.409515,D R HORTON CA2 INCORPORATED,,ROSEVILLE,CA,95661.0,109650.0,,109650.0,2024.0,,0.0,RES/SINGLE FAMILY/SUBDIVISION,A1A00A,1001.0,SINGLE FAMILY RESIDENTIAL,RD-10,0.0,,1567.0,,1567.0,2,,3.0,,,,,20240729.0,535000.0,UNINCORPORATED COUNTY,617700154563887103,Tier 2: Zero Improvement,occupied_structure_missing_improvement_data
11702200370000,117-0220-037-0000,8787 W STOCKTON BLVD,ELK GROVE,CA,95758.0,38.438675,-121.402854,ELK GROVE COSUMNES CEMETERY D,,SACRAMENTO,CA,95826.0,,,,2024.0,19650301.0,0.0,CEMETERY,DFC00A,9108.0,CEMETERY (EXEMPT),RD-2,2.1099999,AC,,,,,,,,,,,20200529.0,389000.0,UNINCORPORATED COUNTY,617700308363247615,Tier 2: Zero Improvement,inherently_active_use_parking_airport_cemetery
11600110020000,116-0011-002-0000,8860 BRUCEVILLE RD,ELK GROVE,CA,95758.0,38.435911,-121.419193,CITY OF ELK GROVE,,ELK GROVE,CA,95758.0,,,,2024.0,20040809.0,0.0,RES/SINGLE FAMILY/RURAL HOME(2-5 AC),A1D00A,1008.0,RURAL/AGRICULTURAL RESIDENCE,O,3.8299999,AC,1324.0,1936.0,1324.0,1,,3.0,,,,,19980518.0,,UNINCORPORATED COUNTY,617700154558644223,Tier 2: Zero Improvement,occupied_structure_missing_improvement_data
11616600490000,116-1660-049-0000,8939 OSTERVILLE WAY,ELK GROVE,CA,95758.0,38.43531,-121.4115,SANCHEZ-TRUONG NICOLE T,,ELK GROVE,CA,95758.0,117500.0,,117500.0,2024.0,,0.0,RES/SINGLE FAMILY/SUBDIVISION,A1A00A,1001.0,SINGLE FAMILY RESIDENTIAL,RD-10,0.0,,2318.0,,2318.0,2,,4.0,,,,,20240514.0,656000.0,UNINCORPORATED COUNTY,617700154562314239,Tier 2: Zero Improvement,occupied_structure_missing_improvement_data
11616500570000,116-1650-057-0000,8842 SEBAGO WAY,ELK GROVE,CA,95758.0,38.436326,-121.41033,D R HORTON CA2 INC,,ROSEVILLE,CA,95661.0,135150.0,,135150.0,2024.0,,0.0,RES/SINGLE FAMILY/SUBDIVISION,A1A00A,1001.0,SINGLE FAMILY RESIDENTIAL,RD-6,0.0,,1501.0,,1501.0,1,,3.0,,,,,20240628.0,589000.0,UNINCORPORATED COUNTY,617700154562314239,Tier 2: Zero Improvement,occupied_structure_missing_improvement_data
11616500560000,116-1650-056-0000,8846 SEBAGO WAY,ELK GROVE,CA,95758.0,38.436147,-121.41033,D R HORTON CA2 INC,,ROSEVILLE,CA,95661.0,135150.0,,135150.0,2024.0,,0.0,RES/SINGLE FAMILY/SUBDIVISION,A1A00A,1001.0,SINGLE FAMILY RESIDENTIAL,RD-6,0.0,,1825.0,,1825.0,1,,4.0,,,,,20240628.0,656000.0,UNINCORPORATED COUNTY,617700154562314239,Tier 2: Zero Improvement,occupied_structure_missing_improvement_data
11616600320000,116-1660-032-0000,8854 SEBAGO WAY,ELK GROVE,CA,95758.0,38.435833,-121.410327,D R HORTON CA2 INC,,ROSEVILLE,CA,95661.0,135150.0,,135150.0,2024.0,,0.0,RES/SINGLE FAMILY/SUBDIVISION,A1A00A,1001.0,SINGLE FAMILY RESIDENTIAL,RD-6,0.0,,2529.0,,2529.0,2,,3.0,,,,,20240709.0,671000.0,UNINCORPORATED COUNTY,617700154562314239,Tier 2: Zero Improvement,occupied_structure_missing_improvement_data
11616600310000,116-1660-031-0000,8858 SEBAGO WAY,ELK GROVE,CA,95758.0,38.435667,-121.410325,D R HORTON CA2 INC,,ROSEVILLE,CA,95661.0,135150.0,,135150.0,2024.0,,0.0,RES/SINGLE FAMILY/SUBDIVISION,A1A00A,1001.0,SINGLE FAMILY RESIDENTIAL,RD-6,0.0,,1501.0,,1501.0,1,,3.0,2.0,,,,20240712.0,586500.0,UNINCORPORATED COUNTY,617700154562314239,Tier 2: Zero Improvement,occupied_structure_missing_improvement_data
11616600300000,116-1660-030-0000,8862 SEBAGO WAY,ELK GROVE,CA,95758.0,38.43553,-121.410324,D R HORTON CA2 INC,,ROSEVILLE,CA,95661.0,135150.0,,135150.0,2024.0,,0.0,RES/SINGLE FAMILY/SUBDIVISION,A1A00A,1001.0,SINGLE FAMILY RESIDENTIAL,RD-6,0.0,,1825.0,,1825.0,1,,4.0,,,,,20240716.0,635500.0,UNINCORPORATED COUNTY,617700154563887103,Tier 2: Zero Improvement,occupied_structure_missing_improvement_data
11616600290000,116-1660-029-0000,8866 SEBAGO WAY,ELK GROVE,CA,95758.0,38.43539,-121.410323,D R HORTON CA2 INC,,ROSEVILLE,CA,95661.0,135150.0,,135150.0,2024.0,,0.0,RES/SINGLE FAMILY/SUBDIVISION,A1A00A,1001.0,SINGLE FAMILY RESIDENTIAL,RD-6,0.0,,2529.0,,2529.0,2,,3.0,,,,,20240815.0,669000.0,UNINCORPORATED COUNTY,617700154563887103,Tier 2: Zero Improvement,occupied_structure_missing_improvement_data
11616200670000,116-1620-067-0000,8871 DRACUT DR,ELK GROVE,CA,95758.0,38.43522,-121.412298,C & P-ELK GROVE LIMITED PARTNERSHIP,,CALABASAS,CA,91302.0,119850.0,,119850.0,2024.0,,0.0,RES/SINGLE FAMILY/SUBDIVISION,A1A00A,1001.0,SINGLE FAMILY RESIDENTIAL,RD-10,0.0,,2318.0,,2318.0,2,,4.0,,,,,20240807.0,656000.0,UNINCORPORATED COUNTY,617700154562314239,Tier 2: Zero Improvement,occupied_structure_missing_improvement_data
11616200660000,116-1620-066-0000,8875 DRACUT DR,ELK GROVE,CA,95758.0,38.435058,-121.412305,D R HORTON CA2 INC,,ROSEVILLE,CA,95661.0,122247.0,,122247.0,2024.0,,0.0,RES/SINGLE FAMILY/SUBDIVISION,A1A00A,1001.0,SINGLE FAMILY RESIDENTIAL,RD-10,0.0,,1678.0,,1678.0,2,,4.0,,,,,20240927.0,579500.0,UNINCORPORATED COUNTY,617700154562314239,Tier 2: Zero Improvement,occupied_structure_missing_improvement_data
11616600650000,116-1660-065-0000,8926 OSTERVILLE WAY,ELK GROVE,CA,95758.0,38.434946,-121.411989,D R HORTON CA2 INCORPORATED,,ROSEVILLE,CA,95661.0,117500.0,,117500.0,2024.0,,0.0,RES/SINGLE FAMILY/SUBDIVISION,A1A00A,1001.0,SINGLE FAMILY RESIDENTIAL,RD-10,0.0,,1969.0,,1969.0,2,,4.0,,,,,20240524.0,608000.0,UNINCORPORATED COUNTY,617700154562314239,Tier 2: Zero Improvement,occupied_structure_missing_improvement_data
11616600640000,116-1660-064-0000,8922 OSTERVILLE WAY,ELK GROVE,CA,95758.0,38.434822,-121.412007,D R HORTON CA2 INC,,ROSEVILLE,CA,95661.0,119850.0,,119850.0,2024.0,,0.0,RES/SINGLE FAMILY/SUBDIVISION,A1A00A,1001.0,SINGLE FAMILY RESIDENTIAL,RD-10,0.0,,2318.0,,2318.0,2,,4.0,,,,,20240621.0,667500.0,UNINCORPORATED COUNTY,617700154563362815,Tier 2: Zero Improvement,occupied_structure_missing_improvement_data
11616600670000,116-1660-067-0000,8934 OSTERVILLE WAY,ELK GROVE,CA,95758.0,38.435214,-121.411969,D R HORTON CA2 INCORPORATED,,ROSEVILLE,CA,95661.0,117500.0,,117500.0,2024.0,,0.0,RES/SINGLE FAMILY/SUBDIVISION,A1A00A,1001.0,SINGLE FAMILY RESIDENTIAL,RD-10,0.0,,2318.0,,2318.0,2,,4.0,,,,,20240520.0,651000.0,UNINCORPORATED COUNTY,617700154562314239,Tier 2: Zero Improvement,occupied_structure_missing_improvement_data
11616600510000,116-1660-051-0000,8931 OSTERVILLE WAY,ELK GROVE,CA,95758.0,38.435054,-121.411518,D R HORTON CA2 INCORPORATED,,ROSEVILLE,CA,95661.0,117500.0,,117500.0,2024.0,,0.0,RES/SINGLE FAMILY/SUBDIVISION,A1A00A,1001.0,SINGLE FAMILY RESIDENTIAL,RD-10,0.0,,1969.0,,1969.0,2,,4.0,,,,,20240528.0,579000.0,UNINCORPORATED COUNTY,617700154562314239,Tier 2: Zero Improvement,occupied_structure_missing_improvement_data
11616600500000,116-1660-050-0000,8935 OSTERVILLE WAY,ELK GROVE,CA,95758.0,38.435182,-121.411507,D R HORTON CA2 INCORPORATED,,ROSEVILLE,CA,95661.0,117500.0,,117500.0,2024.0,,0.0,RES/SINGLE FAMILY/SUBDIVISION,A1A00A,1001.0,SINGLE FAMILY RESIDENTIAL,RD-10,0.0,,1678.0,,1678.0,2,,4.0,,,,,20240517.0,564500.0,UNINCORPORATED COUNTY,617700154562314239,Tier 2: Zero Improvement,occupied_structure_missing_improvement_data
11616600530000,116-1660-053-0000,8923 OSTERVILLE WAY,ELK GROVE,CA,95758.0,38.434797,-121.411559,D R HORTON CA2 INC,,ROSEVILLE,CA,95661.0,119850.0,,119850.0,2024.0,,0.0,RES/SINGLE FAMILY/SUBDIVISION,A1A00A,1001.0,SINGLE FAMILY RESIDENTIAL,RD-10,0.0,,1678.0,,1678.0,2,,4.0,,,,,20240617.0,547000.0,UNINCORPORATED COUNTY,617700154563362815,Tier 2: Zero Improvement,occupied_structure_missing_improvement_data
11616600520000,116-1660-052-0000,8927 OSTERVILLE WAY,ELK GROVE,CA,95758.0,38.434925,-121.411536,UZMEE ENKH-UCHRAL,,ELK GROVE,CA,95758.0,119850.0,,119850.0,2024.0,,0.0,RES/SINGLE FAMILY/SUBDIVISION,A1A00A,1001.0,SINGLE FAMILY RESIDENTIAL,RD-10,0.0,,2318.0,,2318.0,2,,4.0,,,,,20240613.0,642500.0,UNINCORPORATED COUNTY,617700154562314239,Tier 2: Zero Improvement,occupied_structure_missing_improvement_data
11616200620000,116-1620-062-0000,8889 DRACUT DR,ELK GROVE,CA,95758.0,38.434552,-121.412317,D R HORTON CA2 INC,,ROSEVILLE,CA,95661.0,119850.0,,119850.0,2024.0,,0.0,RES/SINGLE FAMILY/SUBDIVISION,A1A00A,1001.0,SINGLE FAMILY RESIDENTIAL,RD-10,0.0,,2318.0,,2318.0,2,,4.0,,,,,20240925.0,630000.0,UNINCORPORATED COUNTY,617700154563362815,Tier 2: Zero Improvement,occupied_structure_missing_improvement_data
11616200630000,116-1620-063-0000,8885 DRACUT DR,ELK GROVE,CA,95758.0,38.434679,-121.412315,C & P-ELK GROVE LIMITED PARTNERSHIP,,CALABASAS,CA,91302.0,119850.0,,119850.0,2024.0,,0.0,RES/SINGLE FAMILY/SUBDIVISION,A1A00A,1001.0,SINGLE FAMILY RESIDENTIAL,RD-10,0.0,,1678.0,,1678.0,2,,4.0,,,,,20240813.0,562000.0,UNINCORPORATED COUNTY,617700154563362815,Tier 2: Zero Improvement,occupied_structure_missing_improvement_data
11616600630000,116-1660-063-0000,8918 OSTERVILLE WAY,ELK GROVE,CA,95758.0,38.434695,-121.412025,D R HORTON CA2 INC,,ROSEVILLE,CA,95661.0,119850.0,,119850.0,2024.0,,0.0,RES/SINGLE FAMILY/SUBDIVISION,A1A00A,1001.0,SINGLE FAMILY RESIDENTIAL,RD-10,0.0,,1678.0,,1678.0,2,,4.0,,,,,20240625.0,,UNINCORPORATED COUNTY,617700154563362815,Tier 2: Zero Improvement,occupied_structure_missing_improvement_data
11616600620000,116-1660-062-0000,8914 OSTERVILLE WAY,ELK GROVE,CA,95758.0,38.434563,-121.412033,D R HORTON CA2 INC,,ROSEVILLE,CA,95661.0,119850.0,,119850.0,2024.0,,0.0,RES/SINGLE FAMILY/SUBDIVISION,A1A00A,1001.0,SINGLE FAMILY RESIDENTIAL,RD-10,0.0,,1969.0,,1969.0,2,,4.0,,,,,20240627.0,600000.0,UNINCORPORATED COUNTY,617700154563362815,Tier 2: Zero Improvement,occupied_structure_missing_improvement_data
11616600610000,116-1660-061-0000,8910 OSTERVILLE WAY,ELK GROVE,CA,95758.0,38.43443,-121.412036,D R HORTON CA2 INC,,ROSEVILLE,CA,95661.0,119850.0,,119850.0,2024.0,,0.0,RES/SINGLE FAMILY/SUBDIVISION,A1A00A,1001.0,SINGLE FAMILY RESIDENTIAL,RD-10,0.0,,2318.0,,2318.0,2,,4.0,,,,,20240822.0,635500.0,UNINCORPORATED COUNTY,617700154563362815,Tier 2: Zero Improvement,occupied_structure_missing_improvement_data
11616600600000,116-1660-060-0000,8906 OSTERVILLE WAY,ELK GROVE,CA,95758.0,38.434301,-121.412033,C & P-ELK GROVE LIMITED PARTNERSHIP,,CALABASAS,CA,91302.0,119850.0,,119850.0,2024.0,,0.0,RES/SINGLE FAMILY/SUBDIVISION,A1A00A,1001.0,SINGLE FAMILY RESIDENTIAL,RD-10,0.0,,1678.0,,1678.0,2,,4.0,,,,,20240730.0,551000.0,UNINCORPORATED COUNTY,617700154563362815,Tier 2: Zero Improvement,occupied_structure_missing_improvement_data
11616600550000,116-1660-055-0000,8915 OSTERVILLE WAY,ELK GROVE,CA,95758.0,38.434542,-121.411604,D R HORTON CA2 INC,,ROSEVILLE,CA,95661.0,119850.0,,119850.0,2024.0,,0.0,RES/SINGLE FAMILY/SUBDIVISION,A1A00A,1001.0,SINGLE FAMILY RESIDENTIAL,RD-10,0.0,,2318.0,,2318.0,2,,4.0,,,,,20240716.0,652500.0,UNINCORPORATED COUNTY,617700154563362815,Tier 2: Zero Improvement,occupied_structure_missing_improvement_data
11616600540000,116-1660-054-0000,8919 OSTERVILLE WAY,ELK GROVE,CA,95758.0,38.434672,-121.411587,D R HORTON CA2 INC,,ROSEVILLE,CA,95661.0,119850.0,,119850.0,2024.0,,0.0,RES/SINGLE FAMILY/SUBDIVISION,A1A00A,1001.0,SINGLE FAMILY RESIDENTIAL,RD-10,0.0,,1969.0,,1969.0,2,,4.0,,,,,20240627.0,600000.0,UNINCORPORATED COUNTY,617700154563362815,Tier 2: Zero Improvement,occupied_structure_missing_improvement_data
11616600570000,116-1660-057-0000,8907 OSTERVILLE WAY,ELK GROVE,CA,95758.0,38.43429,-121.411604,D R HORTON CA2 INC,,ROSEVILLE,CA,95661.0,119850.0,,119850.0,2024.0,,0.0,RES/SINGLE FAMILY/SUBDIVISION,A1A00A,1001.0,SINGLE FAMILY RESIDENTIAL,RD-10,0.0,,2318.0,,2318.0,2,,4.0,,,,,20240731.0,645500.0,UNINCORPORATED COUNTY,617700154563362815,Tier 2: Zero Improvement,occupied_structure_missing_improvement_data
11616600560000,116-1660-056-0000,8911 OSTERVILLE WAY,ELK GROVE,CA,95758.0,38.434414,-121.411604,D R HORTON CA2 INC,,ROSEVILLE,CA,95661.0,119850.0,,119850.0,2024.0,,0.0,RES/SINGLE FAMILY/SUBDIVISION,A1A00A,1001.0,SINGLE FAMILY RESIDENTIAL,RD-10,0.0,,1678.0,,1678.0,2,,4.0,,,,,20240718.0,545500.0,UNINCORPORATED COUNTY,617700154563362815,Tier 2: Zero Improvement,occupied_structure_missing_improvement_data
11616600660000,116-1660-066-0000,8930 OSTERVILLE WAY,ELK GROVE,CA,95758.0,38.435072,-121.411976,D R HORTON CA2 INCORPORATED,,ROSEVILLE,CA,95661.0,117500.0,,117500.0,2024.0,,0.0,RES/SINGLE FAMILY/SUBDIVISION,A1A00A,1001.0,SINGLE FAMILY RESIDENTIAL,RD-10,0.0,,1678.0,,1678.0,2,,4.0,,,,,20240522.0,553000.0,UNINCORPORATED COUNTY,617700154562314239,Tier 2: Zero Improvement,occupied_structure_missing_improvement_data
11616600590000,116-1660-059-0000,8902 OSTERVILLE WAY,ELK GROVE,CA,95758.0,38.434161,-121.412034,C & P-ELK GROVE LIMITED PARTNERSHIP,,CALABASAS,CA,91302.0,119850.0,,119850.0,2024.0,,0.0,RES/SINGLE FAMILY/SUBDIVISION,A1A00A,1001.0,SINGLE FAMILY RESIDENTIAL,RD-10,0.0,,1969.0,,1969.0,2,,4.0,,,,,20240731.0,600000.0,UNINCORPORATED COUNTY,617700154563362815,Tier 2: Zero Improvement,occupied_structure_missing_improvement_data
11616600580000,116-1660-058-0000,8903 OSTERVILLE WAY,ELK GROVE,CA,95758.0,38.434157,-121.4116,D R HORTON CA2 INC,,ROSEVILLE,CA,95661.0,119850.0,,119850.0,2024.0,,0.0,RES/SINGLE FAMILY/SUBDIVISION,A1A00A,1001.0,SINGLE FAMILY RESIDENTIAL,RD-10,0.0,,1678.0,,1678.0,2,,4.0,,,,,20240726.0,570500.0,UNINCORPORATED COUNTY,617700154563362815,Tier 2: Zero Improvement,occupied_structure_missing_improvement_data
11616500540000,116-1650-054-0000,8843 SEBAGO WAY,ELK GROVE,CA,95758.0,38.436328,-121.409831,D R HORTON CA2 INCORPORATED,,ROSEVILLE,CA,95661.0,132500.0,,132500.0,2024.0,,0.0,RES/SINGLE FAMILY/SUBDIVISION,A1A00A,1001.0,SINGLE FAMILY RESIDENTIAL,RD-6,0.0,,2529.0,,2529.0,2,,5.0,,,,,,,UNINCORPORATED COUNTY,617700154562314239,Tier 2: Zero Improvement,occupied_structure_missing_improvement_data
11616600240000,116-1660-024-0000,8859 SEBAGO WAY,ELK GROVE,CA,95758.0,38.43564,-121.409823,D R HORTON CA2 INC,,ROSEVILLE,CA,95661.0,135150.0,,135150.0,2024.0,,0.0,RES/SINGLE FAMILY/SUBDIVISION,A1A00A,1001.0,SINGLE FAMILY RESIDENTIAL,RD-6,0.0,,2529.0,,2529.0,2,,4.0,,,,,20240814.0,690000.0,UNINCORPORATED COUNTY,617700154563887103,Tier 2: Zero Improvement,occupied_structure_missing_improvement_data
11616600230000,116-1660-023-0000,8855 SEBAGO WAY,ELK GROVE,CA,95758.0,38.435813,-121.40983,D R HORTON CA2 INC,,ROSEVILLE,CA,95661.0,135150.0,,135150.0,2024.0,,0.0,RES/SINGLE FAMILY/SUBDIVISION,A1A00A,1001.0,SINGLE FAMILY RESIDENTIAL,RD-6,0.0,,1825.0,,1825.0,1,,4.0,,,,,20240829.0,635500.0,UNINCORPORATED COUNTY,617700154563887103,Tier 2: Zero Improvement,occupied_structure_missing_improvement_data
11616600220000,116-1660-022-0000,7812 FORESTDALE WAY,ELK GROVE,CA,95758.0,38.435781,-121.409511,D R HORTON CA2 INCORPORATED,,ROSEVILLE,CA,95661.0,109650.0,,109650.0,2024.0,,0.0,RES/SINGLE FAMILY/SUBDIVISION,A1A00A,1001.0,SINGLE FAMILY RESIDENTIAL,RD-10,0.0,,1631.0,,1631.0,2,,4.0,,,,,20240812.0,555000.0,UNINCORPORATED COUNTY,617700154563887103,Tier 2: Zero Improvement,occupied_structure_missing_improvement_data
11616600210000,116-1660-021-0000,7816 FORESTDALE WAY,ELK GROVE,CA,95758.0,38.43563,-121.409506,D R HORTON CA2 INCORPORATED,,ROSEVILLE,CA,95661.0,109650.0,,109650.0,2024.0,,0.0,RES/SINGLE FAMILY/SUBDIVISION,A1A00A,1001.0,SINGLE FAMILY RESIDENTIAL,RD-10,0.0,,1567.0,,1567.0,2,,3.0,,,,,20240814.0,538000.0,UNINCORPORATED COUNTY,617700154563887103,Tier 2: Zero Improvement,occupied_structure_missing_improvement_data
11616600260000,116-1660-026-0000,8867 SEBAGO WAY,ELK GROVE,CA,95758.0,38.435365,-121.409823,D R HORTON CA2 INC,,ROSEVILLE,CA,95661.0,135150.0,,135150.0,2024.0,,0.0,RES/SINGLE FAMILY/SUBDIVISION,A1A00A,1001.0,SINGLE FAMILY RESIDENTIAL,RD-6,0.0,,1825.0,,1825.0,1,,4.0,,,,,20240812.0,638500.0,UNINCORPORATED COUNTY,617700154563887103,Tier 2: Zero Improvement,occupied_structure_missing_improvement_data
11616600250000,116-1660-025-0000,8863 SEBAGO WAY,ELK GROVE,CA,95758.0,38.435502,-121.409822,D R HORTON CA2 INC,,ROSEVILLE,CA,95661.0,135150.0,,135150.0,2024.0,,0.0,RES/SINGLE FAMILY/SUBDIVISION,A1A00A,1001.0,SINGLE FAMILY RESIDENTIAL,RD-6,0.0,,1501.0,,1501.0,1,,3.0,,,,,20240805.0,590500.0,UNINCORPORATED COUNTY,617700154563887103,Tier 2: Zero Improvement,occupied_structure_missing_improvement_data
11616600200000,116-1660-020-0000,7820 FORESTDALE WAY,ELK GROVE,CA,95758.0,38.435509,-121.409505,D R HORTON CA2 INCORPORATED,,ROSEVILLE,CA,95661.0,109650.0,,109650.0,2024.0,,0.0,RES/SINGLE FAMILY/SUBDIVISION,A1A00A,1001.0,SINGLE FAMILY RESIDENTIAL,RD-10,0.0,,1631.0,,1631.0,2,,4.0,,,,,20240816.0,564000.0,UNINCORPORATED COUNTY,617700154563887103,Tier 2: Zero Improvement,occupied_structure_missing_improvement_data
11616600190000,116-1660-019-0000,7824 FORESTDALE WAY,ELK GROVE,CA,95758.0,38.435389,-121.409504,D R HORTON CA2 INCORPORATED,,ROSEVILLE,CA,95661.0,109650.0,,109650.0,2024.0,,0.0,RES/SINGLE FAMILY/SUBDIVISION,A1A00A,1001.0,SINGLE FAMILY RESIDENTIAL,RD-10,0.0,,1932.0,,1932.0,2,,4.0,,,,,20240820.0,601000.0,UNINCORPORATED COUNTY,617700154563887103,Tier 2: Zero Improvement,occupied_structure_missing_improvement_data
11616600010000,116-1660-001-0000,7817 FORESTDALE WAY,ELK GROVE,CA,95758.0,38.435701,-121.409062,D R HORTON CA2 INCORPORATED,,ROSEVILLE,CA,95661.0,109650.0,,109650.0,2024.0,,0.0,RES/SINGLE FAMILY/SUBDIVISION,A1A00A,1001.0,SINGLE FAMILY RESIDENTIAL,RD-10,0.0,,1631.0,,1631.0,2,,4.0,,,,,20240823.0,562500.0,UNINCORPORATED COUNTY,617700154563887103,Tier 2: Zero Improvement,occupied_structure_missing_improvement_data
11616600270000,116-1660-027-0000,8871 SEBAGO WAY,ELK GROVE,CA,95758.0,38.435224,-121.409824,D R HORTON CA2 INC,,ROSEVILLE,CA,95661.0,135150.0,,135150.0,2024.0,,0.0,RES/SINGLE FAMILY/SUBDIVISION,A1A00A,1001.0,SINGLE FAMILY RESIDENTIAL,RD-6,0.0,,2529.0,,2529.0,2,,3.0,,,,,20240809.0,671500.0,UNINCORPORATED COUNTY,617700154563887103,Tier 2: Zero Improvement,occupied_structure_missing_improvement_data
11616500550000,116-1650-055-0000,8847 SEBAGO WAY,ELK GROVE,CA,95758.0,38.436143,-121.409824,D R HORTON CA2 INC,,ROSEVILLE,CA,95661.0,135150.0,,135150.0,2024.0,,0.0,RES/SINGLE FAMILY/SUBDIVISION,A1A00A,1001.0,SINGLE FAMILY RESIDENTIAL,RD-6,0.0,,1501.0,,1501.0,1,,3.0,,,,,20240612.0,609000.0,UNINCORPORATED COUNTY,617700154563887103,Tier 2: Zero Improvement,occupied_structure_missing_improvement_data
22302900300000,223-0290-030-0000,MORNINGLO LN,ORANGEVALE,CA,95662.0,38.670031,-121.195545,CA DEPT OF PARKS & RECREATION,,ORANGEVALE,CA,95662.0,472.0,,472.0,2024.0,20040203.0,0.0,"MISC, UNUSABLE-SMALL",MSMALA,8009.0,"WASTE LAND, MARSH, SWAMP, SUBMERGED-VACANT LAND",O (PC),1931.0,SF,,,,,,,,,,,,,UNINCORPORATED COUNTY,617700278283796479,Tier 2: Zero Improvement,public_park_or_recreation_agency
07000940080000,070-0094-008-0000,1014 FIGUEROA ST,FOLSOM,CA,95630.0,38.67428,-121.1806,CITY OF FOLSOM,,FOLSOM,CA,95630.0,,,,2024.0,19961031.0,0.0,RES/SINGLE FAMILY/SUBDIVISION,A1A00A,1001.0,SINGLE FAMILY RESIDENTIAL,R-2,4399.0,SF,,,,1,,1.0,,,,,19961031.0,,UNINCORPORATED COUNTY,617700278374498303,Tier 2: Zero Improvement,occupied_structure_missing_improvement_data
07000920090000,070-0092-009-0000,SIBLEY ST,FOLSOM,CA,95630.0,38.673456,-121.180815,CITY OF FOLSOM,,FOLSOM,CA,95630.0,,,,2024.0,19961122.0,0.0,RES/SINGLE FAMILY/SUBDIVISION,A1A00A,1001.0,SINGLE FAMILY RESIDENTIAL,R-M,1528.0,SF,910.0,1960.0,910.0,1,,2.0,,,,,,,UNINCORPORATED COUNTY,617700278375546879,Tier 2: Zero Improvement,occupied_structure_missing_improvement_data
07001300010000,070-0130-001-0000,1221 MORMON ST,FOLSOM,CA,95630.0,38.669368,-121.185015,UNITED STATES OF AMERICA,,FOLSOM,CA,95630.0,,,,2024.0,20071106.0,0.0,CEMETERY,DFC00A,9108.0,CEMETERY (EXEMPT),OSC,2.6199999,AC,,,,,,,,,,,,,UNINCORPORATED COUNTY,617700278375022591,Tier 2: Zero Improvement,inherently_active_use_parking_airport_cemetery
07001460180000,070-0146-018-0000,SIBLEY ST,FOLSOM,CA,95630.0,38.672377,-121.1804,ROMAN CATHOLIC BISHOP OF SACTO,,FOLSOM,CA,95763.0,5792.0,,5792.0,2024.0,19680102.0,0.0,CEMETERY,DFC00A,9108.0,CEMETERY (EXEMPT),OSC,10952.0,SF,,,,,,,,,,,,,UNINCORPORATED COUNTY,617700278375546879,Tier 2: Zero Improvement,inherently_active_use_parking_airport_cemetery
07001460190000,070-0146-019-0000,SIBLEY ST,FOLSOM,CA,95630.0,38.672585,-121.180131,ROMAN CATHOLIC BISHOP OF SACTO,,FOLSOM,CA,95763.0,2128.0,,2128.0,2024.0,19680102.0,0.0,CEMETERY,DFC003,9108.0,CEMETERY (EXEMPT),OSC,5257.0,SF,,,,,,,,,,,20210818.0,,UNINCORPORATED COUNTY,617700278375546879,Tier 2: Zero Improvement,inherently_active_use_parking_airport_cemetery
07001430320000,070-0143-032-0000,1105 NATOMA ST,FOLSOM,CA,95630.0,38.671886,-121.179676,CITY OF FOLSOM,,FOLSOM,CA,95630.0,,,,2024.0,,0.0,CEMETERY,DFC00A,9108.0,CEMETERY (EXEMPT),OSC,20038.0,SF,,,,,,,,,,,,,UNINCORPORATED COUNTY,617700278375546879,Tier 2: Zero Improvement,inherently_active_use_parking_airport_cemetery
07001430330000,070-0143-033-0000,NATOMA ST,FOLSOM,CA,95630.0,38.671531,-121.180291,FOLSOM AERIE NO 929 F O E,,FOLSOM,CA,95763.0,4777.0,,4777.0,2024.0,19750228.0,0.0,CEMETERY,DFC00A,9108.0,CEMETERY (EXEMPT),OSC,15246.0,SF,,,,,,,,,,,,,UNINCORPORATED COUNTY,617700278375546879,Tier 2: Zero Improvement,inherently_active_use_parking_airport_cemetery
07001910100000,070-0191-010-0000,1216 BIDWELL ST,FOLSOM,CA,95630.0,38.669486,-121.180554,AT & T CORP,,SAINT LOUIS,MO,63101.0,,,,2024.0,20000922.0,0.0,RES/SINGLE FAMILY/SUBDIVISION,A1A00A,1001.0,SINGLE FAMILY RESIDENTIAL,R-4,7500.0,SF,701.0,1955.0,701.0,1,,2.0,,,,,20000922.0,240000.0,UNINCORPORATED COUNTY,617700278372139007,Tier 2: Zero Improvement,occupied_structure_missing_improvement_data
07000100170000,070-0010-017-0000,609 LEIDESDORFF ST,FOLSOM,CA,95630.0,38.678771,-121.176139,CITY OF FOLSOM,,FOLSOM,CA,95630.0,,,,2024.0,19891212.0,0.0,GENERAL OFFICE,CAA00B,3003.0,OFFICE BLDG (GENERAL),HD,38180.0,SF,392.0,1964.0,392.0,1,,,,,,,,,UNINCORPORATED COUNTY,617700278378954751,Tier 2: Zero Improvement,occupied_structure_missing_improvement_data
23501000130000,235-0100-013-0000,SNIPES BLVD,ORANGEVALE,CA,95662.0,38.668312,-121.19664,STATE OF CALIFORNIA PARKS & RECREATION,,SACRAMENTO,CA,95834.0,,,,2024.0,20021204.0,0.0,VACANT RESIDENTIAL UNDER 2 AC,IAEAAB,8001.0,RESIDENTIAL-VACANT LAND,O (PC),3920.0,SF,,,,,,,,,,,20021204.0,,UNINCORPORATED COUNTY,617700278284845055,Tier 1: Coded Vacant,public_park_or_recreation_agency
23501000170000,235-0100-017-0000,SNIPES BLVD,ORANGEVALE,CA,95662.0,38.668265,-121.196981,STATE OF CALIFORNIA PARKS & RECREATION,,SACRAMENTO,CA,95814.0,,,,2024.0,20021030.0,0.0,VAC RECREATION UNDER 2 AC,IFEAAB,8010.0,RECREATIONAL-VACANT LAND,O (PC),27007.0,SF,,,,,,,,,,,20021030.0,,UNINCORPORATED COUNTY,617700278284845055,Tier 1: Coded Vacant,public_park_or_recreation_agency
23501000030000,235-0100-003-0000,9571 PERSHING AVE,ORANGEVALE,CA,95662.0,38.668313,-121.196201,STATE OF CALIFORNIA PARKS & RECREATION,,SACRAMENTO,CA,95834.0,,,,2024.0,20021204.0,0.0,VACANT RESIDENTIAL UNDER 2 AC,IAEAAB,8001.0,RESIDENTIAL-VACANT LAND,O (PC),1.01,AC,,,,,,,,,,,20021204.0,,UNINCORPORATED COUNTY,617700278284845055,Tier 1: Coded Vacant,public_park_or_recreation_agency
23501000260000,235-0100-026-0000,TWIN LAKES AVE,ORANGEVALE,CA,95662.0,38.666688,-121.195033,STATE OF CALIFORNIA PARKS & RECREATION,,SACRAMENTO,CA,95814.0,,,,2024.0,20021030.0,0.0,VACANT RECREATION 10-49AC,IFBAAA,8010.0,RECREATIONAL-VACANT LAND,O (PC),29.75,AC,,,,,,,,,,,20021030.0,,UNINCORPORATED COUNTY,617700278284845055,Tier 1: Coded Vacant,public_park_or_recreation_agency
06902500040000,069-0250-004-0000,180 BLUE RAVINE RD,FOLSOM,CA,95630.0,38.652296,-121.183761,BLUE RAVINE LIMITED PARTNERSHIP,,SACRAMENTO,CA,95827.0,480584.0,,480584.0,2024.0,,0.0,"INDUSTRIAL, MULTI-TENANT",GMFC0A,5013.0,MULTI-TENANT INDUSTRIAL BLDG.,M-L (PD),1.28,AC,45500.0,1983.0,45500.0,1,,,,,,,20161221.0,,UNINCORPORATED COUNTY,617700310368124927,Tier 2: Zero Improvement,occupied_structure_missing_improvement_data
07101810300000,810-0001-002-0000,1002 SIBLEY ST,FOLSOM,CA,95630.0,38.666745,-121.17582,GIBSON KEVIN A,,FOLSOM,CA,95630.0,,,,2024.0,,0.0,MOBILE HOME/ON LEASED LAND/MH PARK,ATA00A,1006.0,MOBILE/MANUFACTURED HOME (REGARDLESS OF LAND OWNERSHIP),R-4,0.0,,552.0,1962.0,552.0,1,,2.0,,,,,,,UNINCORPORATED COUNTY,617700278373449727,Tier 2: Zero Improvement,occupied_structure_missing_improvement_data
07101810300000,810-0001-019-0000,1002 SIBLEY ST SPC 27,FOLSOM,CA,95630.0,38.666745,-121.17582,HOLMES WILLIAM REXFORD & JOSE MELVIN,,FOLSOM,CA,95630.0,,,,2024.0,,0.0,MOBILE HOME/ON LEASED LAND/MH PARK,ATA00A,1006.0,MOBILE/MANUFACTURED HOME (REGARDLESS OF LAND OWNERSHIP),R-4,0.0,,530.0,1964.0,530.0,1,,1.0,,,,,,,UNINCORPORATED COUNTY,617700278373449727,Tier 2: Zero Improvement,occupied_structure_missing_improvement_data
07119900020000,071-1990-002-0000,640 ADDISON LN,FOLSOM,CA,95630.0,38.662672,-121.170175,ADDISON PLACE 38 LLC,,SACRAMENTO,CA,95815.0,39705.0,,39705.0,2024.0,,0.0,RES/SINGLE FAMILY/SUBDIVISION,A1A00A,1001.0,SINGLE FAMILY RESIDENTIAL,R-M (PD),3813.0,SF,2196.0,2014.0,2196.0,2,,3.0,,,,,,,UNINCORPORATED COUNTY,617700278384459775,Tier 2: Zero Improvement,occupied_structure_missing_improvement_data
27401010120000,274-0101-012-0000,2221 MORELL ST,SACRAMENTO,CA,95833.0,38.608542,-121.484579,GOELITZ CHRISTY,,MONTEREY,CA,93940.0,15467.0,,15467.0,2024.0,19950719.0,0.0,RES/SINGLE FAMILY/SUBDIVISION,A1A00A,1001.0,SINGLE FAMILY RESIDENTIAL,R-1,26572.0,SF,784.0,1920.0,784.0,1,,3.0,,,,,,,CITY OF SACRAMENTO,617700320115949567,Tier 2: Zero Improvement,occupied_structure_missing_improvement_data
27402340080000,274-0234-008-0000,2401 NORTHVIEW DR,SACRAMENTO,CA,95833.0,38.610374,-121.47963,SACRAMENTO EMPLOYMENT & TRAINING AGENCY,,SACRAMENTO,CA,95815.0,,,,2024.0,20030430.0,0.0,DAY NURSERY,DE000A,2032.0,"DAY CARE, PRE-SCHOOL (COMMERCIAL)",R-1A,27190.0,SF,5655.0,1983.0,5655.0,1,,,,,,,20030430.0,350000.0,CITY OF SACRAMENTO,617700320116211711,Tier 2: Zero Improvement,occupied_structure_missing_improvement_data
27401420170000,274-0142-017-0000,200 CLEVELAND AVE,SACRAMENTO,CA,95833.0,38.610062,-121.468411,SACRAMENTO AREA FLOOD CONTROL AGENCY,,SACRAMENTO,CA,95814.0,,,,2024.0,,0.0,RES/SINGLE FAMILY/NON-SUBDIVISION,A1B00A,1001.0,SINGLE FAMILY RESIDENTIAL,R-2A,4792.0,SF,1331.0,1990.0,1331.0,1,,3.0,,,,,20190114.0,110000.0,CITY OF SACRAMENTO,617700320121454591,Tier 2: Zero Improvement,occupied_structure_missing_improvement_data
00100400310000,001-0040-031-0000,200 RICHARDS BLVD,SACRAMENTO,CA,95811.0,38.596746,-121.502032,RITZ & SCHOEFFLER INTERESTS (MCDONALDS),,DAVIS,CA,95617.0,2031852.0,,2031852.0,2024.0,20111114.0,0.0,FAST FOOD/DRIVE-THRU,BCE00A,2013.0,FAST FOOD RESTAURANT / DRIVE-THRU,C-2-SPD,41251.0,SF,4096.0,1983.0,4096.0,1,,,,,,,,,CITY OF SACRAMENTO,617700320082657279,Tier 2: Zero Improvement,occupied_structure_missing_improvement_data
00102000350000,001-0200-035-0000,551 SEQUOIA PACIFIC BLVD,SACRAMENTO,CA,95811.0,38.59903,-121.496099,CITY OF SACRAMENTO,,SACRAMENTO,CA,95814.0,,,,2024.0,19900509.0,0.0,"INDUSTRIAL, MULTI-TENANT",GMHC0A,5013.0,MULTI-TENANT INDUSTRIAL BLDG.,RMX-SPD C-,2.1400001,AC,51370.0,1986.0,51370.0,2,,,,,,,,,CITY OF SACRAMENTO,617700320086327295,Tier 2: Zero Improvement,occupied_structure_missing_improvement_data
00100200090000,001-0020-009-0000,600 N 10TH ST,SACRAMENTO,CA,95811.0,38.597433,-121.487134,CALIFORNIA STATE LOTTERY,,SACRAMENTO,CA,95811.0,,,,2024.0,19890404.0,0.0,OFFICE - SINGLE TENANT,CBB00E,3004.0,OFFICE BLDG (MULTI-STORY),OB-SPD,12.78,AC,162353.0,1985.0,162353.0,2,,,,,,,,,CITY OF SACRAMENTO,617700320125386751,Tier 2: Zero Improvement,occupied_structure_missing_improvement_data
00101120290000,001-0112-029-0000,1005 N B ST,SACRAMENTO,CA,95811.0,38.59143,-121.487826,WILLIAMS COMMUNICATIONS INCORPORATED,,BROOMFIELD,CO,80021.0,,,,2024.0,20000114.0,0.0,DISTRIBUTION & WAREHOUSE,GCAB0A,5003.0,WAREHOUSE (INDUSTRIAL),C-4-SPD,1.6799999,AC,22400.0,1953.0,22400.0,1,,,,,,,20000114.0,784000.0,CITY OF SACRAMENTO,617700320084230143,Tier 2: Zero Improvement,occupied_structure_missing_improvement_data
00200100710000,002-0010-071-0000,401 I ST,SACRAMENTO,CA,95814.0,38.584998,-121.501027,CITY OF SACRAMENTO,,SACRAMENTO,CA,95814.0,,,,2024.0,,0.0,GENERAL OFFICE,CAB0MA,3004.0,OFFICE BLDG (MULTI-STORY),C-3-SPD M-,17.518999,AC,68000.0,,68000.0,,,,,,,,,,CITY OF SACRAMENTO,617700320089210879,Tier 2: Zero Improvement,occupied_structure_missing_improvement_data
00600330130000,006-0033-013-0000,827 7TH ST,SACRAMENTO,CA,95814.0,38.582693,-121.496477,COUNTY OF SACRAMENTO,,SACRAMENTO,CA,95827.0,,,,2024.0,19901004.0,0.0,MULTI-STY OFC/ONE TENANT,CBC00A,3004.0,OFFICE BLDG (MULTI-STORY),C-3-SPD,23958.0,SF,365100.0,1978.0,365100.0,8,,,,,,,,,CITY OF SACRAMENTO,617700320088948735,Tier 2: Zero Improvement,occupied_structure_missing_improvement_data
00600330160000,006-0033-016-0000,700 H ST,SACRAMENTO,CA,95814.0,38.582875,-121.495971,COUNTY OF SAC (COUNTY OF SACRAMENTO),,SACRAMENTO,CA,95827.0,,,,2024.0,19901004.0,0.0,MULTI-STY OFC/ONE TENANT,CBC00A,3004.0,OFFICE BLDG (MULTI-STORY),C-3-SPD,1.95,AC,219895.0,1990.0,219895.0,,,,,,,,,,CITY OF SACRAMENTO,617700320088948735,Tier 2: Zero Improvement,occupied_structure_missing_improvement_data
00201450260000,002-0145-026-0000,720 9TH ST,SACRAMENTO,CA,95814.0,38.583576,-121.494288,STATE OF CALIF,,SAN FRANCISCO,CA,94102.0,,,,2024.0,20100405.0,0.0,MULTI-STY OFC/ONE TENANT,CBC00A,3004.0,OFFICE BLDG (MULTI-STORY),OB-SPD,2.5,AC,470000.0,1991.0,470000.0,7,,,,,,,20100405.0,,CITY OF SACRAMENTO,617700320093929471,Tier 2: Zero Improvement,occupied_structure_missing_improvement_data
00201430170000,002-0143-017-0000,725 7TH ST,SACRAMENTO,CA,95814.0,38.583928,-121.495609,COUNTY OF SACRAMENTO,,SACRAMENTO,CA,95827.0,,,,2024.0,19620306.0,0.0,PARKING STRUCTURE,BFI00A,2035.0,"PARKING GARAGE, PARKING STRUCTURE",OB-SPD,2.5,AC,,,,,,,,,,,,,CITY OF SACRAMENTO,617700320088948735,Tier 2: Zero Improvement,inherently_active_use_parking_airport_cemetery
00201160060000,002-0116-006-0000,1114 E ST,SACRAMENTO,CA,95814.0,38.584956,-121.489305,SACRAMENTO REGIONAL TRANSIT DISTRICT,,SACRAMENTO,CA,95812.0,,,,2024.0,19821104.0,0.0,AUTO REPAIR GARAGE,BFC00A,2024.0,"AUTO REPAIR (& RELATED), GARAGE",C-2-SPD,6360.0,SF,2400.0,1968.0,2400.0,1,,,,,,,,,CITY OF SACRAMENTO,617700320092618751,Tier 2: Zero Improvement,occupied_structure_missing_improvement_data
00201610010000,002-0161-001-0000,1200 F ST,SACRAMENTO,CA,95814.0,38.583573,-121.48872,SIDDIQUI AMNA J & JAVED T,,SACRAMENTO,CA,95811.0,608293.0,43437.0,651730.0,2024.0,20020426.0,0.0,PARKING LOT,BFHOMA,2036.0,PARKING LOT,C-2-SPD,17600.0,SF,350.0,1950.0,350.0,,,,,,,,20020426.0,450000.0,CITY OF SACRAMENTO,617700320094191615,Tier 3: Parking/Abandoned,occupied_structure_missing_improvement_data
27401200190000,812-0002-050-0001,1501 NORTHGATE BLVD SPC 52,SACRAMENTO,CA,95815.0,38.59793,-121.475242,FRIEL DONALD ALAN FRIEL REBECCA LEE,,SACRAMENTO,CA,95815.0,,,,2024.0,,0.0,MOBILE HOME/ON LEASED LAND/MH PARK,ATA00A,1006.0,MOBILE/MANUFACTURED HOME (REGARDLESS OF LAND OWNERSHIP),ARP-F,0.0,,628.0,1961.0,628.0,1,,2.0,,,,,,,CITY OF SACRAMENTO,617700320122765311,Tier 2: Zero Improvement,occupied_structure_missing_improvement_data
00200410540000,002-0041-054-0000,111 N 12TH ST,SACRAMENTO,CA,95811.0,38.589728,-121.485928,HOUSING AUTHORITY OF THE CITY OF SACRAMENTO,,SACRAMENTO,CA,95814.0,,,,2024.0,19891130.0,0.0,DISTRIBUTION & WAREHOUSE,GCAB0A,5003.0,WAREHOUSE (INDUSTRIAL),C-4-SPD,14800.0,SF,6000.0,1963.0,6000.0,1,,,,,,,,,CITY OF SACRAMENTO,617700320085278719,Tier 2: Zero Improvement,occupied_structure_missing_improvement_data
00200410860000,002-0041-086-0000,1330 N B ST,SACRAMENTO,CA,95811.0,38.589351,-121.484126,SACRAMENTO MUNICIPAL UTILITY DISTRICT,,SACRAMENTO,CA,95852.0,,,,2024.0,,0.0,DISTRIBUTUION & WAREHOUSES,GCKC0A,6002.0,DISTRIBUTION WAREHOUSE (REGIONAL),C-4-SPD,3.1400001,AC,66079.0,1964.0,66079.0,2,,,,,,,20210715.0,,CITY OF SACRAMENTO,617700319897845759,Tier 2: Zero Improvement,occupied_structure_missing_improvement_data
00200410220000,002-0041-022-0000,1226 N B ST,SACRAMENTO,CA,95811.0,38.589911,-121.485069,SACRAMENTO MUNICIPAL UTILITY DISTRICT,,SACRAMENTO,CA,95852.0,,,,2024.0,,0.0,AUTO REPAIR GARAGE,BFC00A,2024.0,"AUTO REPAIR (& RELATED), GARAGE",C-4-SPD,6800.0,SF,3195.0,1962.0,3195.0,1,,,,,,,20210715.0,,CITY OF SACRAMENTO,617700320085803007,Tier 2: Zero Improvement,occupied_structure_missing_improvement_data
00200410880000,002-0041-088-0000,1400 N B ST,SACRAMENTO,CA,95811.0,38.58914,-121.483128,CITY OF SACRAMENTO,,SACRAMENTO,CA,95814.0,,,,2024.0,,0.0,DISTRIBUTUION & WAREHOUSES,GCKC0A,6002.0,DISTRIBUTION WAREHOUSE (REGIONAL),C-2-SPD,1.7,AC,10374.0,2022.0,10374.0,1,,,,,,,20160628.0,,CITY OF SACRAMENTO,617700319897845759,Tier 2: Zero Improvement,occupied_structure_missing_improvement_data
00101450220000,001-0145-022-0000,325 N 16TH ST,SACRAMENTO,CA,95811.0,38.590804,-121.478893,S & CR PROPERTIES LLC,,SACRAMENTO,CA,95811.0,666227.0,266931.0,933158.0,2024.0,20020321.0,0.0,PARKING LOT,BFH00A,2036.0,PARKING LOT,C-4-SPD,1.3099999,AC,13000.0,1940.0,13000.0,1,,,,,,,20020321.0,633000.0,CITY OF SACRAMENTO,617700319898370047,Tier 3: Parking/Abandoned,occupied_structure_missing_improvement_data
00101450240000,001-0145-024-0000,311 N 16TH ST,SACRAMENTO,CA,95811.0,38.590545,-121.479392,PUBLIC STORAGE INSTITUTIONAL FUND,,GLENDALE,CA,91221.0,97092.0,,97092.0,2024.0,19870911.0,0.0,MINI-STORAGE,GL0003,2031.0,"MINI-WAREHOUSE, SELF-STORAGE",C-4-SPD,9000.0,SF,1035.0,1940.0,1035.0,1,,,,,,,,,CITY OF SACRAMENTO,617700319898370047,Tier 2: Zero Improvement,occupied_structure_missing_improvement_data
00200840020000,002-0084-002-0000,1310 C ST,SACRAMENTO,CA,95814.0,38.586379,-121.485493,COMANI & PHOENIX FUND II LLC,,SACRAMENTO,CA,95816.0,780300.0,,780300.0,2024.0,,0.0,DISTRIBUTION & WAREHOUSE,GCAC0A,5003.0,WAREHOUSE (INDUSTRIAL),M-1-SPD,12800.0,SF,4150.0,1946.0,4150.0,1,,,,,,,20220517.0,1500000.0,CITY OF SACRAMENTO,617700320093143039,Tier 2: Zero Improvement,occupied_structure_missing_improvement_data
00200940080000,002-0094-008-0000,315 N 16TH ST,SACRAMENTO,CA,95811.0,38.585043,-121.481468,BLUE DIAMOND GROWERS,,SACRAMENTO,CA,95811.0,4288807.0,375269.0,4664076.0,2024.0,,0.0,PARKING LOT,BFH00A,2036.0,PARKING LOT,M-1-SPD C-,2.5,AC,10619.0,1982.0,10619.0,,,,,,,,20200103.0,6600000.0,CITY OF SACRAMENTO,617700319898894335,Tier 3: Parking/Abandoned,occupied_structure_missing_improvement_data
00201240250000,002-0124-025-0000,1314 E ST,SACRAMENTO,CA,95814.0,38.584138,-121.486243,HOUSING AUTHORITY COUNTY OF SACRAMENTO SHRA,,SACRAMENTO,CA,95814.0,,,,2024.0,,0.0,MULTI/HIGH RISE APARTMENT/4 OR MORE STY,AF076D,1107.0,HIGHRISE APARTMENTS,R-3A-SPD,19321.0,SF,41648.0,1971.0,41648.0,,,,,,,,,,CITY OF SACRAMENTO,617700320094191615,Tier 2: Zero Improvement,occupied_structure_missing_improvement_data
00201330200000,002-0133-020-0000,1609 E ST,SACRAMENTO,CA,95814.0,38.583749,-121.482174,LAUSEVIC PAUL JR,,SACRAMENTO,CA,95811.0,186950.0,,186950.0,2024.0,19930128.0,0.0,AUTO REPAIR GARAGE,BFC00B,2024.0,"AUTO REPAIR (& RELATED), GARAGE",C-4-SPD,12160.0,SF,11581.0,1924.0,11581.0,2,,,,,,,,,CITY OF SACRAMENTO,617700319898894335,Tier 2: Zero Improvement,occupied_structure_missing_improvement_data
00200950140000,002-0095-014-0000,1707 D ST,SACRAMENTO,CA,95811.0,38.584521,-121.480445,CALIFORNIA ALMOND GROWERS EXCHANGE,,SACRAMENTO,CA,95812.0,129978.0,,129978.0,2024.0,19830614.0,0.0,FOOD PROCESSING-PACKING,GGGB0A,5005.0,"FOOD PACKING, PACKING PLANT (FRUIT; VEGETABLE; MEAT, DAIRY)",C-4-SPD,6800.0,SF,1842.0,1946.0,1842.0,1,,,,,,,,,CITY OF SACRAMENTO,617700319898632191,Tier 2: Zero Improvement,occupied_structure_missing_improvement_data
00200950190000,002-0095-019-0000,1802 C ST,SACRAMENTO,CA,95811.0,38.58438,-121.479909,CALIF ALMOND GROWERS EXCHANGE,,SACRAMENTO,CA,95812.0,116430.0,11377.0,127807.0,2024.0,,0.0,PARKING LOT,BFH00A,2036.0,PARKING LOT,C-4-SPD,34000.0,SF,1200.0,1966.0,1200.0,1,,,,,,,,,CITY OF SACRAMENTO,617700319898632191,Tier 3: Parking/Abandoned,occupied_structure_missing_improvement_data
00301210290000,003-0121-029-0000,1811 E ST,SACRAMENTO,CA,95811.0,38.583052,-121.479559,TOM FAMILY PARTNERSHIP,,SACRAMENTO,CA,95822.0,175631.0,,175631.0,2024.0,19960709.0,0.0,AUTO REPAIR GARAGE,BFC00B,2024.0,"AUTO REPAIR (& RELATED), GARAGE",C-4-SPD,10240.0,SF,2560.0,1966.0,2560.0,1,,,,,,,19960709.0,,CITY OF SACRAMENTO,617700319898632191,Tier 2: Zero Improvement,occupied_structure_missing_improvement_data
00902370170000,009-0237-017-0000,401 1ST AVE,SACRAMENTO,CA,95818.0,38.565184,-121.509201,401 1ST AVENUE LLC,,DIAMOND SPRINGS,CA,95619.0,822436.0,,822436.0,2024.0,,0.0,DISTRIBUTION & WAREHOUSE,GCAB0B,5003.0,WAREHOUSE (INDUSTRIAL),C-2,28184.0,SF,1472.0,1983.0,1472.0,1,,,,,,,20210616.0,775000.0,CITY OF SACRAMENTO,617700319654313983,Tier 2: Zero Improvement,occupied_structure_missing_improvement_data
00601360190000,006-0136-019-0000,135 NEASHAM CIR,SACRAMENTO,CA,95814.0,38.580612,-121.506443,CITY OF SACRAMENTO,,SACRAMENTO,CA,95814.0,,,,2024.0,20001222.0,0.0,PARKING STRUCTURE,BFI00A,2035.0,"PARKING GARAGE, PARKING STRUCTURE",C-3-SPD,28314.0,SF,,,,,,,,,,,20001222.0,,CITY OF SACRAMENTO,617700320089735167,Tier 2: Zero Improvement,inherently_active_use_parking_airport_cemetery
00600870690000,006-0087-069-0000,312 K ST,SACRAMENTO,CA,95814.0,38.58104,-121.502622,CITY OF SACRAMENTO,,SACRAMENTO,CA,95814.0,,,,2024.0,,0.0,PARKING STRUCTURE,BFI00A,2035.0,"PARKING GARAGE, PARKING STRUCTURE",C-3-SPD,3.6300001,AC,,,,,,,,,,,,,CITY OF SACRAMENTO,617700320088424447,Tier 2: Zero Improvement,inherently_active_use_parking_airport_cemetery
00604000020000,006-0400-002-0000,J ST,SACRAMENTO,CA,95814.0,38.580893,-121.498233,CITY OF SACRAMENTO,,SACRAMENTO,CA,95814.0,,,,2024.0,,0.0,PARKING STRUCTURE,BFI00A,2035.0,"PARKING GARAGE, PARKING STRUCTURE",C-3-SPD,2.03,AC,,,,,,,,,,,,,CITY OF SACRAMENTO,617700320089997311,Tier 2: Zero Improvement,inherently_active_use_parking_airport_cemetery
00604000010000,006-0400-001-0000,500 J ST,SACRAMENTO,CA,95814.0,38.581384,-121.499471,CITY OF SACRAMENTO,,SACRAMENTO,CA,95814.0,,,,2024.0,,0.0,PARKING STRUCTURE,BFI00A,2035.0,"PARKING GARAGE, PARKING STRUCTURE",C-3-SPD,2.5,AC,,,,,,,,,,,20180720.0,1598000.0,CITY OF SACRAMENTO,617700320088424447,Tier 2: Zero Improvement,inherently_active_use_parking_airport_cemetery
00602450110000,006-0245-011-0000,200 Q ST,SACRAMENTO,CA,95811.0,38.574985,-121.507168,JB COMPANY MANAGEMENT LP,,SACRAMENTO,CA,95825.0,1081640.0,,1081640.0,2024.0,,0.0,ABANDONED SERVICE STN,BFK00B,2000.0,COMMERCIAL (GENERAL),OB-SPD,25600.0,SF,1653.0,1971.0,1653.0,1,,,,,,,20131118.0,4350000.0,CITY OF SACRAMENTO,617700319646187519,Tier 2: Zero Improvement,occupied_structure_missing_improvement_data
00602450100000,006-0245-010-0000,226 Q ST,SACRAMENTO,CA,95811.0,38.574887,-121.50666,DEMPSEY N & LYNN R MADISON FAMILY REVOCABLE TRUST,,DAVIS,CA,95618.0,815851.0,,815851.0,2024.0,,0.0,SERVICE STATION,BFA0CB,2041.0,GAS STATION,OB-SPD,19200.0,SF,2840.0,1966.0,2840.0,1,,,,,,,,,CITY OF SACRAMENTO,617700319646187519,Tier 2: Zero Improvement,occupied_structure_missing_improvement_data
00602040010000,006-0204-001-0000,704 O ST,SACRAMENTO,CA,95814.0,38.575411,-121.499651,STATE OF CALIFORNIA,,SACRAMENTO,CA,95814.0,,,,2024.0,20020822.0,0.0,"OFFICE,RES,CONVERSION MULTI STORY",CJC00H,2044.0,COMMERCIAL/OFFICE/RESIDENTIAL (MIXED USE),C-2-SPD,20800.0,SF,8902.0,1881.0,8902.0,3,,,,,,,20020822.0,,CITY OF SACRAMENTO,617700319646449663,Tier 2: Zero Improvement,occupied_structure_missing_improvement_data
00600340120000,006-0034-012-0000,719 J ST,SACRAMENTO,CA,95814.0,38.581505,-121.496617,J STREET REFORMATION,,SACRAMENTO,CA,95814.0,380178.0,,380178.0,2024.0,20010803.0,0.0,STORE/OFFICE COMBINATION,BBB00A,2003.0,STORE/OFFICE (MIXED USE),C-3-SPD,3200.0,SF,4560.0,1890.0,4560.0,2,,,,,,,20171020.0,250000.0,CITY OF SACRAMENTO,617700320089997311,Tier 2: Zero Improvement,occupied_structure_missing_improvement_data
00600340130000,006-0034-013-0000,711 J ST,SACRAMENTO,CA,95814.0,38.581549,-121.496782,J STREET REFORMATION,,SACRAMENTO,CA,95814.0,2005471.0,,2005471.0,2024.0,19881021.0,0.0,GENERAL OFFICE-MULTI STY,CAC00B,3004.0,OFFICE BLDG (MULTI-STORY),C-3-SPD,12800.0,SF,1200.0,1955.0,1200.0,1,,,,,,,20171020.0,,CITY OF SACRAMENTO,617700320089997311,Tier 2: Zero Improvement,occupied_structure_missing_improvement_data
00600340170000,006-0034-017-0000,923 7TH ST,SACRAMENTO,CA,95814.0,38.581665,-121.497054,RICCI GARY M & ALVIN E RICCI JR LIVING TRUST,,SACRAMENTO,CA,95818.0,512317.0,,512317.0,2024.0,,0.0,RESTAURANT (DINING),BCA00B,2012.0,RESTAURANT,C-3-SPD,3200.0,SF,6400.0,1900.0,6400.0,2,,,,,,,20240503.0,340000.0,CITY OF SACRAMENTO,617700320089997311,Tier 2: Zero Improvement,occupied_structure_missing_improvement_data
00600940040000,006-0094-004-0000,712 J ST,SACRAMENTO,CA,95814.0,38.580906,-121.49702,SIDDIQUI FAMILY PARTNERSHIP & JAVED T SIDDIQUI & ANMA,,SACRAMENTO,CA,95811.0,213278.0,,213278.0,2024.0,19930715.0,0.0,RESTAURANT (DINING),BCA00B,2012.0,RESTAURANT,C-3-SPD,3200.0,SF,6400.0,1925.0,6400.0,1,,,,,,,,,CITY OF SACRAMENTO,617700320089997311,Tier 2: Zero Improvement,occupied_structure_missing_improvement_data
00600340090000,006-0034-009-0000,727 J ST,SACRAMENTO,CA,95814.0,38.581426,-121.496317,J STREET REFORMATION,,SACRAMENTO,CA,95814.0,1154387.0,,1154387.0,2024.0,,0.0,SMALL RETAIL-MULTI TENANT,BAB00H,2001.0,"RETAIL STORES ( PERSONAL SERVICES, PHOTOGRAPHY, TRAVEL)",C-3-SPD,6400.0,SF,12800.0,1900.0,12800.0,2,,,,,,,20171020.0,,CITY OF SACRAMENTO,617700320089997311,Tier 2: Zero Improvement,occupied_structure_missing_improvement_data
00600340100000,006-0034-010-0000,725 J ST,SACRAMENTO,CA,95814.0,38.581452,-121.496417,J STREET REFORMATION,,SACRAMENTO,CA,95814.0,562099.0,,562099.0,2024.0,19891227.0,0.0,STORE/OFFICE COMBINATION,BBB00B,2003.0,STORE/OFFICE (MIXED USE),C-3-SPD,3200.0,SF,9600.0,1900.0,9600.0,3,,,,,,,20171020.0,,CITY OF SACRAMENTO,617700320089997311,Tier 2: Zero Improvement,occupied_structure_missing_improvement_data
00600440010000,006-0044-001-0000,1000 I ST,SACRAMENTO,CA,95814.0,38.58101,-121.492814,CITY OF SACRAMENTO,,SACRAMENTO,CA,95814.0,,,,2024.0,19900216.0,0.0,PARKING STRUCTURE,BFI0BA,2035.0,"PARKING GARAGE, PARKING STRUCTURE",C-3-SPD,16800.0,SF,,,,,,,,,,,,,CITY OF SACRAMENTO,617700320093929471,Tier 2: Zero Improvement,inherently_active_use_parking_airport_cemetery
00600440020000,006-0044-002-0000,1020 I ST,SACRAMENTO,CA,95814.0,38.580902,-121.492411,CITY OF SACRAMENTO,,SACRAMENTO,CA,95814.0,,,,2024.0,19851226.0,0.0,PARKING STRUCTURE,BFI0BA,2035.0,"PARKING GARAGE, PARKING STRUCTURE",C-3-SPD,21600.0,SF,,,,,,,,,,,,,CITY OF SACRAMENTO,617700320093667327,Tier 2: Zero Improvement,inherently_active_use_parking_airport_cemetery
00600960170000,006-0096-017-0000,701 L ST,SACRAMENTO,CA,95814.0,38.579308,-121.497683,DBP REALTY PARTNERS LP,,SACRAMENTO,CA,95827.0,6623384.0,,6623384.0,2024.0,,0.0,PARKING STRUCTURE,BFI0BA,2035.0,"PARKING GARAGE, PARKING STRUCTURE",C-3-SPD,33280.0,SF,43000.0,1949.0,43000.0,,,,,,,,20170605.0,,CITY OF SACRAMENTO,617700320089997311,Tier 2: Zero Improvement,occupied_structure_missing_improvement_data
00600970120000,006-0097-012-0000,827 K ST,SACRAMENTO,CA,95814.0,38.579964,-121.495482,CITY OF SACRAMENTO,,SACRAMENTO,CA,95814.0,,,,2024.0,,0.0,GENERAL OFFICE-MULTI STY,CAC0BA,3004.0,OFFICE BLDG (MULTI-STORY),C-3-SPD,19680.0,SF,73098.0,1975.0,73098.0,3,,,,,,,20231228.0,,CITY OF SACRAMENTO,617700319650906111,Tier 2: Zero Improvement,occupied_structure_missing_improvement_data
00601550030000,006-0155-003-0000,812 L ST,SACRAMENTO,CA,95814.0,38.578371,-121.496716,FRANK FAT PROPERTIES,,SACRAMENTO,CA,95833.0,288419.0,7654.0,296073.0,2024.0,19731228.0,0.0,PARKING LOT,BFH00B,2036.0,PARKING LOT,C-3-SPD,9600.0,SF,19200.0,1920.0,19200.0,,,,,,,,,,CITY OF SACRAMENTO,617700319650381823,Tier 3: Parking/Abandoned,occupied_structure_missing_improvement_data
00601010080000,006-0101-008-0000,912 J ST,SACRAMENTO,CA,95814.0,38.580202,-121.494377,LAWRENCE G & KATHLEEN T ANAPOLSKY REVOCABLE TRU,,SACRAMENTO,CA,95814.0,230534.0,,230534.0,2024.0,20081001.0,0.0,SMALL RETAIL-MULTI TENANT,BAB00B,2001.0,"RETAIL STORES ( PERSONAL SERVICES, PHOTOGRAPHY, TRAVEL)",C-3-SPD,3200.0,SF,900.0,1910.0,900.0,2,,,,,,,20081001.0,150000.0,CITY OF SACRAMENTO,617700319650906111,Tier 2: Zero Improvement,occupied_structure_missing_improvement_data
00601010180000,006-0101-018-0000,919 K ST,SACRAMENTO,CA,95814.0,38.57968,-121.494415,LUONG HUEY & NGUYEN,,ELK GROVE,CA,95758.0,561367.0,,561367.0,2024.0,20030423.0,0.0,TAKE-OUT RESTAURANT,BCF00B,2014.0,TAKE-OUT RESTAURANT (FOOD PREPARATION),C-3-SPD,6400.0,SF,6038.0,1979.0,6038.0,1,,,,,,,20181204.0,380000.0,CITY OF SACRAMENTO,617700319650906111,Tier 2: Zero Improvement,occupied_structure_missing_improvement_data
00601010200000,006-0101-020-0000,911 K ST,SACRAMENTO,CA,95814.0,38.579754,-121.494691,911 K STREET PARTNERS LP,,SAN FRANCISCO,CA,94109.0,,,,2024.0,,0.0,MULTI/HIGH RISE APARTMENT/4 OR MORE STY,AF92BD,1107.0,HIGHRISE APARTMENTS,C-3-SPD,5760.0,SF,32930.0,1906.0,32930.0,6,,,,,,,20240416.0,2169500.0,CITY OF SACRAMENTO,617700319650906111,Tier 2: Zero Improvement,occupied_structure_missing_improvement_data
00601040090000,006-0104-009-0000,1015 L ST,SACRAMENTO,CA,95814.0,38.578303,-121.493829,CITY OF SACRAMENTO,,SACRAMENTO,CA,95814.0,,,,2024.0,19980603.0,0.0,PARKING STRUCTURE,BFI0BA,2035.0,"PARKING GARAGE, PARKING STRUCTURE",C-3-SPD,30492.0,SF,,,,,,,,,,,,,CITY OF SACRAMENTO,617700319650906111,Tier 2: Zero Improvement,inherently_active_use_parking_airport_cemetery
00601060010000,006-0106-001-0000,1115 11TH ST,SACRAMENTO,CA,95814.0,38.578333,-121.492461,REGENTS OF THE UNIVERSITY OF CA,,OAKLAND,CA,94607.0,,,,2024.0,,0.0,GENERAL OFFICE,CAB00A,3004.0,OFFICE BLDG (MULTI-STORY),C-3-SPD,8277.0,SF,16400.0,1975.0,16400.0,2,,,,,,,20190826.0,,CITY OF SACRAMENTO,617700319650906111,Tier 2: Zero Improvement,occupied_structure_missing_improvement_data
00600440030000,006-0044-003-0000,1030 I ST,SACRAMENTO,CA,95814.0,38.580904,-121.492006,CITY OF SACRAMENTO,,SACRAMENTO,CA,95814.0,,,,2024.0,19890421.0,0.0,PARKING STRUCTURE,BFI0BA,2035.0,"PARKING GARAGE, PARKING STRUCTURE",C-3-SPD,6400.0,SF,,,,,,,,,,,,,CITY OF SACRAMENTO,617700320093667327,Tier 2: Zero Improvement,inherently_active_use_parking_airport_cemetery
00600440050000,006-0044-005-0000,912 11TH ST,SACRAMENTO,CA,95814.0,38.580648,-121.492118,CITY OF SACRAMENTO,,SACRAMENTO,CA,95814.0,,,,2024.0,19900406.0,0.0,PARKING STRUCTURE,BFI0BA,2035.0,"PARKING GARAGE, PARKING STRUCTURE",C-3-SPD,3200.0,SF,,,,,,,,,,,,,CITY OF SACRAMENTO,617700320093667327,Tier 2: Zero Improvement,inherently_active_use_parking_airport_cemetery
00201620200000,002-0162-020-0000,777 12TH ST,SACRAMENTO,CA,95814.0,38.582011,-121.489384,SACRAMENTO METROPOLITAN AIR QUALITY MANAGEMENT,,SACRAMENTO,CA,95814.0,,,,2024.0,20020221.0,0.0,GENERAL OFFICE-MULTI STY,CAC00A,3004.0,OFFICE BLDG (MULTI-STORY),C-2-SPD,19341.0,SF,39680.0,1983.0,39680.0,3,,,,,,,20020221.0,,CITY OF SACRAMENTO,617700320093667327,Tier 2: Zero Improvement,occupied_structure_missing_improvement_data
00600440040000,006-0044-004-0000,908 11TH ST,SACRAMENTO,CA,95814.0,38.580747,-121.492075,CITY OF SACRAMENTO,,SACRAMENTO,CA,95814.0,,,,2024.0,19890412.0,0.0,PARKING STRUCTURE,BFI0BA,2035.0,"PARKING GARAGE, PARKING STRUCTURE",C-3-SPD,3200.0,SF,,,,,,,,,,,,,CITY OF SACRAMENTO,617700320093667327,Tier 2: Zero Improvement,inherently_active_use_parking_airport_cemetery
00600470110000,006-0047-011-0000,921 11TH ST,SACRAMENTO,CA,95814.0,38.580257,-121.491403,AFI PARTNERS LLC,,SACRAMENTO,CA,95812.0,384210.0,,384210.0,2024.0,20110802.0,0.0,GENERAL OFFICE-MULTI STY,CAC0BA,3004.0,OFFICE BLDG (MULTI-STORY),C-3-SPD,2400.0,SF,2400.0,1928.0,2400.0,3,,,,,,,20110802.0,,CITY OF SACRAMENTO,617700320093667327,Tier 2: Zero Improvement,occupied_structure_missing_improvement_data
00601150250000,006-0115-025-0000,1401 K ST,SACRAMENTO,CA,95814.0,38.578227,-121.48828,CITY OF SACRAMENTO,,SACRAMENTO,CA,95814.0,,,,2024.0,,0.0,PRIVATE CLUB,FH00BA,4007.0,"CLUBS, LODGES, PROFESSIONAL ASSOCIATIONS",C-3-SPD,0.0,,27091.0,1984.0,27091.0,3,,,,,,,,,CITY OF SACRAMENTO,617700319650643967,Tier 2: Zero Improvement,occupied_structure_missing_improvement_data
00601550070000,006-0155-007-0000,830 L ST,SACRAMENTO,CA,95814.0,38.578222,-121.496163,FAHN STANLEY & CECELIA LINDER,,HASTINGS ON HUDSON,NY,10706.0,423034.0,29490.0,452524.0,2024.0,,0.0,PARKING LOT,BFH00A,2036.0,PARKING LOT,C-3-SPD,12800.0,SF,25600.0,1920.0,25600.0,,,,,,,,,,CITY OF SACRAMENTO,617700319650381823,Tier 3: Parking/Abandoned,occupied_structure_missing_improvement_data
00601040080000,006-0104-008-0000,1031 L ST,SACRAMENTO,CA,95814.0,38.578159,-121.493287,CITY OF SACRAMENTO,,SACRAMENTO,CA,95814.0,,,,2024.0,19980603.0,0.0,PARKING STRUCTURE,BFI0BA,2035.0,"PARKING GARAGE, PARKING STRUCTURE",C-3-SPD,20800.0,SF,,,,,,,,,,,19980603.0,,CITY OF SACRAMENTO,617700319650906111,Tier 2: Zero Improvement,inherently_active_use_parking_airport_cemetery
00602110030000,006-0211-003-0000,1416 10TH ST,SACRAMENTO,CA,95814.0,38.575266,-121.496397,STATE OF CALIFORNIA,,SACRAMENTO,CA,95826.0,,,,2024.0,19650210.0,0.0,PARKING STRUCTURE,BFI00A,2035.0,"PARKING GARAGE, PARKING STRUCTURE",C-2-SPD,1.1799999,AC,,,,,,,,,,,,,CITY OF SACRAMENTO,617700319651430399,Tier 2: Zero Improvement,inherently_active_use_parking_airport_cemetery
00602120070000,006-0212-007-0000,912 O ST,SACRAMENTO,CA,95814.0,38.574636,-121.496722,STATE OF CALIFORNIA,,SACRAMENTO,CA,95814.0,,,,2024.0,19770502.0,0.0,PARKING STRUCTURE,BFI00A,2035.0,"PARKING GARAGE, PARKING STRUCTURE",C-2-SPD,6970.0,SF,,,,,,,,,,,,,CITY OF SACRAMENTO,617700319651430399,Tier 2: Zero Improvement,inherently_active_use_parking_airport_cemetery
00602120230000,006-0212-023-0000,916 O ST,SACRAMENTO,CA,95814.0,38.574584,-121.496524,STATE OF CALIFORNIA,,SACRAMENTO,CA,95814.0,,,,2024.0,19770502.0,0.0,PARKING STRUCTURE,BFI00A,2035.0,"PARKING GARAGE, PARKING STRUCTURE",C-2-SPD,13504.0,SF,,,,,,,,,,,,,CITY OF SACRAMENTO,617700319651430399,Tier 2: Zero Improvement,inherently_active_use_parking_airport_cemetery
00602120100000,006-0212-010-0000,1502 10TH AVE,SACRAMENTO,CA,95818.0,38.57463,-121.496215,STATE OF CALIFORNIA,,SACRAMENTO,CA,95814.0,,,,2024.0,19770502.0,0.0,PARKING STRUCTURE,BFI00A,2035.0,"PARKING GARAGE, PARKING STRUCTURE",C-2-SPD,6534.0,SF,,,,,,,,,,,,,CITY OF SACRAMENTO,617700319651430399,Tier 2: Zero Improvement,inherently_active_use_parking_airport_cemetery
00602120110000,006-0212-011-0000,1510 10TH AVE,SACRAMENTO,CA,95818.0,38.574478,-121.49628,STATE OF CALIFORNIA,,SACRAMENTO,CA,95814.0,,,,2024.0,19770502.0,0.0,PARKING STRUCTURE,BFI00A,2035.0,"PARKING GARAGE, PARKING STRUCTURE",C-2-SPD,3049.0,SF,,,,,,,,,,,,,CITY OF SACRAMENTO,617700319651430399,Tier 2: Zero Improvement,inherently_active_use_parking_airport_cemetery
00602120120000,006-0212-012-0000,1514 10TH AVE,SACRAMENTO,CA,95818.0,38.574362,-121.496331,STATE OF CALIFORNIA,,SACRAMENTO,CA,95814.0,,,,2024.0,19770502.0,0.0,PARKING STRUCTURE,BFI00A,2035.0,"PARKING GARAGE, PARKING STRUCTURE",C-2-SPD,3920.0,SF,,,,,,,,,,,,,CITY OF SACRAMENTO,617700319651430399,Tier 2: Zero Improvement,inherently_active_use_parking_airport_cemetery
00602120130000,006-0212-013-0000,1520 10TH AVE,SACRAMENTO,CA,95818.0,38.574233,-121.496387,STATE OF CALIFORNIA,,SACRAMENTO,CA,95814.0,,,,2024.0,,0.0,PARKING STRUCTURE,BFI0CA,2035.0,"PARKING GARAGE, PARKING STRUCTURE",C-2-SPD,4356.0,SF,,,,,,,,,,,,,CITY OF SACRAMENTO,617700319651430399,Tier 2: Zero Improvement,inherently_active_use_parking_airport_cemetery
00601150260000,006-0115-026-0000,1301 L ST,SACRAMENTO,CA,95814.0,38.577321,-121.48928,CITY OF SACRAMENTO,,SACRAMENTO,CA,95814.0,,,,2024.0,,0.0,THEATER,FFB00A,4020.0,THEATER,C-3-SPD,0.0,,70634.0,1974.0,70634.0,1,,,,,,,20210517.0,,CITY OF SACRAMENTO,617700319650643967,Tier 2: Zero Improvement,occupied_structure_missing_improvement_data
00602230020000,006-0223-002-0000,1316 N ST,SACRAMENTO,CA,95814.0,38.574233,-121.490545,STATE OF CALIFORNIA,,SACRAMENTO,CA,95814.0,,,,2024.0,19700831.0,0.0,MULTI/LOW RISE APARTMENT/1-3 STY,AE011B,1104.0,APARTMENT HOUSE (5+ UNITS),R-5-SPD,6534.0,SF,8163.0,1939.0,8163.0,2,11.0,,,,,,,,CITY OF SACRAMENTO,617700319651692543,Tier 2: Zero Improvement,occupied_structure_missing_improvement_data
00602660030000,006-0266-003-0000,804 Q ST,SACRAMENTO,CA,95811.0,38.572878,-121.499286,STATE OF CALIFORNIA,,SACRAMENTO,CA,95811.0,,,,2024.0,,0.0,PARKING STRUCTURE,BFI0CA,2035.0,"PARKING GARAGE, PARKING STRUCTURE",RMX-SPD,6534.0,SF,,,,,,,,,,,,,CITY OF SACRAMENTO,617700319647498239,Tier 2: Zero Improvement,inherently_active_use_parking_airport_cemetery
00602660040000,006-0266-004-0000,810 Q ST,SACRAMENTO,CA,95811.0,38.572901,-121.499127,STATE OF CALIFORNIA,,SACRAMENTO,CA,95811.0,,,,2024.0,19660606.0,0.0,PARKING STRUCTURE,BFI0CA,2035.0,"PARKING GARAGE, PARKING STRUCTURE",RMX-SPD,4792.0,SF,,,,,,,,,,,,,CITY OF SACRAMENTO,617700319647498239,Tier 2: Zero Improvement,inherently_active_use_parking_airport_cemetery
00602660020000,006-0266-002-0000,800 Q ST,SACRAMENTO,CA,95811.0,38.572993,-121.499385,STATE OF CALIFORNIA,,SACRAMENTO,CA,95811.0,,,,2024.0,19671201.0,0.0,PARKING STRUCTURE,BFI0CA,2035.0,"PARKING GARAGE, PARKING STRUCTURE",RMX-SPD,3920.0,SF,,,,,,,,,,,,,CITY OF SACRAMENTO,617700319647498239,Tier 2: Zero Improvement,inherently_active_use_parking_airport_cemetery
00602660180000,006-0266-018-0000,1715 8TH ST,SACRAMENTO,CA,95811.0,38.572787,-121.499472,STATE OF CALIFORNIA,,SACRAMENTO,CA,95811.0,,,,2024.0,19671201.0,0.0,PARKING STRUCTURE,BFI00A,2035.0,"PARKING GARAGE, PARKING STRUCTURE",RMX-SPD,2280.0,SF,,,,,,,,,,,,,CITY OF SACRAMENTO,617700319647498239,Tier 2: Zero Improvement,inherently_active_use_parking_airport_cemetery
00602660050000,006-0266-005-0000,810 Q ST # 2,SACRAMENTO,CA,95811.0,38.572692,-121.499218,STATE OF CALIFORNIA,,SACRAMENTO,CA,95811.0,,,,2024.0,19670828.0,0.0,PARKING STRUCTURE,BFI00A,2035.0,"PARKING GARAGE, PARKING STRUCTURE",RMX-SPD,1742.0,SF,,,,,,,,,,,,,CITY OF SACRAMENTO,617700319647498239,Tier 2: Zero Improvement,inherently_active_use_parking_airport_cemetery
00602660070000,006-0266-007-0000,816 Q ST,SACRAMENTO,CA,95811.0,38.572772,-121.498885,STATE OF CALIFORNIA,,SACRAMENTO,CA,95811.0,,,,2024.0,,0.0,PARKING STRUCTURE,BFI0CA,2035.0,"PARKING GARAGE, PARKING STRUCTURE",RMX-SPD,6534.0,SF,,,,,,,,,,,,,CITY OF SACRAMENTO,617700319647498239,Tier 2: Zero Improvement,inherently_active_use_parking_airport_cemetery
00602660060000,006-0266-006-0000,812 Q ST,SACRAMENTO,CA,95811.0,38.572807,-121.49902,STATE OF CALIFORNIA,,SACRAMENTO,CA,95811.0,,,,2024.0,,0.0,PARKING STRUCTURE,BFI0CA,2035.0,"PARKING GARAGE, PARKING STRUCTURE",RMX-SPD,6534.0,SF,,,,,,,,,,,,,CITY OF SACRAMENTO,617700319647498239,Tier 2: Zero Improvement,inherently_active_use_parking_airport_cemetery
00900630140000,009-0063-014-0000,701 S ST,SACRAMENTO,CA,95811.0,38.571676,-121.501336,CAPITOL AREA DEVELOPMENT AUTHORITY,,SACRAMENTO,CA,95814.0,,,,2024.0,20090825.0,0.0,LIGHT INDUSTRIAL,GAKC0B,5002.0,LIGHT INDUSTRIAL (10% IMPROVED OFFICE SPACE; MACHINE SHOP),RMX-SPD,13365.0,SF,7225.0,2006.0,7225.0,4,,,,,,,20090825.0,,CITY OF SACRAMENTO,617700319647498239,Tier 2: Zero Improvement,occupied_structure_missing_improvement_data
00900710180000,009-0071-018-0000,905 S ST,SACRAMENTO,CA,95811.0,38.570927,-121.498513,ANTHEM 905 S HOLDINGS,,DUNSMUIR,CA,,4910688.0,,4910688.0,2024.0,,0.0,APARTMENTS,104,1112.0,APARTMENTS (GENERIC),RMX-SPD,29600.0,SF,19950.0,1973.0,19950.0,1,,,,,,,20220131.0,5000000.0,CITY OF SACRAMENTO,617700319644614655,Tier 2: Zero Improvement,occupied_structure_missing_improvement_data
00900710220000,009-0071-022-0000,925 S ST,SACRAMENTO,CA,95811.0,38.570785,-121.49798,ANTHEM 905 S HOLDINGS LP,,ROSEVILLE,CA,95661.0,2913120.0,,2913120.0,2024.0,,0.0,APARTMENTS,104,1112.0,APARTMENTS (GENERIC),RMX-SPD,19013.0,SF,5184.0,1973.0,5184.0,1,,,,,,,20220622.0,2900000.0,CITY OF SACRAMENTO,617700319644614655,Tier 2: Zero Improvement,occupied_structure_missing_improvement_data
00900720060000,009-0072-006-0000,918 S ST,SACRAMENTO,CA,95811.0,38.570245,-121.49852,KWONG WAYNE,,SACRAMENTO,CA,95831.0,170623.0,,170623.0,2024.0,,0.0,RESTAURANT (DINING),BCA0AB,2012.0,RESTAURANT,C-2-SPD,6534.0,SF,1119.0,1902.0,1119.0,1,,,0.0,,,,20240119.0,650000.0,CITY OF SACRAMENTO,617700319644614655,Tier 2: Zero Improvement,occupied_structure_missing_improvement_data
00902320050000,009-0232-005-0000,431 BROADWAY,SACRAMENTO,CA,95818.0,38.565973,-121.507374,KWONG FAMILY TRUST,,SACRAMENTO,CA,95831.0,111010.0,14119.0,125129.0,2024.0,20010425.0,0.0,ABANDONED SERVICE STN,BFK008,2000.0,COMMERCIAL (GENERAL),C-4-SPD,12800.0,SF,1799.0,1980.0,1799.0,1,,,,,,,20010425.0,,CITY OF SACRAMENTO,617700319654313983,Tier 3: Parking/Abandoned,occupied_structure_missing_improvement_data
00602160140000,006-0216-014-0000,1109 P ST,SACRAMENTO,CA,95814.0,38.573509,-121.494415,STATE OF CALIFORNIA,,SACRAMENTO,CA,95814.0,,,,2024.0,,0.0,PARKING STRUCTURE,BFI00A,2035.0,"PARKING GARAGE, PARKING STRUCTURE",C-2-SPD,6534.0,SF,,,,,,,,,,,,,CITY OF SACRAMENTO,617700319651168255,Tier 2: Zero Improvement,inherently_active_use_parking_airport_cemetery
00602160190000,006-0216-019-0000,1519 11TH AVE,SACRAMENTO,CA,95818.0,38.573721,-121.494538,STATE OF CALIFORNIA,,SACRAMENTO,CA,95814.0,,,,2024.0,,0.0,PARKING STRUCTURE,BFI00A,2035.0,"PARKING GARAGE, PARKING STRUCTURE",C-2-SPD,3049.0,SF,,,,,,,,,,,,,CITY OF SACRAMENTO,617700319651168255,Tier 2: Zero Improvement,inherently_active_use_parking_airport_cemetery
00602160160000,006-0216-016-0000,1529 11TH AVE # 2,SACRAMENTO,CA,95818.0,38.573439,-121.494732,STATE OF CALIFORNIA,,SACRAMENTO,CA,95814.0,,,,2024.0,,0.0,PARKING STRUCTURE,BFI00A,2035.0,"PARKING GARAGE, PARKING STRUCTURE",C-2-SPD,2178.0,SF,,,,,,,,,,,,,CITY OF SACRAMENTO,617700319651168255,Tier 2: Zero Improvement,inherently_active_use_parking_airport_cemetery
00602160150000,006-0216-015-0000,1105 P ST,SACRAMENTO,CA,95814.0,38.573444,-121.494589,STATE OF CALIFORNIA,,SACRAMENTO,CA,95814.0,,,,2024.0,,0.0,PARKING STRUCTURE,BFI00A,2035.0,"PARKING GARAGE, PARKING STRUCTURE",C-2-SPD,3049.0,SF,,,,,,,,,,,,,CITY OF SACRAMENTO,617700319651168255,Tier 2: Zero Improvement,inherently_active_use_parking_airport_cemetery
00602160180000,006-0216-018-0000,1521 11TH AVE,SACRAMENTO,CA,95818.0,38.573622,-121.49458,STATE OF CALIFORNIA,,SACRAMENTO,CA,95814.0,,,,2024.0,,0.0,PARKING STRUCTURE,BFI00A,2035.0,"PARKING GARAGE, PARKING STRUCTURE",C-2-SPD,3049.0,SF,,,,,,,,,,,,,CITY OF SACRAMENTO,617700319651168255,Tier 2: Zero Improvement,inherently_active_use_parking_airport_cemetery
00602160170000,006-0216-017-0000,1525 11TH AVE,SACRAMENTO,CA,95818.0,38.573549,-121.494684,STATE OF CALIFORNIA CALTRANS,,SACRAMENTO,CA,95814.0,,,,2024.0,,0.0,PARKING STRUCTURE,BFI00A,2035.0,"PARKING GARAGE, PARKING STRUCTURE",C-2-SPD,1307.0,SF,,,,,,,,,,,,,CITY OF SACRAMENTO,617700319651168255,Tier 2: Zero Improvement,inherently_active_use_parking_airport_cemetery
00602160120000,006-0216-012-0000,1119 P ST,SACRAMENTO,CA,95814.0,38.57342,-121.494084,STATE OF CALIFORNIA,,SACRAMENTO,CA,95814.0,,,,2024.0,,0.0,PARKING STRUCTURE,BFI00A,2035.0,"PARKING GARAGE, PARKING STRUCTURE",C-2-SPD,12632.0,SF,,,,,,,,,,,,,CITY OF SACRAMENTO,617700319651168255,Tier 2: Zero Improvement,inherently_active_use_parking_airport_cemetery
00602160100000,006-0216-010-0000,1526 12TH ST,SACRAMENTO,CA,95814.0,38.57341,-121.493781,STATE OF CALIFORNIA,,SACRAMENTO,CA,95814.0,,,,2024.0,,0.0,PARKING STRUCTURE,BFI00A,2035.0,"PARKING GARAGE, PARKING STRUCTURE",C-2-SPD,3049.0,SF,,,,,,,,,,,,,CITY OF SACRAMENTO,617700319651168255,Tier 2: Zero Improvement,inherently_active_use_parking_airport_cemetery
00602160110000,006-0216-011-0000,1131 P ST,SACRAMENTO,CA,95814.0,38.573249,-121.493852,STATE OF CALIFORNIA,,SACRAMENTO,CA,95814.0,,,,2024.0,,0.0,PARKING STRUCTURE,BFI00A,2035.0,"PARKING GARAGE, PARKING STRUCTURE",C-2-SPD,6534.0,SF,,,,,,,,,,,,,CITY OF SACRAMENTO,617700319651168255,Tier 2: Zero Improvement,inherently_active_use_parking_airport_cemetery
00602160130000,006-0216-013-0000,1115 P ST,SACRAMENTO,CA,95814.0,38.573474,-121.494283,STATE OF CALIFORNIA,,SACRAMENTO,CA,95814.0,,,,2024.0,,0.0,PARKING STRUCTURE,BFI00A,2035.0,"PARKING GARAGE, PARKING STRUCTURE",C-2-SPD,6534.0,SF,,,,,,,,,,,,,CITY OF SACRAMENTO,617700319651168255,Tier 2: Zero Improvement,inherently_active_use_parking_airport_cemetery
00602160090000,006-0216-009-0000,1520 12TH ST,SACRAMENTO,CA,95814.0,38.573509,-121.493738,STATE OF CALIFORNIA,,SACRAMENTO,CA,95814.0,,,,2024.0,,0.0,PARKING STRUCTURE,BFI00A,2035.0,"PARKING GARAGE, PARKING STRUCTURE",C-2-SPD,3049.0,SF,,,,,,,,,,,,,CITY OF SACRAMENTO,617700319651168255,Tier 2: Zero Improvement,inherently_active_use_parking_airport_cemetery
00900750050000,009-0075-005-0000,1101 S ST,SACRAMENTO,CA,95811.0,38.570185,-121.496076,RG FONG FAMILY ENTERPRISES LP,,SACRAMENTO,CA,95822.0,581400.0,5100.0,586500.0,2024.0,20110215.0,0.0,PARKING LOT,BFH00B,2036.0,PARKING LOT,RMX-SPD,6400.0,SF,576.0,1929.0,576.0,,,,,,,,20110215.0,,CITY OF SACRAMENTO,617700319644614655,Tier 3: Parking/Abandoned,occupied_structure_missing_improvement_data
00602760120000,006-0276-012-0000,1726 12TH ST,SACRAMENTO,CA,95811.0,38.571094,-121.494706,HI-LINE ELECTRIC COMPANY,,SACRAMENTO,CA,95811.0,313670.0,,313670.0,2024.0,,0.0,LIGHT IND-PROCESSING,GAAC0A,5002.0,LIGHT INDUSTRIAL (10% IMPROVED OFFICE SPACE; MACHINE SHOP),C-2-SPD,4649.0,SF,813.0,1959.0,813.0,1,,,,,,,,,CITY OF SACRAMENTO,617700319644614655,Tier 2: Zero Improvement,occupied_structure_missing_improvement_data
00602830100000,006-0283-010-0000,1225 R ST,SACRAMENTO,CA,95811.0,38.570767,-121.493635,SACRAMENTO REGIONAL TRANSIT DISTRICT,,SACRAMENTO,CA,95812.0,,,,2024.0,20021227.0,0.0,GENERAL OFFICE,CAA00A,3003.0,OFFICE BLDG (GENERAL),RMX-SPD,18000.0,SF,10560.0,1982.0,10560.0,1,,,,,,,20021227.0,,CITY OF SACRAMENTO,617700319644352511,Tier 2: Zero Improvement,occupied_structure_missing_improvement_data
00602240240000,006-0224-024-0000,1517 13TH AVE,SACRAMENTO,CA,95818.0,38.572937,-121.491606,STATE OF CALIFORNIA,,SACRAMENTO,CA,95811.0,,,,2024.0,,0.0,PARKING STRUCTURE,BFI00A,2035.0,"PARKING GARAGE, PARKING STRUCTURE",R-5-SPD,3485.0,SF,,,,,,,,,,,,,CITY OF SACRAMENTO,617700319651168255,Tier 2: Zero Improvement,inherently_active_use_parking_airport_cemetery
00602240210000,006-0224-021-0000,1305 P ST,SACRAMENTO,CA,95814.0,38.572659,-121.491642,STATE OF CALIFORNIA,,SACRAMENTO,CA,95811.0,,,,2024.0,,0.0,PARKING STRUCTURE,BFI00A,2035.0,"PARKING GARAGE, PARKING STRUCTURE",R-5-SPD,3049.0,SF,,,,,,,,,,,,,CITY OF SACRAMENTO,617700319651168255,Tier 2: Zero Improvement,inherently_active_use_parking_airport_cemetery
00602240230000,006-0224-023-0000,1523 13TH AVE,SACRAMENTO,CA,95818.0,38.572837,-121.491647,STATE OF CALIFORNIA,,SACRAMENTO,CA,95811.0,,,,2024.0,,0.0,PARKING STRUCTURE,BFI00A,2035.0,"PARKING GARAGE, PARKING STRUCTURE",R-5-SPD,3049.0,SF,,,,,,,,,,,,,CITY OF SACRAMENTO,617700319651168255,Tier 2: Zero Improvement,inherently_active_use_parking_airport_cemetery
00602240170000,006-0224-017-0000,1321 P ST,SACRAMENTO,CA,95814.0,38.572616,-121.491067,STATE OF CALIFORNIA,,SACRAMENTO,CA,95811.0,,,,2024.0,,0.0,PARKING STRUCTURE,BFI00A,2035.0,"PARKING GARAGE, PARKING STRUCTURE",R-5-SPD,7405.0,SF,,,,,,,,,,,,,CITY OF SACRAMENTO,617700319648284671,Tier 2: Zero Improvement,inherently_active_use_parking_airport_cemetery
00602240190000,006-0224-019-0000,1315 P ST,SACRAMENTO,CA,95814.0,38.572688,-121.491336,STATE OF CALIFORNIA,,SACRAMENTO,CA,95811.0,,,,2024.0,,0.0,PARKING STRUCTURE,BFI00A,2035.0,"PARKING GARAGE, PARKING STRUCTURE",R-5-SPD,6534.0,SF,,,,,,,,,,,,,CITY OF SACRAMENTO,617700319648284671,Tier 2: Zero Improvement,inherently_active_use_parking_airport_cemetery
00602240200000,006-0224-020-0000,1311 P ST,SACRAMENTO,CA,95814.0,38.572723,-121.491468,STATE OF CALIFORNIA,,SACRAMENTO,CA,95811.0,,,,2024.0,,0.0,PARKING STRUCTURE,BFI00A,2035.0,"PARKING GARAGE, PARKING STRUCTURE",R-5-SPD,6534.0,SF,,,,,,,,,,,,,CITY OF SACRAMENTO,617700319651168255,Tier 2: Zero Improvement,inherently_active_use_parking_airport_cemetery
00602240220000,006-0224-022-0000,1301 P ST,SACRAMENTO,CA,95814.0,38.572696,-121.491783,STATE OF CALIFORNIA,,SACRAMENTO,CA,95811.0,,,,2024.0,19661107.0,0.0,PARKING STRUCTURE,BFI00A,2035.0,"PARKING GARAGE, PARKING STRUCTURE",R-5-SPD,3049.0,SF,,,,,,,,,,,,,CITY OF SACRAMENTO,617700319651168255,Tier 2: Zero Improvement,inherently_active_use_parking_airport_cemetery
00602240140000,006-0224-014-0000,1516 14TH ST,SACRAMENTO,CA,95814.0,38.572727,-121.490808,STATE OF CALIFORNIA,,SACRAMENTO,CA,95811.0,,,,2024.0,,0.0,PARKING STRUCTURE,BFI00A,2035.0,"PARKING GARAGE, PARKING STRUCTURE",R-5-SPD,3485.0,SF,,,,,,,,,,,,,CITY OF SACRAMENTO,617700319648284671,Tier 2: Zero Improvement,inherently_active_use_parking_airport_cemetery
00602240180000,006-0224-018-0000,1317 P ST,SACRAMENTO,CA,95814.0,38.572653,-121.491202,STATE OF CALIFORNIA,,SACRAMENTO,CA,95811.0,,,,2024.0,,0.0,PARKING STRUCTURE,BFI00A,2035.0,"PARKING GARAGE, PARKING STRUCTURE",R-5-SPD,6534.0,SF,,,,,,,,,,,,,CITY OF SACRAMENTO,617700319648284671,Tier 2: Zero Improvement,inherently_active_use_parking_airport_cemetery
00602240160000,006-0224-016-0000,1331 P ST,SACRAMENTO,CA,95814.0,38.572464,-121.490921,STATE OF CALIFORNIA,,SACRAMENTO,CA,95811.0,,,,2024.0,,0.0,PARKING STRUCTURE,BFI00A,2035.0,"PARKING GARAGE, PARKING STRUCTURE",R-5-SPD,6534.0,SF,,,,,,,,,,,,,CITY OF SACRAMENTO,617700319648284671,Tier 2: Zero Improvement,inherently_active_use_parking_airport_cemetery
00602260250000,006-0226-025-0000,1401 P ST,SACRAMENTO,CA,95814.0,38.572391,-121.490222,GOVERNORS TERRACE,,ROSEVILLE,CA,95678.0,425673.0,,425673.0,2024.0,20000630.0,0.0,MULTI/LOW RISE APARTMENT/1-3 STY,AE044A,1112.0,APARTMENTS (GENERIC),R-5-SPD,25946.0,SF,39263.0,1997.0,39263.0,4,,,,,,,20181227.0,282500.0,CITY OF SACRAMENTO,617700319648284671,Tier 2: Zero Improvement,occupied_structure_missing_improvement_data
00602240150000,006-0224-015-0000,1518 14TH ST,SACRAMENTO,CA,95814.0,38.572625,-121.490851,STATE OF CALIFORNIA,,SACRAMENTO,CA,95811.0,,,,2024.0,,0.0,PARKING STRUCTURE,BFI00A,2035.0,"PARKING GARAGE, PARKING STRUCTURE",R-5-SPD,3049.0,SF,,,,,,,,,,,,,CITY OF SACRAMENTO,617700319648284671,Tier 2: Zero Improvement,inherently_active_use_parking_airport_cemetery
00603500510000,006-0350-051-0000,1530 16TH ST,SACRAMENTO,CA,95814.0,38.571795,-121.48813,STATE OF CA (CAPITOL AREA DEV AUTHORITY),,SACRAMENTO,CA,95814.0,,,,2024.0,,0.0,STORE/OFFICE COMBINATION,BBB00A,2003.0,STORE/OFFICE (MIXED USE),C-2-SPD,2096.0,SF,3040.0,1988.0,3040.0,2,,,,,,,,,CITY OF SACRAMENTO,617700319648284671,Tier 2: Zero Improvement,occupied_structure_missing_improvement_data
00602860240000,006-0286-024-0000,1606 15TH ST,SACRAMENTO,CA,95814.0,38.571591,-121.489831,CAPITOL AREA DEVELOPMENT AUTHORITY,,SACRAMENTO,CA,95814.0,,,,2024.0,20081223.0,0.0,MULTI/LOW RISE APARTMENT/1-3 STY,AE032A,1112.0,APARTMENTS (GENERIC),R-5-SPD,12632.0,SF,11701.0,1959.0,11701.0,2,,,,,,,20081223.0,435000.0,CITY OF SACRAMENTO,617700319648284671,Tier 2: Zero Improvement,occupied_structure_missing_improvement_data
00901510080000,009-0151-008-0000,2000 16TH ST,SACRAMENTO,CA,95818.0,38.566868,-121.490456,CAPITOL AREA DEVELOPMENT AUTHORITY,,SACRAMENTO,CA,95814.0,,,,2024.0,,0.0,AUTO REPAIR GARAGE,BFC00A,2024.0,"AUTO REPAIR (& RELATED), GARAGE",C-2-SPD,19600.0,SF,4918.0,1978.0,4918.0,,,,,,,,20220715.0,,CITY OF SACRAMENTO,617700319649333247,Tier 2: Zero Improvement,occupied_structure_missing_improvement_data
00201660200000,002-0166-020-0000,1422 G ST,SACRAMENTO,CA,95814.0,38.581533,-121.485726,CALIFORNIA MUSICAL THEATRE,,SACRAMENTO,CA,95814.0,,,,2024.0,20020426.0,0.0,THEATER,FFB00A,4020.0,THEATER,C-2-SPD,35380.0,SF,29907.0,2003.0,29907.0,,,,,,,,20020426.0,,CITY OF SACRAMENTO,617700320094191615,Tier 2: Zero Improvement,occupied_structure_missing_improvement_data
00600550010000,006-0055-001-0000,1420 H ST,SACRAMENTO,CA,95814.0,38.580514,-121.486401,CITY OF SACRAMENTO,,SACRAMENTO,CA,95814.0,,,,2024.0,19980603.0,0.0,PARKING STRUCTURE,BFI0BA,2035.0,"PARKING GARAGE, PARKING STRUCTURE",C-2-SPD,1.1799999,AC,,,,,,,,,,,19980603.0,,CITY OF SACRAMENTO,617700319906234367,Tier 2: Zero Improvement,inherently_active_use_parking_airport_cemetery
00600610010000,006-0061-001-0000,815 15TH ST,SACRAMENTO,CA,95814.0,38.580128,-121.485473,STATE OF CALIFORNIA PARKS & RECREATION,,SACRAMENTO,CA,95814.0,,,,2024.0,20101230.0,0.0,GENERAL OFFICE,CAA00A,3003.0,OFFICE BLDG (GENERAL),C-2-SPD,6600.0,SF,,,,,,,,,,,20101230.0,,CITY OF SACRAMENTO,617700319906234367,Tier 2: Zero Improvement,public_park_or_recreation_agency
00600610120000,006-0061-012-0000,1531 I ST,SACRAMENTO,CA,95814.0,38.579586,-121.48489,SCHOOLS EXCESS LIABILITY FUND,,SACRAMENTO,CA,95814.0,,,,2024.0,19960515.0,0.0,GENERAL OFFICE-MULTI STY,CAC00A,3004.0,OFFICE BLDG (MULTI-STORY),C-2-SPD,14490.0,SF,14534.0,1981.0,14534.0,3,,,,,,,,,CITY OF SACRAMENTO,617700319906234367,Tier 2: Zero Improvement,occupied_structure_missing_improvement_data
00600560060000,006-0056-006-0000,908 15TH ST,SACRAMENTO,CA,95814.0,38.579255,-121.486503,WILLIAM N KUFASIMES REVOCABLE TRUST,,SACRAMENTO,CA,95816.0,226013.0,,226013.0,2024.0,,0.0,SMALL RETAIL-MULTI TENANT,BAB00B,2001.0,"RETAIL STORES ( PERSONAL SERVICES, PHOTOGRAPHY, TRAVEL)",C-3-SPD,3200.0,SF,3200.0,1949.0,3200.0,1,,,,,,,20200825.0,,CITY OF SACRAMENTO,617700319906234367,Tier 2: Zero Improvement,occupied_structure_missing_improvement_data
00600560070000,006-0056-007-0000,910 15TH ST,SACRAMENTO,CA,95814.0,38.579158,-121.486545,WILLIAM N KUFASIMES REVOCABLE TRUST,,SACRAMENTO,CA,95816.0,226013.0,,226013.0,2024.0,,0.0,SMALL RETAIL-MULTI TENANT,BAB00B,2001.0,"RETAIL STORES ( PERSONAL SERVICES, PHOTOGRAPHY, TRAVEL)",C-3-SPD,3200.0,SF,6400.0,1949.0,6400.0,1,,,,,,,20200825.0,,CITY OF SACRAMENTO,617700319906234367,Tier 2: Zero Improvement,occupied_structure_missing_improvement_data
00600640140000,006-0064-014-0000,907 16TH ST,SACRAMENTO,CA,95814.0,38.578819,-121.484609,DOUGLAS A PRINCE REVOCABLE TRUST,,LINCOLN,CA,95648.0,862343.0,28839.0,891182.0,2024.0,,0.0,PARKING LOT,BFH00A,2036.0,PARKING LOT,C-2-SPD,12800.0,SF,1368.0,1968.0,1368.0,,,,,,,,20170918.0,607000.0,CITY OF SACRAMENTO,617700319905972223,Tier 3: Parking/Abandoned,occupied_structure_missing_improvement_data
00301730170000,003-0173-017-0000,617 19TH ST,SACRAMENTO,CA,95811.0,38.580718,-121.479343,COUNTY OF SACRAMENTO,,SACRAMENTO,CA,95827.0,,,,2024.0,19910124.0,0.0,GENERAL OFFICE,CAA00A,3003.0,OFFICE BLDG (GENERAL),R-3A-SPD,3200.0,SF,2008.0,1964.0,2008.0,1,,,,,,,,,CITY OF SACRAMENTO,617700319906496511,Tier 2: Zero Improvement,occupied_structure_missing_improvement_data
00600640080000,006-0064-008-0000,1629 J ST,SACRAMENTO,CA,95814.0,38.578168,-121.484112,4401 BROADWAY INVESTORS LLC (PHOENIX ENTERPRISES),,SACRAMENTO,CA,95816.0,2228536.0,,2228536.0,2024.0,,0.0,AUTO REPAIR GARAGE,BFC00B,2024.0,"AUTO REPAIR (& RELATED), GARAGE",C-2-SPD,22400.0,SF,9680.0,1945.0,9680.0,1,,,,,,,20230113.0,5000000.0,CITY OF SACRAMENTO,617700319905972223,Tier 2: Zero Improvement,occupied_structure_missing_improvement_data
00601230080000,006-0123-008-0000,1621 K ST,SACRAMENTO,CA,95814.0,38.577096,-121.484694,BJ PARKING LLC & G & N JOHNSON ENTRPRS I LLC,,HOMEWOOD,CA,96141.0,84089.0,,84089.0,2024.0,,0.0,PARKING LOT,BFH00A,2036.0,PARKING LOT,C-2-SPD,6400.0,SF,4800.0,1946.0,4800.0,,,,,,,,20180808.0,,CITY OF SACRAMENTO,617700319905972223,Tier 2: Zero Improvement,occupied_structure_missing_improvement_data
00700920170000,007-0092-017-0000,2131 L ST,SACRAMENTO,CA,95816.0,38.574072,-121.478432,CRIMINAL JUSTICE LEGAL FOUNDATION,,SACRAMENTO,CA,95816.0,115887.0,,115887.0,2024.0,19880930.0,0.0,"OFFICE, RES, CONVERSION 2 STORY",CJB00H,2044.0,COMMERCIAL/OFFICE/RESIDENTIAL (MIXED USE),RO-SPD,3200.0,SF,3622.0,1898.0,3622.0,3,,,,,,,,,CITY OF SACRAMENTO,617700319904137215,Tier 2: Zero Improvement,occupied_structure_missing_improvement_data
00700960270000,007-0096-027-0000,2300 K ST,SACRAMENTO,CA,95816.0,38.574123,-121.476174,HOUSING AUTHORITY CITY OF SACRAMENTO SHRA,,SACRAMENTO,CA,95814.0,,,,2024.0,,0.0,MULTI/LOW RISE APARTMENT/1-3 STY,AE078D,1112.0,APARTMENTS (GENERIC),C-2-SPD,19470.0,SF,40000.0,1971.0,40000.0,8,,,,,,,20141218.0,,CITY OF SACRAMENTO,617700319904661503,Tier 2: Zero Improvement,occupied_structure_missing_improvement_data
00301540120000,003-0154-012-0000,514 29TH ST,SACRAMENTO,CA,95816.0,38.578552,-121.465973,PINE COVE PROPS LLC,,LINCOLN,CA,95648.0,76342.0,,76342.0,2024.0,19940203.0,0.0,PARKING LOT,BFH00A,2036.0,PARKING LOT,C-2-SPD,3246.0,SF,1179.0,1922.0,1179.0,,,,,,,,20131223.0,95000.0,CITY OF SACRAMENTO,617700319908855807,Tier 2: Zero Improvement,occupied_structure_missing_improvement_data
00701010130000,007-0101-013-0000,2405 K ST,SACRAMENTO,CA,95816.0,38.57439,-121.474555,JO & LARRY ELLIS FAMILY TRUST & TOM GUY ELLIS,,GRANITE BAY,CA,95746.0,228924.0,,228924.0,2024.0,,0.0,SMALL RETAIL-ONE TENANT,BAA00B,2001.0,"RETAIL STORES ( PERSONAL SERVICES, PHOTOGRAPHY, TRAVEL)",C-2-SPD,6400.0,SF,2400.0,1949.0,2400.0,1,,,,,,,20210210.0,,CITY OF SACRAMENTO,617700319904661503,Tier 2: Zero Improvement,occupied_structure_missing_improvement_data
00602330260000,006-0233-026-0000,1609 O ST,SACRAMENTO,CA,95814.0,38.572707,-121.486807,STATE OF CALIFORNIA,,ROSEVILLE,CA,95678.0,,,,2024.0,19660927.0,0.0,MULTI/LOW RISE APARTMENT/1-3 STY,AE060D,1112.0,APARTMENTS (GENERIC),R-5-SPD,25600.0,SF,19728.0,1993.0,19728.0,3,,,,,,,,,CITY OF SACRAMENTO,617700319648808959,Tier 2: Zero Improvement,occupied_structure_missing_improvement_data
01000230180000,010-0023-018-0000,1800 20TH ST,SACRAMENTO,CA,95811.0,38.567643,-121.484142,SACRAMENTO REGIONAL TRANSIT DIST,,SACRAMENTO,CA,95812.0,,,,2024.0,19851101.0,0.0,RESIDENTIAL CARE FACILITY,DC030B,9106.0,"HOMES (RETIRED; HANDICAP, REST; CONVALESCENT; NURSING)",C-2-SPD,10930.0,SF,6887.0,1970.0,6887.0,1,,,,,,,,,CITY OF SACRAMENTO,617700319649595391,Tier 2: Zero Improvement,occupied_structure_missing_improvement_data
00703150110000,007-0315-011-0000,1614 21ST ST,SACRAMENTO,CA,95811.0,38.56941,-121.481857,FONG FAMILY TRUST & LEE LIVING TRUST ETAL,,SACRAMENTO,CA,95822.0,136508.0,,136508.0,2024.0,,0.0,RESTAURANT (DINING),BCA00A,2012.0,RESTAURANT,C-2-SPD,3200.0,SF,3020.0,1989.0,3020.0,1,,,,,,,20230119.0,,CITY OF SACRAMENTO,617700319649595391,Tier 2: Zero Improvement,occupied_structure_missing_improvement_data
01000330040000,010-0033-004-0000,2229 S ST,SACRAMENTO,CA,95816.0,38.566169,-121.48043,FISCHER FAMILY LIMITED PARTNERSHIP,,SACRAMENTO,CA,95816.0,144824.0,,144824.0,2024.0,,0.0,DISTRIBUTUION & WAREHOUSES,GCGC0A,6002.0,DISTRIBUTION WAREHOUSE (REGIONAL),RMX-SPD,6400.0,SF,1200.0,1947.0,1200.0,1,,,,,,,20121109.0,540000.0,CITY OF SACRAMENTO,617700319965478911,Tier 2: Zero Improvement,occupied_structure_missing_improvement_data
01000410020000,010-0041-002-0000,1821 24TH ST,SACRAMENTO,CA,95816.0,38.565479,-121.478039,PACIFIC TELEPHONE & TELEGRAPH CO,,SAN FRANCISCO,CA,94108.0,,,,2024.0,19650310.0,0.0,DISTRIBUTUION & WAREHOUSES,GCGC0A,6002.0,DISTRIBUTION WAREHOUSE (REGIONAL),RMX-SPD,1.1799999,AC,37196.0,1925.0,37196.0,1,,,,,,,,,CITY OF SACRAMENTO,617700319964692479,Tier 2: Zero Improvement,occupied_structure_missing_improvement_data
00701630210000,007-0163-021-0000,1214 26TH ST,SACRAMENTO,CA,95816.0,38.572133,-121.473312,HOUSING AUTHORITY COUNTY OF SACRAMENTO SHRA,,SACRAMENTO,CA,95814.0,,,,2024.0,,0.0,MULTI/HIGH RISE APARTMENT/4 OR MORE STY,AF077D,1107.0,HIGHRISE APARTMENTS,R-3A-SPD,19605.0,SF,58152.0,1971.0,58152.0,8,,,,,,,20141223.0,,CITY OF SACRAMENTO,617700319905447935,Tier 2: Zero Improvement,occupied_structure_missing_improvement_data
00701210050000,007-0121-005-0000,3022 J ST,SACRAMENTO,CA,95816.0,38.572591,-121.465836,DIAZ MARK A DR,,SACRAMENTO,CA,95831.0,255467.0,,255467.0,2024.0,19961001.0,0.0,SMALL RETAIL-ONE TENANT,BAA00B,2001.0,"RETAIL STORES ( PERSONAL SERVICES, PHOTOGRAPHY, TRAVEL)",C-2-SPD,6400.0,SF,1518.0,1937.0,1518.0,1,,,0.0,,,,19961001.0,106000.0,CITY OF SACRAMENTO,617700319909117951,Tier 2: Zero Improvement,occupied_structure_missing_improvement_data
00701180010000,007-0118-001-0000,1111 29TH ST,SACRAMENTO,CA,95816.0,38.571662,-121.467917,STATE OF CALIFORNIA,,ROSEVILLE,CA,95661.0,,,,2024.0,19831107.0,0.0,PARKING STRUCTURE,BFI00A,2035.0,"PARKING GARAGE, PARKING STRUCTURE",TC-SPD,2.5,AC,,,,,,,,,,,,,CITY OF SACRAMENTO,617700319909380095,Tier 2: Zero Improvement,inherently_active_use_parking_airport_cemetery
00701770010000,007-0177-001-0000,1211 29TH ST,SACRAMENTO,CA,95816.0,38.57056,-121.468396,STATE OF CALIFORNIA,,ROSEVILLE,CA,95661.0,,,,2024.0,19860515.0,0.0,PARKING STRUCTURE,BFI00A,2035.0,"PARKING GARAGE, PARKING STRUCTURE",TC-SPD,2.5,AC,,,,,,,,,,,,,CITY OF SACRAMENTO,617700319969673215,Tier 2: Zero Improvement,inherently_active_use_parking_airport_cemetery
00701810090000,007-0181-009-0000,3001 CAPITOL AVE,SACRAMENTO,CA,95816.0,38.569869,-121.467197,DAVIS FAMILY PROPERTIES LLC,,SACRAMENTO,CA,95864.0,974595.0,,974595.0,2024.0,,0.0,BANK,CCA00A,3007.0,"FINANCIAL BLDG (BANK, S&L; MTGE; LOAN; CREDIT)",C-2-SPD,27868.0,SF,5729.0,1973.0,5729.0,1,,,,,,,20180802.0,,CITY OF SACRAMENTO,617700319969673215,Tier 2: Zero Improvement,occupied_structure_missing_improvement_data
00702730030000,007-0273-003-0000,2812 N ST,SACRAMENTO,CA,95816.0,38.568932,-121.47069,SACRAMENTO REGIONAL TRANSIT DISTRICT,,SACRAMENTO,CA,95812.0,,,,2024.0,19811130.0,0.0,DISTRIBUTION & WAREHOUSE,GCAC0A,5003.0,WAREHOUSE (INDUSTRIAL),C-2-SPD,19200.0,SF,19200.0,1914.0,19200.0,1,,,,,,,,,CITY OF SACRAMENTO,617700319969148927,Tier 2: Zero Improvement,occupied_structure_missing_improvement_data
00702730140000,007-0273-014-0000,2815 O ST,SACRAMENTO,CA,95816.0,38.568429,-121.470785,SACRAMENTO REGIONAL TRANSIT DISTRICT,,SACRAMENTO,CA,95812.0,,,,2024.0,19861204.0,0.0,GENERAL OFFICE,CAA00A,3003.0,OFFICE BLDG (GENERAL),C-2-SPD,4267.0,SF,2650.0,1961.0,2650.0,1,,,,,,,,,CITY OF SACRAMENTO,617700319969148927,Tier 2: Zero Improvement,occupied_structure_missing_improvement_data
00702730150000,007-0273-015-0000,2815 O ST,SACRAMENTO,CA,95816.0,38.568477,-121.470962,SACRAMENTO REGIONAL TRANSIT DISTRICT,,SACRAMENTO,CA,95812.0,,,,2024.0,19861204.0,0.0,GENERAL OFFICE,CAA00A,3003.0,OFFICE BLDG (GENERAL),C-2-SPD,12800.0,SF,8000.0,1961.0,8000.0,1,,,,,,,,,CITY OF SACRAMENTO,617700319969148927,Tier 2: Zero Improvement,occupied_structure_missing_improvement_data
00900300310000,009-0030-031-0000,MUIR WAY,SACRAMENTO,CA,95818.0,38.561089,-121.50358,MASONIC LAWN CEMETERY,,SACRAMENTO,CA,95818.0,4191.0,,4191.0,2024.0,19700803.0,0.0,CEMETERY,DFC00A,9108.0,CEMETERY (EXEMPT),R-1,4400.0,SF,,,,,,,,,,,,,CITY OF SACRAMENTO,617700319652478975,Tier 2: Zero Improvement,inherently_active_use_parking_airport_cemetery
00900300300000,009-0030-030-0000,1000 BROADWAY,SACRAMENTO,CA,95818.0,38.562109,-121.501214,CITY OF SACRAMENTO,,SACRAMENTO,CA,95814.0,,,,2024.0,19650301.0,0.0,CEMETERY,DFC00G,9108.0,CEMETERY (EXEMPT),R-1-SPD,30.440001,AC,,,,,,,,,,,,,CITY OF SACRAMENTO,617700319653003263,Tier 2: Zero Improvement,inherently_active_use_parking_airport_cemetery
00900300180000,009-0030-018-0000,2700 RIVERSIDE BLVD,SACRAMENTO,CA,95818.0,38.56037,-121.50137,MASONIC LAWN CEMETERY,,SACRAMENTO,CA,95818.0,924.0,,924.0,2024.0,19650302.0,0.0,CEMETERY,DFC003,9108.0,CEMETERY (EXEMPT),R-1 R-1-SP,28750.0,SF,,,,,,,,,,,,,CITY OF SACRAMENTO,617700319652216831,Tier 2: Zero Improvement,inherently_active_use_parking_airport_cemetery
00902670080000,009-0267-008-0000,18TH ST,SACRAMENTO,CA,95818.0,38.560532,-121.489986,NG JACK L & CHUN MING XIE,,SACRAMENTO,CA,95822.0,40987.0,,40987.0,2024.0,20040730.0,0.0,FOOD PROCESSING,GG000B,5007.0,FOOD PROCESSING (CANDY; BAKERY; POTATO CHIPS),R-1,1207.0,SF,640.0,1920.0,640.0,1,,,0.0,,,,20040730.0,575000.0,CITY OF SACRAMENTO,617700319656411135,Tier 2: Zero Improvement,occupied_structure_missing_improvement_data
22000130170000,220-0013-017-0000,5751 HILLSDALE BLVD,SACRAMENTO,CA,95842.0,38.672512,-121.357196,BOHANNON DEVELOPMENT CO,,HOUSTON,TX,77094.0,216311.0,,216311.0,2024.0,19691126.0,0.0,SERVICE STATION,BFA00A,2041.0,GAS STATION,SC,23958.0,SF,1576.0,1970.0,1576.0,,,,,,,,,,UNINCORPORATED COUNTY,617700321811759103,Tier 2: Zero Improvement,occupied_structure_missing_improvement_data
22004500570000,220-0450-057-0000,FREMONT CIR,SACRAMENTO,CA,95841.0,38.680029,-121.338626,SUNRISE RECREATION & PARK DISTRICT,,CITRUS HEIGHTS,CA,95610.0,,,,2024.0,,0.0,VACANT RECREATIONAL UNDER 2 AC,IFEEFA,8010.0,RECREATIONAL-VACANT LAND,RD-5,7841.0,SF,,,,,,,,,,,,,UNINCORPORATED COUNTY,617700322238791679,Tier 1: Coded Vacant,public_park_or_recreation_agency
22004500260000,220-0450-026-0000,6225 FREMONT CIR,SACRAMENTO,CA,95841.0,38.679803,-121.338303,SUNRISE REC & PARK DISTRICT,,CITRUS HEIGHTS,CA,95610.0,,,,2024.0,,0.0,VAC RECREATION UNDER 2 AC,IFEDFA,8010.0,RECREATIONAL-VACANT LAND,RD-5,15878.0,SF,,,,,,,,,,,20140313.0,,UNINCORPORATED COUNTY,617700322238791679,Tier 1: Coded Vacant,public_park_or_recreation_agency
22801310500000,228-0131-052-0008,3939 MADISON AVE APT 241,NORTH HIGHLANDS,CA,95660.0,38.662074,-121.371715,CANLAS RENE L & ROSARIO M,,SUISUN CITY,CA,94585.0,60000.0,,60000.0,2024.0,,0.0,RES/SINGLE FAMILY/CONDOMINIUM,A1F00A,1004.0,CONDOMINIUM UNIT (RESIDENTIAL),RD-20,0.0,,826.0,1985.0,826.0,1,,2.0,,,,,20211105.0,183000.0,UNINCORPORATED COUNTY,617700321780826111,Tier 2: Zero Improvement,occupied_structure_missing_improvement_data
22801310500000,228-0131-052-0009,3939 MADISON AVE APT 142,NORTH HIGHLANDS,CA,95660.0,38.662074,-121.371715,KHMMO NAJWA N,,ELK GROVE,CA,95757.0,60000.0,,60000.0,2024.0,,0.0,RES/SINGLE FAMILY/CONDOMINIUM,A1F00A,1004.0,CONDOMINIUM UNIT (RESIDENTIAL),RD-20,0.0,,826.0,1985.0,826.0,1,,2.0,,,,,20210315.0,169000.0,UNINCORPORATED COUNTY,617700321780826111,Tier 2: Zero Improvement,occupied_structure_missing_improvement_data
22801310500000,228-0131-052-0012,3939 MADISON AVE APT 243,NORTH HIGHLANDS,CA,95660.0,38.662074,-121.371715,N/C REVOCABLE TRUST,,LODI,CA,95242.0,60000.0,,60000.0,2024.0,,0.0,RES/SINGLE FAMILY/CONDOMINIUM,A1F00A,1004.0,CONDOMINIUM UNIT (RESIDENTIAL),RD-20,0.0,,826.0,1985.0,826.0,1,,2.0,,,,,20210921.0,180000.0,UNINCORPORATED COUNTY,617700321780826111,Tier 2: Zero Improvement,occupied_structure_missing_improvement_data
22801310500000,228-0131-052-0013,3939 MADISON AVE APT 144,NORTH HIGHLANDS,CA,95660.0,38.662074,-121.371715,DESAI MANOJ,,SACRAMENTO,CA,95834.0,60000.0,,60000.0,2024.0,,0.0,RES/SINGLE FAMILY/CONDOMINIUM,A1F00A,1004.0,CONDOMINIUM UNIT (RESIDENTIAL),RD-20,0.0,,1036.0,1985.0,1036.0,1,,3.0,,,,,20101207.0,75000.0,UNINCORPORATED COUNTY,617700321780826111,Tier 2: Zero Improvement,occupied_structure_missing_improvement_data
22801310500000,228-0131-052-0015,3939 MADISON AVE APT 145,NORTH HIGHLANDS,CA,95660.0,38.662074,-121.371715,ARELLANO RUBEN E JR,,SACRAMENTO,CA,95835.0,60000.0,,60000.0,2024.0,,0.0,RES/SINGLE FAMILY/CONDOMINIUM,A1F00A,1004.0,CONDOMINIUM UNIT (RESIDENTIAL),RD-20,0.0,,826.0,1985.0,826.0,1,,2.0,,,,,20190104.0,600000.0,UNINCORPORATED COUNTY,617700321780826111,Tier 2: Zero Improvement,occupied_structure_missing_improvement_data
22801310500000,228-0131-052-0016,3939 MADISON AVE APT 245,NORTH HIGHLANDS,CA,95660.0,38.662074,-121.371715,MURPHY SAMUEL & BREIA BRANCH,,NORTH HIGHLANDS,CA,95660.0,60000.0,,60000.0,2024.0,,0.0,RES/SINGLE FAMILY/CONDOMINIUM,A1F00A,1004.0,CONDOMINIUM UNIT (RESIDENTIAL),RD-20,0.0,,826.0,1985.0,826.0,1,,2.0,,,,,20180307.0,113000.0,UNINCORPORATED COUNTY,617700321780826111,Tier 2: Zero Improvement,occupied_structure_missing_improvement_data
22801310500000,228-0131-052-0018,3939 MADISON AVE APT 246,NORTH HIGHLANDS,CA,95660.0,38.662074,-121.371715,ARELLANO RUBEN,,SACRAMENTO,CA,95835.0,60000.0,,60000.0,2024.0,,0.0,RES/SINGLE FAMILY/CONDOMINIUM,A1F00A,1004.0,CONDOMINIUM UNIT (RESIDENTIAL),RD-20,0.0,,826.0,1985.0,826.0,1,,2.0,,,,,20160325.0,75000.0,UNINCORPORATED COUNTY,617700321780826111,Tier 2: Zero Improvement,occupied_structure_missing_improvement_data
22801930390000,228-0193-039-0000,4604 MADISON AVE,SACRAMENTO,CA,95841.0,38.659771,-121.357355,KESAR REAL ESTATE INVESTMENTS (SAC HOTELS NORTH),,SAN DIEGO,CA,92131.0,1464467.0,,1464467.0,2024.0,,0.0,MOTEL,AN127A,2033.0,MOTEL,TC,2.4300001,AC,51900.0,1985.0,51900.0,3,,,0.0,,,,20201118.0,5200000.0,UNINCORPORATED COUNTY,617700321816739839,Tier 2: Zero Improvement,occupied_structure_missing_improvement_data
22801520160000,228-0152-016-0000,5244 COLLEGE OAK DR,SACRAMENTO,CA,95841.0,38.66263,-121.350225,ESPINOSA GIOVANNA,,SACRAMENTO,CA,95841.0,87041.0,,87041.0,2024.0,,0.0,RES/SINGLE FAMILY/NON-SUBDIVISION,A1B00B,1001.0,SINGLE FAMILY RESIDENTIAL,LC,7712.0,SF,710.0,1949.0,710.0,1.0,,1.0,,,,,20151230.0,75000.0,UNINCORPORATED COUNTY,617700321820934143,Tier 2: Zero Improvement,occupied_structure_missing_improvement_data
23000510120000,230-0051-012-0000,5181 AUBURN BLVD,SACRAMENTO,CA,95841.0,38.663831,-121.343997,JOSEPH CONSULO 2013 TRUST & CHERYL M CONSULO,,SACRAMENTO,CA,95864.0,169776.0,25388.0,195164.0,2024.0,,0.0,ABANDONED SERVICE STN,BFK00B,2000.0,COMMERCIAL (GENERAL),LC,21250.0,SF,984.0,1959.0,984.0,1.0,,,,,,,,,UNINCORPORATED COUNTY,617700321821458431,Tier 3: Parking/Abandoned,occupied_structure_missing_improvement_data
23000120330000,230-0012-033-0000,5420 KOHLER RD,SACRAMENTO,CA,95841.0,38.664733,-121.343872,UNITED STATES POSTAL SERVICE,,WASHINGTON,DC,20260.0,,,,2024.0,19951018.0,0.0,POST OFFICE,CFA00A,9205.0,POST OFFICE,LC,1.1799999,AC,9117.0,1972.0,9117.0,1.0,,,,,,,19951018.0,,UNINCORPORATED COUNTY,617700321821458431,Tier 2: Zero Improvement,occupied_structure_missing_improvement_data
23003400340000,230-0340-034-0000,5410 AUBURN BLVD,SACRAMENTO,CA,95841.0,38.667233,-121.337414,SACRAMENTO HOUSING AND REDEVELOPMENT AGENCY,,SACRAMENTO,CA,95814.0,,,,2024.0,20080820.0,0.0,STORE/OFFICE COMBINATION,BBB0CA,2003.0,STORE/OFFICE (MIXED USE),LC,2.1500001,AC,14614.0,1969.0,14614.0,1.0,,,,,,,,,UNINCORPORATED COUNTY,617700321813856255,Tier 2: Zero Improvement,occupied_structure_missing_improvement_data
23000310050000,230-0031-005-0000,5500 GARFIELD AVE,SACRAMENTO,CA,95841.0,38.666327,-121.336233,COUNTY OF SACRAMENTO,,SACRAMENTO,CA,95827.0,,,,2024.0,19910524.0,0.0,RES/SINGLE FAMILY/NON-SUBDIVISION,A1B00E,1001.0,SINGLE FAMILY RESIDENTIAL,RD-20,15505.0,SF,1057.0,1940.0,1057.0,2.0,,4.0,,,,,,,UNINCORPORATED COUNTY,617700321794195455,Tier 2: Zero Improvement,occupied_structure_missing_improvement_data
22803000090000,228-0300-009-0000,4901 LITTLE OAK LN,SACRAMENTO,CA,95841.0,38.656616,-121.347864,CR SIENNA VISTA COMMUNITIES LP COLRICH,,SAN DIEGO,CA,92101.0,294566.0,,294566.0,2024.0,,0.0,MULTI/LOW RISE APARTMENT/1-3 STY,AE000D,1112.0,APARTMENTS (GENERIC),RD-5,1.02,AC,1701.0,1962.0,1701.0,1.0,,3.0,,,,,20150521.0,13200000.0,UNINCORPORATED COUNTY,617700321764835327,Tier 2: Zero Improvement,occupied_structure_missing_improvement_data
22802920040000,228-0292-004-0000,4801 MYRTLE AVE,SACRAMENTO,CA,95841.0,38.653911,-121.352852,ENTERPRISE RENT A CAR COMPANY SACRAMENTO LL,,ROSEVILLE,CA,95661.0,109363.0,,109363.0,2024.0,,0.0,"OFFICE, RES, CONVERSION 1 STORY",CJA00A,2044.0,COMMERCIAL/OFFICE/RESIDENTIAL (MIXED USE),GC,8276.0,SF,1190.0,1960.0,1190.0,1.0,,,0.0,,,,20180702.0,190000.0,UNINCORPORATED COUNTY,617700321764311039,Tier 2: Zero Improvement,occupied_structure_missing_improvement_data
23000920370000,230-0092-037-0000,GARFIELD AVE,SACRAMENTO,CA,95841.0,38.656184,-121.336894,ARCADE CREEK RECREATION & PARK DISTRICT,,SACRAMENTO,CA,95841.0,,,,2024.0,19900514.0,0.0,"MISC, UNUSABLE-SMALL",MSMALE,8009.0,"WASTE LAND, MARSH, SWAMP, SUBMERGED-VACANT LAND",O,18376.0,SF,,,,,,,,,,,,,UNINCORPORATED COUNTY,617700321801797631,Tier 2: Zero Improvement,public_park_or_recreation_agency
22900610030000,229-0061-003-0000,6161 PARKOAKS DR,CITRUS HEIGHTS,CA,95621.0,38.677835,-121.316831,CITY OF CITRUS HEIGHTS,,CITRUS HEIGHTS,CA,95621.0,,,,2024.0,20041108.0,0.0,RES/TWO FAMILY/DUPLEX,A2B00A,1101.0,"DUPLEX (2 UNITS, ANY COMBINATION)",O,11176.0,SF,2302.0,1972.0,2302.0,1,,6.0,,,,,20041108.0,159500.0,UNINCORPORATED COUNTY,617700322232762367,Tier 2: Zero Improvement,occupied_structure_missing_improvement_data
22001720080000,808-0005-005-0000,5662 AUBURN BLVD SPC 5,SACRAMENTO,CA,95841.0,38.669012,-121.332437,KNIGHT ED,,TUPELO,MS,38801.0,,,,2024.0,,0.0,MOBILE HOME/ON LEASED LAND/MH PARK,ATA00A,1006.0,MOBILE/MANUFACTURED HOME (REGARDLESS OF LAND OWNERSHIP),GC,0.0,,732.0,1974.0,732.0,1,,3.0,,,,,,,UNINCORPORATED COUNTY,617700322236956671,Tier 2: Zero Improvement,occupied_structure_missing_improvement_data
22001720080000,808-0005-006-0000,5662 AUBURN BLVD SPC 6,SACRAMENTO,CA,95841.0,38.669012,-121.332437,ROBINSON RICCI J,,SACRAMENTO,CA,95841.0,,,,2024.0,,0.0,MOBILE HOME/ON LEASED LAND/MH PARK,ATA00A,1006.0,MOBILE/MANUFACTURED HOME (REGARDLESS OF LAND OWNERSHIP),GC,0.0,,460.0,1965.0,460.0,1,,2.0,,,,,,,UNINCORPORATED COUNTY,617700322236956671,Tier 2: Zero Improvement,occupied_structure_missing_improvement_data
22001720080000,808-0005-017-0000,5662 AUBURN BLVD SPC 17,SACRAMENTO,CA,95841.0,38.669012,-121.332437,CONNORS PHIL,,NEWPORT BEACH,CA,92663.0,,,,2024.0,,0.0,MOBILE HOME/ON LEASED LAND/MH PARK,ATA00A,1006.0,MOBILE/MANUFACTURED HOME (REGARDLESS OF LAND OWNERSHIP),GC,0.0,,480.0,1968.0,480.0,1,,1.0,,,,,,,UNINCORPORATED COUNTY,617700322236956671,Tier 2: Zero Improvement,occupied_structure_missing_improvement_data
22001720300000,808-0017-009-0000,5700 AUBURN BLVD SPC 9,SACRAMENTO,CA,95841.0,38.669752,-121.332079,HAMPTON GERRI,,SACRAMENTO,CA,95841.0,,,,2024.0,,0.0,MOBILE HOME/ON LEASED LAND/MH PARK,ATA00A,1006.0,MOBILE/MANUFACTURED HOME (REGARDLESS OF LAND OWNERSHIP),,0.0,,550.0,1958.0,550.0,1,,2.0,,,,,,,UNINCORPORATED COUNTY,617700322236956671,Tier 2: Zero Improvement,occupied_structure_missing_improvement_data
22900500270000,229-0050-027-0000,5820 MANZANITA AVE,CARMICHAEL,CA,95608.0,38.672133,-121.326611,HOUSING AUTHORITY OF THE COUNTY OF SACRAMENTO,,SACRAMENTO,CA,95814.0,,,,2024.0,19820422.0,0.0,MULTI/LOW RISE APARTMENT/1-3 STY,AE000A,1112.0,APARTMENTS (GENERIC),RD-20,28806.0,SF,767.0,1947.0,767.0,1,,2.0,,,,,,,UNINCORPORATED COUNTY,617700322236432383,Tier 2: Zero Improvement,occupied_structure_missing_improvement_data
06504700250000,065-0470-025-0000,7330 EDGELAND WAY,SACRAMENTO,CA,95828.0,38.491548,-121.377205,DRP CA 7 LLC,,ROSEVILLE,CA,95678.0,121940.0,,121940.0,2024.0,,0.0,RES/SINGLE FAMILY/SUBDIVISION,A1A00A,1001.0,SINGLE FAMILY RESIDENTIAL,RD-5,0.0,,2520.0,,2520.0,2.0,,4.0,3.0,,,,20241030.0,618000.0,UNINCORPORATED COUNTY,617700307824541695,Tier 2: Zero Improvement,occupied_structure_missing_improvement_data
06504700240000,065-0470-024-0000,8789 IRONDEQUOIT WAY,SACRAMENTO,CA,95828.0,38.491318,-121.377131,DRP CA 7 LLC,,ROSEVILLE,CA,95678.0,121940.0,,121940.0,2024.0,,0.0,RES/SINGLE FAMILY/SUBDIVISION,A1A00A,1001.0,SINGLE FAMILY RESIDENTIAL,RD-5,0.0,,2704.0,,2704.0,2.0,,4.0,3.0,,,,20241003.0,702500.0,UNINCORPORATED COUNTY,617700307824541695,Tier 2: Zero Improvement,occupied_structure_missing_improvement_data
06504700350000,065-0470-035-0000,8788 IRONDEQUOIT WAY,SACRAMENTO,CA,95828.0,38.490875,-121.377196,DRP CA 7 LLC,,ROSEVILLE,CA,95678.0,121940.0,,121940.0,2024.0,,0.0,RES/SINGLE FAMILY/SUBDIVISION,A1A00A,1001.0,SINGLE FAMILY RESIDENTIAL,RD-5,0.0,,3025.0,,3025.0,2.0,,4.0,3.0,,,,20241017.0,690000.0,UNINCORPORATED COUNTY,617700307824541695,Tier 2: Zero Improvement,occupied_structure_missing_improvement_data
06504700340000,065-0470-034-0000,8792 IRONDEQUOIT WAY,SACRAMENTO,CA,95828.0,38.490876,-121.377015,DRP CA 7 LLC,,ROSEVILLE,CA,95678.0,121940.0,,121940.0,2024.0,,0.0,RES/SINGLE FAMILY/SUBDIVISION,A1A00A,1001.0,SINGLE FAMILY RESIDENTIAL,RD-5,0.0,,1991.0,,1991.0,1.0,,3.0,,,,,20241002.0,613000.0,UNINCORPORATED COUNTY,617700307824541695,Tier 2: Zero Improvement,occupied_structure_missing_improvement_data
05102000910000,051-0200-091-0000,8401 GERBER RD,SACRAMENTO,CA,95828.0,38.482679,-121.393186,ELK GROVE UNIFIED SCHOOL DISTRICT,,ELK GROVE,CA,95624.0,,,,2024.0,19900125.0,0.0,DISTRIBUTION & WAREHOUSE,GCACCA,5003.0,WAREHOUSE (INDUSTRIAL),M-2,10.88,AC,75752.0,1970.0,75752.0,2.0,,,,,,,,,UNINCORPORATED COUNTY,617700308504805375,Tier 2: Zero Improvement,occupied_structure_missing_improvement_data
06502000150000,065-0200-015-0000,8628 GERMAN DR,SACRAMENTO,CA,95828.0,38.48508,-121.383525,CHU FERRIS & DANNY D,,SACRAMENTO,CA,95826.0,55904.0,,55904.0,2024.0,,0.0,MOBILE HOME/ON PRIVATE LAND/NOT MH PARK,ATD00A,1006.0,MOBILE/MANUFACTURED HOME (REGARDLESS OF LAND OWNERSHIP),RM-2,5972.0,SF,1152.0,1983.0,1152.0,1.0,,3.0,,,,,20240517.0,270000.0,UNINCORPORATED COUNTY,617700308508999679,Tier 2: Zero Improvement,occupied_structure_missing_improvement_data
07403000560000,074-0300-056-0000,WOODMOSS CT,SACRAMENTO,CA,95826.0,38.540129,-121.350038,CORDOVA RECREATION & PARK DISTRICT,,RANCHO CORDOVA,CA,95670.0,,,,2024.0,19821007.0,0.0,VACANT RESIDENTIAL UNDER 2 AC,IAEAFA,8001.0,RESIDENTIAL-VACANT LAND,RD-5,11326.0,SF,,,,,,,,,,,,,UNINCORPORATED COUNTY,617700308288274431,Tier 1: Coded Vacant,public_park_or_recreation_agency
07403160240000,074-0316-024-0000,OXWOOD DR,SACRAMENTO,CA,95826.0,38.540185,-121.348002,CORDOVA RECREATION & PARK DISTRICT,,RANCHO CORDOVA,CA,95670.0,,,,2024.0,19800620.0,0.0,VACANT RESIDENTIAL UNDER 10 AC,IAAAFA,8001.0,RESIDENTIAL-VACANT LAND,RD-5,1.89,AC,,,,,,,,,,,,,UNINCORPORATED COUNTY,617700308293255167,Tier 1: Coded Vacant,public_park_or_recreation_agency
06300200290000,063-0020-029-0000,JACKSON RD,SACRAMENTO,CA,95826.0,38.538177,-121.349438,CORDOVA RECREATION & PARK DIST,,RANCHO CORDOVA,CA,95670.0,,,,2024.0,19730404.0,0.0,GOLF COURSE (PUBLIC),FAB00A,4028.0,GOLF COURSE,O (SM),20.139999,AC,,,,,,,,,,,,,UNINCORPORATED COUNTY,617700308289323007,Tier 2: Zero Improvement,public_park_or_recreation_agency
06300200360000,063-0020-036-0000,9425 JACKSON RD,SACRAMENTO,CA,95826.0,38.533975,-121.347576,CORDOVA RECREATION & PARK DIST,,RANCHO CORDOVA,CA,95670.0,,,,2024.0,19730404.0,0.0,GOLF COURSE (PUBLIC),FAB00A,4028.0,GOLF COURSE,O (SM),12.04,AC,,,,,,,,,,,,,UNINCORPORATED COUNTY,617700308285652991,Tier 2: Zero Improvement,public_park_or_recreation_agency
06300200350000,063-0020-035-0000,9425 JACKSON RD,SACRAMENTO,CA,95826.0,38.534802,-121.34676,CORDOVA RECREATION & PARK DIST,,RANCHO CORDOVA,CA,95670.0,,,,2024.0,19730404.0,0.0,GOLF COURSE (PUBLIC),FAB00A,4028.0,GOLF COURSE,O (SM),8.0,AC,,,,,,,,,,,,,UNINCORPORATED COUNTY,617700308285652991,Tier 2: Zero Improvement,public_park_or_recreation_agency
06300200100000,063-0020-010-0000,9405 JACKSON RD,SACRAMENTO,CA,95826.0,38.533421,-121.348694,CORDOVA RECREATION PARK DIST,,RANCHO CORDOVA,CA,95670.0,,,,2024.0,20060228.0,0.0,VAC INDUSTRIAL UNDER 2AC,IGEABB,8003.0,INDUSTRIAL-VACANT LAND,M-1 (SM),1.8,AC,,,,,,,,,,,20060228.0,850000.0,UNINCORPORATED COUNTY,617700308285915135,Tier 1: Coded Vacant,public_park_or_recreation_agency
06300200030000,063-0020-003-0000,9425 JACKSON RD,SACRAMENTO,CA,95826.0,38.538125,-121.346251,CORDOVA RECREATION & PARK DIST,,RANCHO CORDOVA,CA,95670.0,,,,2024.0,19730404.0,0.0,GOLF COURSE (PUBLIC),FAB00A,4028.0,GOLF COURSE,O (SM),40.0,AC,,,,,,,,,,,,,UNINCORPORATED COUNTY,617700308286439423,Tier 2: Zero Improvement,public_park_or_recreation_agency
06300800120000,063-0080-012-0000,9250 FRUITRIDGE RD,SACRAMENTO,CA,95826.0,38.523521,-121.355137,GRANITE CONSTRUCTION,,WATSONVILLE,CA,95077.0,84356.0,,84356.0,2024.0,19850301.0,0.0,RES/SINGLE FAMILY/RURAL HOME(OVER 5 AC),A1E00A,1008.0,RURAL/AGRICULTURAL RESIDENCE,IR (SM),9.3400002,AC,7042.0,2005.0,7042.0,1,,,,,,,,,UNINCORPORATED COUNTY,617700308038713343,Tier 2: Zero Improvement,occupied_structure_missing_improvement_data
06301100040000,063-0110-004-0000,ELDER CREEK RD,SACRAMENTO,CA,95829.0,38.515813,-121.349565,GRANITE CONSTRUCTION,,WATSONVILLE,CA,95077.0,188733.0,,188733.0,2024.0,19850301.0,0.0,GRAVEL PIT,GJAC0A,6014.0,QUARRIES (SAND; GRAVEL; ROCK),IR (SM),16.67,AC,1508.0,1920.0,1508.0,1,,,,,,,,,UNINCORPORATED COUNTY,617700307853115391,Tier 2: Zero Improvement,occupied_structure_missing_improvement_data
06300400280000,063-0040-028-0000,9830 FARM LN,SACRAMENTO,CA,95827.0,38.537792,-121.328811,TEICHERT LAND CO,,SACRAMENTO,CA,95813.0,12928.0,,12928.0,2024.0,19841031.0,0.0,GRAVEL PIT,GJAC0A,6014.0,QUARRIES (SAND; GRAVEL; ROCK),IR (SM),19726.0,SF,1563.0,1961.0,1563.0,,,,,,,,,,UNINCORPORATED COUNTY,617700308211466239,Tier 2: Zero Improvement,occupied_structure_missing_improvement_data
06700500020000,809-0901-059-0000,5051 EXCELSIOR RD,SACRAMENTO,CA,95827.0,38.53215,-121.290651,TAKEHARA FARMS INC & SLOAN DAVID E & SANDRA K,,SACRAMENTO,CA,95827.0,,,,2024.0,,0.0,MOBILE HOME/ON PRIVATE LAND/NOT MH PARK,ATC00A,1006.0,MOBILE/MANUFACTURED HOME (REGARDLESS OF LAND OWNERSHIP),,0.0,,1344.0,1975.0,1344.0,1,,2.0,,,,,,,UNINCORPORATED COUNTY,617700308315275263,Tier 2: Zero Improvement,occupied_structure_missing_improvement_data
06301600010000,063-0160-001-0000,10151 ELDER CREEK RD,SACRAMENTO,CA,95829.0,38.514633,-121.314094,TRIANGLE PROPERTIES INC,,SACRAMENTO,CA,95851.0,3457141.0,,3457141.0,2024.0,,0.0,GRAVEL PIT,GJAC0A,6014.0,QUARRIES (SAND; GRAVEL; ROCK),AG-80 (SM),235.96001,AC,28059.0,1965.0,28059.0,1,,,,,,,20170316.0,,UNINCORPORATED COUNTY,617700308282507263,Tier 2: Zero Improvement,occupied_structure_missing_improvement_data
06301700140000,063-0170-014-0000,10221 JACKSON RD,SACRAMENTO,CA,95827.0,38.523113,-121.310565,WILSON CAMELLIA MEMORIAL LAWN INC,,HOUSTON,TX,77219.0,463018.0,,463018.0,2024.0,19911218.0,0.0,CEMETERY,DFC006,9108.0,CEMETERY (EXEMPT),AG-80 (SM),1.0,AC,,,,,,,,,,,,,UNINCORPORATED COUNTY,617700308274118655,Tier 2: Zero Improvement,inherently_active_use_parking_airport_cemetery
06301700160000,063-0170-016-0000,10221 JACKSON RD,SACRAMENTO,CA,95827.0,38.523337,-121.310063,WILSON CAMELLIA MEMORIAL LAWN INC,,HOUSTON,TX,77219.0,463018.0,,463018.0,2024.0,19911218.0,0.0,CEMETERY,DFC006,9108.0,CEMETERY (EXEMPT),AG-80 (SM),1.0,AC,,,,,,,,,,,,,UNINCORPORATED COUNTY,617700308274118655,Tier 2: Zero Improvement,inherently_active_use_parking_airport_cemetery
06700500390000,067-0050-039-0000,6037 EXCELSIOR RD,SACRAMENTO,CA,95829.0,38.516544,-121.296264,SACTO MUNICIPAL UTILY DIST,,SACRAMENTO,CA,95852.0,,,,2024.0,,0.0,RES/SINGLE FAMILY/RURAL HOME(OVER 5 AC),A1E00A,1008.0,RURAL/AGRICULTURAL RESIDENCE,AG-160 (SM,25.639999,AC,588.0,1979.0,588.0,1,,1.0,,,,,20190208.0,,UNINCORPORATED COUNTY,617700308085112831,Tier 2: Zero Improvement,occupied_structure_missing_improvement_data
06700500400000,067-0050-040-0000,10590 JACKSON RD,SACRAMENTO,CA,95830.0,38.516142,-121.293156,SACRAMENTO MUNICIPAL UTILY DISTRICT,,SACRAMENTO,CA,95852.0,,,,2024.0,,0.0,RES/SINGLE FAMILY/RURAL HOME(OVER 5 AC),A1E00A,1008.0,RURAL/AGRICULTURAL RESIDENCE,AG-160 (SM,19.02,AC,1987.0,1935.0,1987.0,1,,5.0,,,,,20190307.0,233000.0,UNINCORPORATED COUNTY,617700308084850687,Tier 2: Zero Improvement,occupied_structure_missing_improvement_data
06400340090000,064-0034-009-0000,9010 TOKAY LN,SACRAMENTO,CA,95829.0,38.505824,-121.366022,40 LLC,,SACRAMENTO,CA,95826.0,702678.0,,702678.0,2024.0,,0.0,RES/SINGLE FAMILY/RURAL HOME(OVER 5 AC),A1E00A,1008.0,RURAL/AGRICULTURAL RESIDENCE,O RD-5,11.7,AC,1230.0,1955.0,1230.0,1,,3.0,,,,,20230217.0,,UNINCORPORATED COUNTY,617700307822182399,Tier 2: Zero Improvement,occupied_structure_missing_improvement_data
06400340100000,064-0034-010-0000,9054 TOKAY LN,SACRAMENTO,CA,95829.0,38.506147,-121.363937,40 LLC,,SACRAMENTO,CA,95826.0,886890.0,,886890.0,2024.0,,0.0,RES/SINGLE FAMILY/RURAL HOME(OVER 5 AC),A1E00A,1008.0,RURAL/AGRICULTURAL RESIDENCE,RD-5,9.5,AC,1667.0,1985.0,1667.0,1,,3.0,,,,,20230217.0,,UNINCORPORATED COUNTY,617700307822182399,Tier 2: Zero Improvement,occupied_structure_missing_improvement_data
06301100080000,063-0110-008-0000,9307 ELDER CREEK RD,SACRAMENTO,CA,95829.0,38.512227,-121.353051,GRANITE CONST COMPANY,,WATSONVILLE,CA,95077.0,207194.0,,207194.0,2024.0,,0.0,RES/SINGLE FAMILY/SUBDIVISION,A1A00A,1001.0,SINGLE FAMILY RESIDENTIAL,IR (SM),4.8000002,AC,1420.0,1982.0,1420.0,1,,3.0,,,,,20151123.0,715000.0,UNINCORPORATED COUNTY,617700307860717567,Tier 2: Zero Improvement,occupied_structure_missing_improvement_data
06600100330000,066-0010-033-0000,9540 ELDER CREEK RD,SACRAMENTO,CA,95829.0,38.50803,-121.343238,CARSON FRANK M & DELMA J,,ELK GROVE,CA,95624.0,546624.0,,546624.0,2024.0,20060802.0,0.0,"COMMERCIAL, RETAIL",B0000A,2001.0,"RETAIL STORES ( PERSONAL SERVICES, PHOTOGRAPHY, TRAVEL)",M-1,7.1999998,AC,36270.0,2005.0,36270.0,1,,,,,,,20050311.0,780000.0,UNINCORPORATED COUNTY,617700307850493951,Tier 2: Zero Improvement,occupied_structure_missing_improvement_data
06504600110000,065-0460-011-0000,8797 HARBOR HILLS WAY,SACRAMENTO,CA,95828.0,38.493285,-121.376757,LENNAR HOMES OF CALIFORNIA LLC,,ROSEVILLE,CA,95678.0,121940.0,,121940.0,2024.0,,0.0,RES/SINGLE FAMILY/SUBDIVISION,A1A00A,1001.0,SINGLE FAMILY RESIDENTIAL,RD-5,0.0,,3025.0,,3025.0,2,,4.0,,,,,20240816.0,699000.0,UNINCORPORATED COUNTY,617700307827949567,Tier 2: Zero Improvement,occupied_structure_missing_improvement_data
06504600100000,065-0460-010-0000,8801 HARBOR HILLS WAY,SACRAMENTO,CA,95828.0,38.493287,-121.376523,LENNAR HOMES OF CALIFORNIA LLC,,ROSEVILLE,CA,95678.0,121940.0,,121940.0,2024.0,,0.0,RES/SINGLE FAMILY/SUBDIVISION,A1A00A,1001.0,SINGLE FAMILY RESIDENTIAL,RD-5,0.0,,1991.0,,1991.0,1,,3.0,,,,,20240730.0,555000.0,UNINCORPORATED COUNTY,617700307827949567,Tier 2: Zero Improvement,occupied_structure_missing_improvement_data
06504600090000,065-0460-009-0000,8805 HARBOR HILLS WAY,SACRAMENTO,CA,95828.0,38.493287,-121.37629,LENNAR HOMES OF CALIFORNIA LLC,,ROSEVILLE,CA,95678.0,121940.0,,121940.0,2024.0,,0.0,RES/SINGLE FAMILY/SUBDIVISION,A1A00A,1001.0,SINGLE FAMILY RESIDENTIAL,RD-5,0.0,,2704.0,,2704.0,2,,4.0,,,,,20240730.0,671500.0,UNINCORPORATED COUNTY,617700307827949567,Tier 2: Zero Improvement,occupied_structure_missing_improvement_data
06504600280000,065-0460-028-0000,7293 EDGELAND WAY,SACRAMENTO,CA,95828.0,38.492927,-121.376703,LENNAR HOMES OF CALIFORNIA LLC,,ROSEVILLE,CA,95678.0,121940.0,,121940.0,2024.0,,0.0,RES/SINGLE FAMILY/SUBDIVISION,A1A00A,1001.0,SINGLE FAMILY RESIDENTIAL,RD-5,0.0,,2704.0,,2704.0,2,,4.0,,,,,20240731.0,655000.0,UNINCORPORATED COUNTY,617700307824541695,Tier 2: Zero Improvement,occupied_structure_missing_improvement_data
06504600080000,065-0460-008-0000,8789 OLDFIELD WAY,SACRAMENTO,CA,95829.0,38.492929,-121.376337,LENNAR HOMES OF CALIFORNIA LLC,,ROSEVILLE,CA,95678.0,121940.0,,121940.0,2024.0,,0.0,RES/SINGLE FAMILY/SUBDIVISION,A1A00A,1001.0,SINGLE FAMILY RESIDENTIAL,RD-5,0.0,,2520.0,,2520.0,2,,3.0,,,,,20240531.0,627000.0,UNINCORPORATED COUNTY,617700307824541695,Tier 2: Zero Improvement,occupied_structure_missing_improvement_data
06504600290000,065-0460-029-0000,7297 EDGELAND WAY,SACRAMENTO,CA,95828.0,38.492737,-121.376702,LENNAR HOMES OF CALIFORNIA LLC,,ROSEVILLE,CA,95678.0,121940.0,,121940.0,2024.0,,0.0,RES/SINGLE FAMILY/SUBDIVISION,A1A00A,1001.0,SINGLE FAMILY RESIDENTIAL,RD-5,0.0,,2520.0,,2520.0,2,,3.0,,,,,20240731.0,620000.0,UNINCORPORATED COUNTY,617700307824541695,Tier 2: Zero Improvement,occupied_structure_missing_improvement_data
06504500520000,065-0450-052-0000,8833 CHARRINGTON WAY,SACRAMENTO,CA,95829.0,38.493137,-121.375024,DRP CA 7 LLC,,ROSEVILLE,CA,95678.0,106360.0,,106360.0,2024.0,,0.0,RES/SINGLE FAMILY/SUBDIVISION,A1A00A,1001.0,SINGLE FAMILY RESIDENTIAL,RD-10,0.0,,1446.0,,1446.0,2,,3.0,,,,,20240807.0,500000.0,UNINCORPORATED COUNTY,617700307824541695,Tier 2: Zero Improvement,occupied_structure_missing_improvement_data
06504500510000,065-0450-051-0000,8837 CHARRINGTON WAY,SACRAMENTO,CA,95829.0,38.493134,-121.374825,DRP CA 7 LLC,,ROSEVILLE,CA,95678.0,106360.0,,106360.0,2024.0,,0.0,RES/SINGLE FAMILY/SUBDIVISION,A1A00A,1001.0,SINGLE FAMILY RESIDENTIAL,RD-10,0.0,,1935.0,,1935.0,2,,4.0,,,,,20240802.0,554000.0,UNINCORPORATED COUNTY,617700307824541695,Tier 2: Zero Improvement,occupied_structure_missing_improvement_data
06504500500000,065-0450-050-0000,8841 CHARRINGTON WAY,SACRAMENTO,CA,95829.0,38.493134,-121.37466,DRP CA 7 LLC,,ROSEVILLE,CA,95678.0,106360.0,,106360.0,2024.0,,0.0,RES/SINGLE FAMILY/SUBDIVISION,A1A00A,1001.0,SINGLE FAMILY RESIDENTIAL,RD-10,0.0,,2024.0,,2024.0,2,,4.0,,,,,20240726.0,576000.0,UNINCORPORATED COUNTY,617700307824541695,Tier 2: Zero Improvement,occupied_structure_missing_improvement_data
06504500490000,065-0450-049-0000,8845 CHARRINGTON WAY,SACRAMENTO,CA,95829.0,38.493135,-121.374496,DRP CA 7 LLC,,ROSEVILLE,CA,95678.0,106360.0,,106360.0,2024.0,,0.0,RES/SINGLE FAMILY/SUBDIVISION,A1A00A,1001.0,SINGLE FAMILY RESIDENTIAL,RD-10,0.0,,1632.0,,1632.0,2,,3.0,,,,,20240719.0,529000.0,UNINCORPORATED COUNTY,617700307824541695,Tier 2: Zero Improvement,occupied_structure_missing_improvement_data
06504500480000,065-0450-048-0000,8849 CHARRINGTON WAY,SACRAMENTO,CA,95829.0,38.493135,-121.374332,DRP CA 7 LLC,,ROSEVILLE,CA,95678.0,106360.0,,106360.0,2024.0,,0.0,RES/SINGLE FAMILY/SUBDIVISION,A1A00A,1001.0,SINGLE FAMILY RESIDENTIAL,RD-10,0.0,,1446.0,,1446.0,2,,3.0,,,,,20240710.0,515000.0,UNINCORPORATED COUNTY,617700307825065983,Tier 2: Zero Improvement,occupied_structure_missing_improvement_data
06504500530000,065-0450-053-0000,8834 CHARRINGTON WAY,SACRAMENTO,CA,95829.0,38.492801,-121.375023,DRP CA 7 LLC,,ROSEVILLE,CA,95678.0,106360.0,,106360.0,2024.0,,0.0,RES/SINGLE FAMILY/SUBDIVISION,A1A00A,1001.0,SINGLE FAMILY RESIDENTIAL,RD-10,0.0,,1935.0,,1935.0,2,,4.0,,,,,20240814.0,562000.0,UNINCORPORATED COUNTY,617700307824541695,Tier 2: Zero Improvement,occupied_structure_missing_improvement_data
06504500550000,065-0450-055-0000,8842 CHARRINGTON WAY,SACRAMENTO,CA,95829.0,38.492805,-121.374663,DRP CA 7 LLC,,ROSEVILLE,CA,95678.0,106360.0,,106360.0,2024.0,,0.0,RES/SINGLE FAMILY/SUBDIVISION,A1A00A,1001.0,SINGLE FAMILY RESIDENTIAL,RD-10,0.0,,1632.0,,1632.0,2,,3.0,,,,,20240731.0,535000.0,UNINCORPORATED COUNTY,617700307824541695,Tier 2: Zero Improvement,occupied_structure_missing_improvement_data
06504500540000,065-0450-054-0000,8838 CHARRINGTON WAY,SACRAMENTO,CA,95829.0,38.492805,-121.374826,DRP CA 7 LLC,,ROSEVILLE,CA,95678.0,106360.0,,106360.0,2024.0,,0.0,RES/SINGLE FAMILY/SUBDIVISION,A1A00A,1001.0,SINGLE FAMILY RESIDENTIAL,RD-10,0.0,,1446.0,,1446.0,2,,3.0,,,,,20240809.0,513000.0,UNINCORPORATED COUNTY,617700307824541695,Tier 2: Zero Improvement,occupied_structure_missing_improvement_data
06504500570000,065-0450-057-0000,8850 CHARRINGTON WAY,SACRAMENTO,CA,95829.0,38.492805,-121.374338,DRP CA 7 LLC,,ROSEVILLE,CA,95678.0,106360.0,,106360.0,2024.0,,0.0,RES/SINGLE FAMILY/SUBDIVISION,A1A00A,1001.0,SINGLE FAMILY RESIDENTIAL,RD-10,0.0,,2024.0,,2024.0,2,,4.0,,,,,20240717.0,576000.0,UNINCORPORATED COUNTY,617700307824541695,Tier 2: Zero Improvement,occupied_structure_missing_improvement_data
06504500560000,065-0450-056-0000,8846 CHARRINGTON WAY,SACRAMENTO,CA,95829.0,38.492805,-121.374501,DRP CA 7 LLC,,ROSEVILLE,CA,95678.0,106360.0,,106360.0,2024.0,,0.0,RES/SINGLE FAMILY/SUBDIVISION,A1A00A,1001.0,SINGLE FAMILY RESIDENTIAL,RD-10,0.0,,1446.0,,1446.0,2,,3.0,,,,,20240726.0,525000.0,UNINCORPORATED COUNTY,617700307824541695,Tier 2: Zero Improvement,occupied_structure_missing_improvement_data
06504400470000,065-0440-047-0000,7275 GINGELLO WAY,SACRAMENTO,CA,95829.0,38.493375,-121.373112,TRINH MIKE QUOC & DUNG PHUONG LY,,SACRAMENTO,CA,95829.0,107100.0,,107100.0,2024.0,,0.0,RES/SINGLE FAMILY/SUBDIVISION,A1A00A,1001.0,SINGLE FAMILY RESIDENTIAL,RD-10,0.0,,2024.0,,2024.0,2,,4.0,,,,,20240503.0,580000.0,UNINCORPORATED COUNTY,617700307825065983,Tier 2: Zero Improvement,occupied_structure_missing_improvement_data
06504500450000,065-0450-045-0000,8861 CHARRINGTON WAY,SACRAMENTO,CA,95829.0,38.493136,-121.373839,LENNAR HOMES OF CALIFORNIA LLC,,ROSEVILLE,CA,95678.0,106360.0,,106360.0,2024.0,,0.0,RES/SINGLE FAMILY/SUBDIVISION,A1A00A,1001.0,SINGLE FAMILY RESIDENTIAL,RD-10,0.0,,1632.0,,1632.0,2,,3.0,,,,,20240614.0,526000.0,UNINCORPORATED COUNTY,617700307825065983,Tier 2: Zero Improvement,occupied_structure_missing_improvement_data
06504400460000,065-0440-046-0000,7279 GINGELLO WAY,SACRAMENTO,CA,95829.0,38.493225,-121.373113,LENNAR HOMES OF CALIFORNIA LLC,,ROSEVILLE,CA,95678.0,107100.0,,107100.0,2024.0,,0.0,RES/SINGLE FAMILY/SUBDIVISION,A1A00A,1001.0,SINGLE FAMILY RESIDENTIAL,RD-10,0.0,,1632.0,,1632.0,2,,3.0,,,,,20240513.0,529000.0,UNINCORPORATED COUNTY,617700307825065983,Tier 2: Zero Improvement,occupied_structure_missing_improvement_data
06504400440000,065-0440-044-0000,7287 GINGELLO WAY,SACRAMENTO,CA,95829.0,38.492972,-121.373112,LENNAR HOMES OF CALIFORNIA LLC,,ROSEVILLE,CA,95678.0,107100.0,,107100.0,2024.0,,0.0,RES/SINGLE FAMILY/SUBDIVISION,A1A00A,1001.0,SINGLE FAMILY RESIDENTIAL,RD-10,0.0,,1935.0,,1935.0,2,,4.0,,,,,20240517.0,549000.0,UNINCORPORATED COUNTY,617700307825065983,Tier 2: Zero Improvement,occupied_structure_missing_improvement_data
06504400450000,065-0440-045-0000,7283 GINGELLO WAY,SACRAMENTO,CA,95829.0,38.493099,-121.373112,LENNAR HOMES OF CALIFORNIA LLC,,ROSEVILLE,CA,95678.0,107100.0,,107100.0,2024.0,,0.0,RES/SINGLE FAMILY/SUBDIVISION,A1A00A,1001.0,SINGLE FAMILY RESIDENTIAL,RD-10,0.0,,1446.0,,1446.0,2,,3.0,,,,,20240515.0,495000.0,UNINCORPORATED COUNTY,617700307825065983,Tier 2: Zero Improvement,occupied_structure_missing_improvement_data
06504500590000,065-0450-059-0000,8858 CHARRINGTON WAY,SACRAMENTO,CA,95829.0,38.492806,-121.374013,LENNAR HOMES OF CALIFORNIA LLC,,ROSEVILLE,CA,95678.0,106360.0,,106360.0,2024.0,,0.0,RES/SINGLE FAMILY/SUBDIVISION,A1A00A,1001.0,SINGLE FAMILY RESIDENTIAL,RD-10,0.0,,1632.0,,1632.0,2,,3.0,,,,,20240628.0,530000.0,UNINCORPORATED COUNTY,617700307825065983,Tier 2: Zero Improvement,occupied_structure_missing_improvement_data
06504500580000,065-0450-058-0000,8854 CHARRINGTON WAY,SACRAMENTO,CA,95829.0,38.492806,-121.374176,DRP CA 7 LLC,,ROSEVILLE,CA,95678.0,106360.0,,106360.0,2024.0,,0.0,RES/SINGLE FAMILY/SUBDIVISION,A1A00A,1001.0,SINGLE FAMILY RESIDENTIAL,RD-10,0.0,,1935.0,,1935.0,2,,4.0,,,,,20240724.0,544000.0,UNINCORPORATED COUNTY,617700307824541695,Tier 2: Zero Improvement,occupied_structure_missing_improvement_data
06504500640000,065-0450-064-0000,8863 DORSETWOOD WAY,SACRAMENTO,CA,95829.0,38.492587,-121.373687,DRP CA 7 LLC,,ROSEVILLE,CA,95678.0,106360.0,,106360.0,2024.0,,0.0,RES/SINGLE FAMILY/SUBDIVISION,A1A00A,1001.0,SINGLE FAMILY RESIDENTIAL,RD-10,0.0,,1632.0,,1632.0,2,,3.0,,,,,20240913.0,549000.0,UNINCORPORATED COUNTY,617700307825065983,Tier 2: Zero Improvement,occupied_structure_missing_improvement_data
06504500610000,065-0450-061-0000,8866 CHARRINGTON WAY,SACRAMENTO,CA,95829.0,38.492807,-121.373687,LENNAR HOMES OF CALIFORNIA LLC,,ROSEVILLE,CA,95678.0,106360.0,,106360.0,2024.0,,0.0,RES/SINGLE FAMILY/SUBDIVISION,A1A00A,1001.0,SINGLE FAMILY RESIDENTIAL,RD-10,0.0,,1935.0,,1935.0,2,,4.0,,,,,20240612.0,549000.0,UNINCORPORATED COUNTY,617700307825065983,Tier 2: Zero Improvement,occupied_structure_missing_improvement_data
06504500600000,065-0450-060-0000,8862 CHARRINGTON WAY,SACRAMENTO,CA,95829.0,38.492806,-121.373851,LENNAR HOMES OF CALIFORNIA LLC,,ROSEVILLE,CA,95678.0,106360.0,,106360.0,2024.0,,0.0,RES/SINGLE FAMILY/SUBDIVISION,A1A00A,1001.0,SINGLE FAMILY RESIDENTIAL,RD-10,0.0,,1446.0,,1446.0,2,,3.0,,,,,20240626.0,529000.0,UNINCORPORATED COUNTY,617700307825065983,Tier 2: Zero Improvement,occupied_structure_missing_improvement_data
06504500630000,065-0450-063-0000,8867 DORSETWOOD WAY,SACRAMENTO,CA,95829.0,38.49259,-121.373504,DRP CA 7 LLC,,ROSEVILLE,CA,95678.0,106360.0,,106360.0,2024.0,,0.0,RES/SINGLE FAMILY/SUBDIVISION,A1A00A,1001.0,SINGLE FAMILY RESIDENTIAL,RD-10,0.0,,1446.0,,1446.0,2,,3.0,2.0,,,,20241007.0,505000.0,UNINCORPORATED COUNTY,617700307825065983,Tier 2: Zero Improvement,occupied_structure_missing_improvement_data
06504500620000,065-0450-062-0000,8870 CHARRINGTON WAY,SACRAMENTO,CA,95829.0,38.492805,-121.373504,LENNAR HOMES OF CALIFORNIA LLC,,ROSEVILLE,CA,95678.0,106360.0,,106360.0,2024.0,,0.0,RES/SINGLE FAMILY/SUBDIVISION,A1A00A,1001.0,SINGLE FAMILY RESIDENTIAL,RD-10,0.0,,2024.0,,2024.0,2,,4.0,,,,,20240530.0,569000.0,UNINCORPORATED COUNTY,617700307825065983,Tier 2: Zero Improvement,occupied_structure_missing_improvement_data
06504500470000,065-0450-047-0000,8853 CHARRINGTON WAY,SACRAMENTO,CA,95829.0,38.493135,-121.374168,DRP CA 7 LLC,,ROSEVILLE,CA,95678.0,106360.0,,106360.0,2024.0,,0.0,RES/SINGLE FAMILY/SUBDIVISION,A1A00A,1001.0,SINGLE FAMILY RESIDENTIAL,RD-10,0.0,,2024.0,,2024.0,2,,4.0,,,,,20240712.0,568000.0,UNINCORPORATED COUNTY,617700307825065983,Tier 2: Zero Improvement,occupied_structure_missing_improvement_data
06504700260000,065-0470-026-0000,7329 EDGELAND WAY,SACRAMENTO,CA,95828.0,38.49155,-121.376699,DRP CA 7 LLC,,ROSEVILLE,CA,95678.0,121940.0,,121940.0,2024.0,,0.0,RES/SINGLE FAMILY/SUBDIVISION,A1A00A,1001.0,SINGLE FAMILY RESIDENTIAL,RD-5,0.0,,1991.0,,1991.0,1,,3.0,,,,,20240927.0,580000.0,UNINCORPORATED COUNTY,617700307824541695,Tier 2: Zero Improvement,occupied_structure_missing_improvement_data
06504700270000,065-0470-027-0000,8797 IRONDEQUOIT WAY,SACRAMENTO,CA,95828.0,38.491319,-121.376748,DRP CA 7 LLC,,ROSEVILLE,CA,95678.0,121940.0,,121940.0,2024.0,,0.0,RES/SINGLE FAMILY/SUBDIVISION,A1A00A,1001.0,SINGLE FAMILY RESIDENTIAL,RD-5,0.0,,3025.0,,3025.0,2,,4.0,,,,,20240920.0,717500.0,UNINCORPORATED COUNTY,617700307824541695,Tier 2: Zero Improvement,occupied_structure_missing_improvement_data
06504700330000,065-0470-033-0000,8796 IRONDEQUOIT WAY,SACRAMENTO,CA,95828.0,38.490876,-121.376833,DRP CA 7 LLC,,ROSEVILLE,CA,95678.0,121940.0,,121940.0,2024.0,,0.0,RES/SINGLE FAMILY/SUBDIVISION,A1A00A,1001.0,SINGLE FAMILY RESIDENTIAL,RD-5,0.0,,2520.0,,2520.0,2,,3.0,2.0,,,,20241016.0,615000.0,UNINCORPORATED COUNTY,617700307824541695,Tier 2: Zero Improvement,occupied_structure_missing_improvement_data
06504700320000,065-0470-032-0000,8800 IRONDEQUOIT WAY,SACRAMENTO,CA,95828.0,38.490877,-121.376651,DRP CA 7 LLC,,ROSEVILLE,CA,95678.0,121940.0,,121940.0,2024.0,,0.0,RES/SINGLE FAMILY/SUBDIVISION,A1A00A,1001.0,SINGLE FAMILY RESIDENTIAL,RD-5,0.0,,2520.0,,2520.0,2,,3.0,,,,,20240920.0,600000.0,UNINCORPORATED COUNTY,617700307824541695,Tier 2: Zero Improvement,occupied_structure_missing_improvement_data
06504300570000,065-0430-057-0000,8719 OLDFIELD WAY,SACRAMENTO,CA,95829.0,38.490356,-121.376213,DRP CA 7 LLC,,ROSEVILLE,CA,95678.0,111460.0,,111460.0,2024.0,,0.0,RES/SINGLE FAMILY/SUBDIVISION,A1A00A,1001.0,SINGLE FAMILY RESIDENTIAL,RD-7,0.0,,2419.0,,2419.0,2,,4.0,,,,,20240927.0,639500.0,UNINCORPORATED COUNTY,617700307824541695,Tier 2: Zero Improvement,occupied_structure_missing_improvement_data
06504300580000,065-0430-058-0000,8716 OLDFIELD WAY,SACRAMENTO,CA,95829.0,38.490305,-121.375759,DRP CA 7 LLC,,ROSEVILLE,CA,95678.0,111460.0,,111460.0,2024.0,,0.0,RES/SINGLE FAMILY/SUBDIVISION,A1A00A,1001.0,SINGLE FAMILY RESIDENTIAL,RD-7,0.0,,2107.0,,2107.0,2,,3.0,,,,,20240912.0,560000.0,UNINCORPORATED COUNTY,617700307824541695,Tier 2: Zero Improvement,occupied_structure_missing_improvement_data
06504800170000,065-0480-017-0000,8864 DORSETWOOD WAY,SACRAMENTO,CA,95829.0,38.492255,-121.373607,DRP CA 7 LLC,,ROSEVILLE,CA,95678.0,106360.0,,106360.0,2024.0,,0.0,RES/SINGLE FAMILY/SUBDIVISION,A1A00A,1001.0,SINGLE FAMILY RESIDENTIAL,RD-10,0.0,,2024.0,,2024.0,2,,4.0,,,,,20240614.0,6972000.0,UNINCORPORATED COUNTY,617700307825065983,Tier 2: Zero Improvement,occupied_structure_missing_improvement_data
06504300560000,065-0430-056-0000,8715 OLDFIELD WAY,SACRAMENTO,CA,95829.0,38.490223,-121.376213,DRP CA 7 LLC,,ROSEVILLE,CA,95678.0,111460.0,,111460.0,2024.0,,0.0,RES/SINGLE FAMILY/SUBDIVISION,A1A00A,1001.0,SINGLE FAMILY RESIDENTIAL,RD-7,0.0,,2612.0,,2612.0,2,,5.0,,,,,20240829.0,639500.0,UNINCORPORATED COUNTY,617700307824541695,Tier 2: Zero Improvement,occupied_structure_missing_improvement_data
06504300590000,065-0430-059-0000,8712 OLDFIELD WAY,SACRAMENTO,CA,95829.0,38.490182,-121.375758,DRP CA 7 LLC,,ROSEVILLE,CA,95678.0,111460.0,,111460.0,2024.0,,0.0,RES/SINGLE FAMILY/SUBDIVISION,A1A00A,1001.0,SINGLE FAMILY RESIDENTIAL,RD-7,0.0,,2419.0,,2419.0,2,,4.0,,,,,20240906.0,575000.0,UNINCORPORATED COUNTY,617700307824541695,Tier 2: Zero Improvement,occupied_structure_missing_improvement_data
06504300550000,065-0430-055-0000,8711 OLDFIELD WAY,SACRAMENTO,CA,95829.0,38.49009,-121.376212,DRP CA 7 LLC,,ROSEVILLE,CA,95678.0,111460.0,,111460.0,2024.0,,0.0,RES/SINGLE FAMILY/SUBDIVISION,A1A00A,1001.0,SINGLE FAMILY RESIDENTIAL,RD-7,0.0,,2107.0,,2107.0,2,,3.0,,,,,20240828.0,553000.0,UNINCORPORATED COUNTY,617700307824541695,Tier 2: Zero Improvement,occupied_structure_missing_improvement_data
06504300600000,065-0430-060-0000,8809 BOES WAY,SACRAMENTO,CA,95829.0,38.489998,-121.375817,DRP CA 7 LLC,,ROSEVILLE,CA,95678.0,111460.0,,111460.0,2024.0,,0.0,RES/SINGLE FAMILY/SUBDIVISION,A1A00A,1001.0,SINGLE FAMILY RESIDENTIAL,RD-7,0.0,,2612.0,,2612.0,2,,5.0,3.0,,,,20241112.0,625000.0,UNINCORPORATED COUNTY,617700307825590271,Tier 2: Zero Improvement,occupied_structure_missing_improvement_data
06504300530000,065-0430-053-0000,8699 OLDFIELD WAY,SACRAMENTO,CA,95829.0,38.489685,-121.376214,DRP CA 7 LLC,,ROSEVILLE,CA,95678.0,111460.0,,111460.0,2024.0,,0.0,RES/SINGLE FAMILY/SUBDIVISION,A1A00A,1001.0,SINGLE FAMILY RESIDENTIAL,RD-7,0.0,,2107.0,,2107.0,2,,3.0,,,,,20240821.0,609500.0,UNINCORPORATED COUNTY,617700307825590271,Tier 2: Zero Improvement,occupied_structure_missing_improvement_data
06504300290000,065-0430-029-0000,8808 BOES WAY,SACRAMENTO,CA,95829.0,38.489637,-121.375815,DRP CA 7 LLC,,ROSEVILLE,CA,95678.0,111460.0,,111460.0,2024.0,,0.0,RES/SINGLE FAMILY/SUBDIVISION,A1A00A,1001.0,SINGLE FAMILY RESIDENTIAL,RD-7,0.0,,2419.0,,2419.0,2,,4.0,3.0,,,,20241025.0,610000.0,UNINCORPORATED COUNTY,617700307825590271,Tier 2: Zero Improvement,occupied_structure_missing_improvement_data
06504300280000,065-0430-028-0000,8812 BOES WAY,SACRAMENTO,CA,95829.0,38.48964,-121.37564,DRP CA 7 LLC,,ROSEVILLE,CA,95678.0,111460.0,,111460.0,2024.0,,0.0,RES/SINGLE FAMILY/SUBDIVISION,A1A00A,1001.0,SINGLE FAMILY RESIDENTIAL,RD-7,0.0,,2214.0,,2214.0,2,,3.0,3.0,,,,20241028.0,600000.0,UNINCORPORATED COUNTY,617700307825590271,Tier 2: Zero Improvement,occupied_structure_missing_improvement_data
06504300520000,065-0430-052-0000,8695 OLDFIELD WAY,SACRAMENTO,CA,95829.0,38.489549,-121.376211,DRP CA 7 LLC,,ROSEVILLE,CA,95678.0,111460.0,,111460.0,2024.0,,0.0,RES/SINGLE FAMILY/SUBDIVISION,A1A00A,1001.0,SINGLE FAMILY RESIDENTIAL,RD-7,0.0,,2612.0,,2612.0,2,,5.0,,,,,20240819.0,635500.0,UNINCORPORATED COUNTY,617700307825590271,Tier 2: Zero Improvement,occupied_structure_missing_improvement_data
06504300510000,065-0430-051-0000,8691 OLDFIELD WAY,SACRAMENTO,CA,95829.0,38.489426,-121.37621,DRP CA 7 LLC,,ROSEVILLE,CA,95678.0,111460.0,,111460.0,2024.0,,0.0,RES/SINGLE FAMILY/SUBDIVISION,A1A00A,1001.0,SINGLE FAMILY RESIDENTIAL,RD-7,0.0,,2214.0,,2214.0,2,,3.0,,,,,20240918.0,603000.0,UNINCORPORATED COUNTY,617700307825590271,Tier 2: Zero Improvement,occupied_structure_missing_improvement_data
06504300310000,065-0430-031-0000,8672 OLDFIELD WAY,SACRAMENTO,CA,95829.0,38.489392,-121.375639,DRP CA 7 LLC,,ROSEVILLE,CA,95678.0,111460.0,,111460.0,2024.0,,0.0,RES/SINGLE FAMILY/SUBDIVISION,A1A00A,1001.0,SINGLE FAMILY RESIDENTIAL,RD-7,0.0,,2214.0,,2214.0,2,,3.0,,,,,20240717.0,590000.0,UNINCORPORATED COUNTY,617700307825590271,Tier 2: Zero Improvement,occupied_structure_missing_improvement_data
06504300300000,065-0430-030-0000,8676 OLDFIELD WAY,SACRAMENTO,CA,95829.0,38.489394,-121.375814,DRP CA 7 LLC,,ROSEVILLE,CA,95678.0,111460.0,,111460.0,2024.0,,0.0,RES/SINGLE FAMILY/SUBDIVISION,A1A00A,1001.0,SINGLE FAMILY RESIDENTIAL,RD-7,0.0,,2419.0,,2419.0,2,,4.0,,,,,20240729.0,614000.0,UNINCORPORATED COUNTY,617700307825590271,Tier 2: Zero Improvement,occupied_structure_missing_improvement_data
06504300500000,065-0430-050-0000,8687 OLDFIELD WAY,SACRAMENTO,CA,95829.0,38.48929,-121.376226,DRP CA 7 LLC,,ROSEVILLE,CA,95678.0,111460.0,,111460.0,2024.0,,0.0,RES/SINGLE FAMILY/SUBDIVISION,A1A00A,1001.0,SINGLE FAMILY RESIDENTIAL,RD-7,0.0,,2419.0,,2419.0,2,,4.0,,,,,20240809.0,623000.0,UNINCORPORATED COUNTY,617700307825590271,Tier 2: Zero Improvement,occupied_structure_missing_improvement_data
06504300490000,065-0430-049-0000,8683 OLDFIELD WAY,SACRAMENTO,CA,95829.0,38.48908,-121.37621,DRP CA 7 LLC,,ROSEVILLE,CA,95678.0,111460.0,,111460.0,2024.0,,0.0,RES/SINGLE FAMILY/SUBDIVISION,A1A00A,1001.0,SINGLE FAMILY RESIDENTIAL,RD-7,0.0,,2776.0,,2776.0,2,,4.0,,,,,20240828.0,675500.0,UNINCORPORATED COUNTY,617700307825590271,Tier 2: Zero Improvement,occupied_structure_missing_improvement_data
06504300620000,065-0430-062-0000,8817 BOES WAY,SACRAMENTO,CA,95829.0,38.489997,-121.375487,DRP CA 7 LLC,,ROSEVILLE,CA,95678.0,111460.0,,111460.0,2024.0,,0.0,RES/SINGLE FAMILY/SUBDIVISION,A1A00A,1001.0,SINGLE FAMILY RESIDENTIAL,RD-7,0.0,,2214.0,,2214.0,2,,3.0,3.0,,,,20241031.0,600000.0,UNINCORPORATED COUNTY,617700307825590271,Tier 2: Zero Improvement,occupied_structure_missing_improvement_data
06504300610000,065-0430-061-0000,8813 BOES WAY,SACRAMENTO,CA,95829.0,38.489997,-121.375644,DRP CA 7 LLC,,ROSEVILLE,CA,95678.0,111460.0,,111460.0,2024.0,,0.0,RES/SINGLE FAMILY/SUBDIVISION,A1A00A,1001.0,SINGLE FAMILY RESIDENTIAL,RD-7,0.0,,2107.0,,2107.0,2,,3.0,2.0,,,,20241017.0,590000.0,UNINCORPORATED COUNTY,617700307825590271,Tier 2: Zero Improvement,occupied_structure_missing_improvement_data
06504300330000,065-0430-033-0000,8664 OLDFIELD WAY,SACRAMENTO,CA,95829.0,38.489392,-121.375324,LENNAR HOMES OF CALIFORNIA LLC,,ROSEVILLE,CA,95678.0,111460.0,,111460.0,2024.0,,0.0,RES/SINGLE FAMILY/SUBDIVISION,A1A00A,1001.0,SINGLE FAMILY RESIDENTIAL,RD-7,0.0,,2419.0,,2419.0,2,,4.0,,,,,20240628.0,614500.0,UNINCORPORATED COUNTY,617700307825590271,Tier 2: Zero Improvement,occupied_structure_missing_improvement_data
06504300320000,065-0430-032-0000,8668 OLDFIELD WAY,SACRAMENTO,CA,95829.0,38.489392,-121.375482,DRP CA 7 LLC,,ROSEVILLE,CA,95678.0,111460.0,,111460.0,2024.0,,0.0,RES/SINGLE FAMILY/SUBDIVISION,A1A00A,1001.0,SINGLE FAMILY RESIDENTIAL,RD-7,0.0,,2107.0,,2107.0,2,,3.0,,,,,20240712.0,535000.0,UNINCORPORATED COUNTY,617700307825590271,Tier 2: Zero Improvement,occupied_structure_missing_improvement_data
06504300340000,065-0430-034-0000,8660 OLDFIELD WAY,SACRAMENTO,CA,95829.0,38.489392,-121.375167,LENNAR HOMES OF CALIFORNIA LLC,,ROSEVILLE,CA,95678.0,111460.0,,111460.0,2024.0,,0.0,RES/SINGLE FAMILY/SUBDIVISION,A1A00A,1001.0,SINGLE FAMILY RESIDENTIAL,RD-7,0.0,,2612.0,,2612.0,2,,5.0,,,,,20240626.0,611000.0,UNINCORPORATED COUNTY,617700307825590271,Tier 2: Zero Improvement,occupied_structure_missing_improvement_data
06504300480000,065-0430-048-0000,8679 OLDFIELD WAY,SACRAMENTO,CA,95829.0,38.489013,-121.375978,DRP CA 7 LLC,,ROSEVILLE,CA,95678.0,111460.0,,111460.0,2024.0,,0.0,RES/SINGLE FAMILY/SUBDIVISION,A1A00A,1001.0,SINGLE FAMILY RESIDENTIAL,RD-7,0.0,,2612.0,,2612.0,2,,5.0,,,,,20240802.0,638500.0,UNINCORPORATED COUNTY,617700307825590271,Tier 2: Zero Improvement,occupied_structure_missing_improvement_data
06504300470000,065-0430-047-0000,8675 OLDFIELD WAY,SACRAMENTO,CA,95829.0,38.489032,-121.375771,DRP CA 7 LLC,,ROSEVILLE,CA,95678.0,111460.0,,111460.0,2024.0,,0.0,RES/SINGLE FAMILY/SUBDIVISION,A1A00A,1001.0,SINGLE FAMILY RESIDENTIAL,RD-7,0.0,,2214.0,,2214.0,2,,3.0,,,,,20240731.0,605500.0,UNINCORPORATED COUNTY,617700307825590271,Tier 2: Zero Improvement,occupied_structure_missing_improvement_data
06504300460000,065-0430-046-0000,8671 OLDFIELD WAY,SACRAMENTO,CA,95829.0,38.489033,-121.375614,DRP CA 7 LLC,,ROSEVILLE,CA,95678.0,111460.0,,111460.0,2024.0,,0.0,RES/SINGLE FAMILY/SUBDIVISION,A1A00A,1001.0,SINGLE FAMILY RESIDENTIAL,RD-7,0.0,,2419.0,,2419.0,2,,4.0,,,,,20240725.0,622500.0,UNINCORPORATED COUNTY,617700307825590271,Tier 2: Zero Improvement,occupied_structure_missing_improvement_data
06504300630000,065-0430-063-0000,8821 BOES WAY,SACRAMENTO,CA,95829.0,38.490001,-121.375301,DRP CA 7 LLC,,ROSEVILLE,CA,95678.0,111460.0,,111460.0,2024.0,,0.0,RES/SINGLE FAMILY/SUBDIVISION,A1A00A,1001.0,SINGLE FAMILY RESIDENTIAL,RD-7,0.0,,2107.0,,2107.0,2,,3.0,2.0,,,,20241101.0,580000.0,UNINCORPORATED COUNTY,617700307825590271,Tier 2: Zero Improvement,occupied_structure_missing_improvement_data
06504300440000,065-0430-044-0000,8663 OLDFIELD WAY,SACRAMENTO,CA,95829.0,38.489032,-121.3753,DRP CA 7 LLC,,ROSEVILLE,CA,95678.0,111460.0,,111460.0,2024.0,,0.0,RES/SINGLE FAMILY/SUBDIVISION,A1A00A,1001.0,SINGLE FAMILY RESIDENTIAL,RD-7,0.0,,2214.0,,2214.0,2,,3.0,,,,,20240705.0,604500.0,UNINCORPORATED COUNTY,617700307825590271,Tier 2: Zero Improvement,occupied_structure_missing_improvement_data
06504300430000,065-0430-043-0000,8659 OLDFIELD WAY,SACRAMENTO,CA,95829.0,38.489032,-121.375143,DRP CA 7 LLC,,ROSEVILLE,CA,95678.0,111460.0,,111460.0,2024.0,,0.0,RES/SINGLE FAMILY/SUBDIVISION,A1A00A,1001.0,SINGLE FAMILY RESIDENTIAL,RD-7,0.0,,2107.0,,2107.0,2,,3.0,,,,,20240702.0,602500.0,UNINCORPORATED COUNTY,617700307825590271,Tier 2: Zero Improvement,occupied_structure_missing_improvement_data
06504300420000,065-0430-042-0000,8655 OLDFIELD WAY,SACRAMENTO,CA,95829.0,38.489032,-121.374985,LENNAR HOMES OF CALIFORNIA LLC,,ROSEVILLE,CA,95678.0,111460.0,,111460.0,2024.0,,0.0,RES/SINGLE FAMILY/SUBDIVISION,A1A00A,1001.0,SINGLE FAMILY RESIDENTIAL,RD-7,0.0,,2419.0,,2419.0,2,,4.0,,,,,20240621.0,619500.0,UNINCORPORATED COUNTY,617700307825590271,Tier 2: Zero Improvement,occupied_structure_missing_improvement_data
06504300450000,065-0430-045-0000,8667 OLDFIELD WAY,SACRAMENTO,CA,95829.0,38.489032,-121.375457,DRP CA 7 LLC,,ROSEVILLE,CA,95678.0,111460.0,,111460.0,2024.0,,0.0,RES/SINGLE FAMILY/SUBDIVISION,A1A00A,1001.0,SINGLE FAMILY RESIDENTIAL,RD-7,0.0,,2612.0,,2612.0,2,,5.0,,,,,20240719.0,631500.0,UNINCORPORATED COUNTY,617700307825590271,Tier 2: Zero Improvement,occupied_structure_missing_improvement_data
06503501000000,065-0350-100-0000,THIMBLEBERRY DR,SACRAMENTO,CA,95829.0,38.488111,-121.355691,SOUTHGATE RECREATION & PARK DISTRICT,,SACRAMENTO,CA,95823.0,,,,2024.0,,0.0,"MISC, UNUSABLE-SMALL",MSMALA,8009.0,"WASTE LAND, MARSH, SWAMP, SUBMERGED-VACANT LAND",RD-5,8494.0,SF,,,,,,,,,,,20190906.0,,UNINCORPORATED COUNTY,617700307809861631,Tier 2: Zero Improvement,public_park_or_recreation_agency
12100100210000,121-0010-021-0000,9000 GERBER RD,SACRAMENTO,CA,95829.0,38.47967,-121.366517,A & C REAL ESTATE DEVELOPMENT LLC,,SACRAMENTO,CA,95829.0,1586610.0,,1586610.0,2024.0,,0.0,RES/SINGLE FAMILY/RURAL HOME(OVER 5 AC),A1E00A,1008.0,RURAL/AGRICULTURAL RESIDENCE,AR-10,10.82,AC,1918.0,1977.0,1918.0,1.0,,3.0,,,,,20211220.0,6873500.0,UNINCORPORATED COUNTY,617700307883786239,Tier 2: Zero Improvement,occupied_structure_missing_improvement_data
06503500960000,065-0350-096-0000,WATERMAN RD,SACRAMENTO,CA,95829.0,38.487169,-121.355132,SOUTHGATE RECREATION & PARK DISTRICT,,SACRAMENTO,CA,95823.0,,,,2024.0,,0.0,"MISC, UNUSABLE-SMALL",MSMALA,8009.0,"WASTE LAND, MARSH, SWAMP, SUBMERGED-VACANT LAND",RD-5,11237.0,SF,,,,,,,,,,,20190906.0,,UNINCORPORATED COUNTY,617700307809599487,Tier 2: Zero Improvement,public_park_or_recreation_agency
06503500970000,065-0350-097-0000,WATERMAN RD,SACRAMENTO,CA,95829.0,38.486376,-121.35557,SOUTHGATE RECREATION AND PARK DISTRICT,,SACRAMENTO,CA,95823.0,,,,2024.0,,0.0,"MISC, UNUSABLE-SMALL",MSMALA,8009.0,"WASTE LAND, MARSH, SWAMP, SUBMERGED-VACANT LAND",RD-5,2775.0,SF,,,,,,,,,,,20190906.0,,UNINCORPORATED COUNTY,617700307809599487,Tier 2: Zero Improvement,public_park_or_recreation_agency
06502600240000,065-0260-024-0000,WATERMAN RD,SACRAMENTO,CA,95829.0,38.485786,-121.355768,SOUTHGATE RECREATION AND PARK DISTRICT,,SACRAMENTO,CA,95823.0,,,,2024.0,,0.0,"MISC, UNUSABLE-SMALL",MSMALA,8009.0,"WASTE LAND, MARSH, SWAMP, SUBMERGED-VACANT LAND",RD-5,3893.0,SF,,,,,,,,,,,20190906.0,,UNINCORPORATED COUNTY,617700307810910207,Tier 2: Zero Improvement,public_park_or_recreation_agency
06600700020000,066-0070-002-0000,9384 FLORIN RD,SACRAMENTO,CA,95829.0,38.494413,-121.349688,ACANA CAPITAL LLC,,ELK GROVE,CA,95758.0,1222470.0,,1222470.0,2024.0,,0.0,RES/SINGLE FAMILY/RURAL HOME(OVER 5 AC),A1E00A,1008.0,RURAL/AGRICULTURAL RESIDENCE,AG-20,14.77,AC,570.0,1900.0,570.0,1.0,,2.0,,,,,20211117.0,1175000.0,UNINCORPORATED COUNTY,617700307801210879,Tier 2: Zero Improvement,occupied_structure_missing_improvement_data
06502700220000,065-0270-022-0000,WATERMAN RD,SACRAMENTO,CA,95829.0,38.488461,-121.353544,SOUTHGATE RECREATION & PARK DISTRICT,,SACRAMENTO,CA,95823.0,,,,2024.0,,0.0,"MISC, UNUSABLE-SMALL",MSMALA,8009.0,"WASTE LAND, MARSH, SWAMP, SUBMERGED-VACANT LAND",RD-5 O,23256.0,SF,,,,,,,,,,,20190906.0,,UNINCORPORATED COUNTY,617700307810385919,Tier 2: Zero Improvement,public_park_or_recreation_agency
06602600820000,066-0260-082-0000,BALLINGER DR,SACRAMENTO,CA,95829.0,38.488834,-121.335873,SOUTHGATE RECREATION & PARK DISTRICT,,SACRAMENTO,CA,95823.0,,,,2024.0,,0.0,"MISC, UNUSABLE-SMALL",MSMALA,8009.0,"WASTE LAND, MARSH, SWAMP, SUBMERGED-VACANT LAND",RD-7,4450.0,SF,,,,,,,,,,,20121128.0,,UNINCORPORATED COUNTY,617700307804618751,Tier 2: Zero Improvement,public_park_or_recreation_agency
06602600810000,066-0260-081-0000,BRADSHAW RD,SACRAMENTO,CA,95829.0,38.487936,-121.33508,SOUTHGATE RECREATION & PARK DISTRICT,,SACRAMENTO,CA,95823.0,,,,2024.0,,0.0,"MISC, UNUSABLE-SMALL",MSMALA,8009.0,"WASTE LAND, MARSH, SWAMP, SUBMERGED-VACANT LAND",RD-7,12286.0,SF,,,,,,,,,,,20121128.0,,UNINCORPORATED COUNTY,617700307812483071,Tier 2: Zero Improvement,public_park_or_recreation_agency
06602701080000,066-0270-108-0000,BRADSHAW RD,SACRAMENTO,CA,95829.0,38.486468,-121.335074,SOUTHGATE RECREATION & PARK DISTRICT,,SACRAMENTO,CA,95823.0,,,,2024.0,,0.0,"MISC, UNUSABLE-SMALL",MSMALA,8009.0,"WASTE LAND, MARSH, SWAMP, SUBMERGED-VACANT LAND",RD-7 RD-10,10900.0,SF,,,,,,,,,,,20121128.0,,UNINCORPORATED COUNTY,617700307812483071,Tier 2: Zero Improvement,public_park_or_recreation_agency
06602701060000,066-0270-106-0000,ALDER CREEK DR,SACRAMENTO,CA,95829.0,38.485376,-121.33732,SOUTHGATE RECREATION & PARK DISTRICT,,SACRAMENTO,CA,95823.0,,,,2024.0,,0.0,"MISC, UNUSABLE-SMALL",MSMALA,8009.0,"WASTE LAND, MARSH, SWAMP, SUBMERGED-VACANT LAND",RD-10,3167.0,SF,,,,,,,,,,,20121128.0,,UNINCORPORATED COUNTY,617700307812483071,Tier 2: Zero Improvement,public_park_or_recreation_agency
06602701070000,066-0270-107-0000,9687 ALDER CREEK DR,SACRAMENTO,CA,95829.0,38.485372,-121.336198,SOUTHGATE RECREATION & PARK DISTRICT,,SACRAMENTO,CA,95823.0,,,,2024.0,,0.0,"MISC, UNUSABLE-SMALL",MSMALA,8009.0,"WASTE LAND, MARSH, SWAMP, SUBMERGED-VACANT LAND",RD-10,3129.0,SF,,,,,,,,,,,20121128.0,,UNINCORPORATED COUNTY,617700307812483071,Tier 2: Zero Improvement,public_park_or_recreation_agency
06602701160000,066-0270-116-0000,ALDER CREEK DR,SACRAMENTO,CA,95829.0,38.485375,-121.335599,SOUTHGATE RECREATION AND PARK DISTRICT,,SACRAMENTO,CA,95823.0,,,,2024.0,,0.0,"MISC, UNUSABLE-SMALL",MSMALA,8009.0,"WASTE LAND, MARSH, SWAMP, SUBMERGED-VACANT LAND",RD-10,1592.0,SF,,,,,,,,,,,,,UNINCORPORATED COUNTY,617700307812483071,Tier 2: Zero Improvement,public_park_or_recreation_agency
12208600020000,122-0860-002-0000,7606 HEATHERPACE DR,SACRAMENTO,CA,95829.0,38.481313,-121.32353,TAYLOR MORRISON OF CALIFORNIA LLC,,FOLSOM,CA,95630.0,111000.0,,111000.0,2024.0,,0.0,RES/SINGLE FAMILY/SUBDIVISION,A1A00A,1001.0,SINGLE FAMILY RESIDENTIAL,RD-7,0.0,,2248.0,,2248.0,2.0,,4.0,,,,,20240701.0,630500.0,UNINCORPORATED COUNTY,617700307900039167,Tier 2: Zero Improvement,occupied_structure_missing_improvement_data
12208600010000,122-0860-001-0000,7602 HEATHERPACE DR,SACRAMENTO,CA,95829.0,38.481446,-121.323532,TAYLOR MORRISON OF CALIFORNIA LLC,,FOLSOM,CA,95630.0,102000.0,,102000.0,2024.0,,0.0,RES/SINGLE FAMILY/SUBDIVISION,A1A00A,1001.0,SINGLE FAMILY RESIDENTIAL,RD-7,0.0,,1556.0,,1556.0,2.0,,3.0,,,,,20240628.0,537500.0,UNINCORPORATED COUNTY,617700307900039167,Tier 2: Zero Improvement,occupied_structure_missing_improvement_data
12208600040000,122-0860-004-0000,7614 HEATHERPACE DR,SACRAMENTO,CA,95829.0,38.481086,-121.323534,TAYLOR MORRISON OF CALIFORNIA LLC,,FOLSOM,CA,95630.0,102000.0,,102000.0,2024.0,,0.0,RES/SINGLE FAMILY/SUBDIVISION,A1A00A,1001.0,SINGLE FAMILY RESIDENTIAL,RD-7,0.0,,1778.0,,1778.0,2.0,,3.0,,,,,20240628.0,573500.0,UNINCORPORATED COUNTY,617700307900039167,Tier 2: Zero Improvement,occupied_structure_missing_improvement_data
12208600030000,122-0860-003-0000,7610 HEATHERPACE DR,SACRAMENTO,CA,95829.0,38.481196,-121.323529,TAYLOR MORRISON OF CALIFORNIA LLC,,FOLSOM,CA,95630.0,102000.0,,102000.0,2024.0,,0.0,RES/SINGLE FAMILY/SUBDIVISION,A1A00A,1001.0,SINGLE FAMILY RESIDENTIAL,RD-7,0.0,,1778.0,,1778.0,2.0,,3.0,,,,,20240705.0,520000.0,UNINCORPORATED COUNTY,617700307900039167,Tier 2: Zero Improvement,occupied_structure_missing_improvement_data
12208600070000,122-0860-007-0000,7626 HEATHERPACE DR,SACRAMENTO,CA,95829.0,38.480756,-121.323542,TAYLOR MORRISON OF CALIFORNIA LLC,,FOLSOM,CA,95630.0,102000.0,,102000.0,2024.0,,0.0,RES/SINGLE FAMILY/SUBDIVISION,A1A00A,1001.0,SINGLE FAMILY RESIDENTIAL,RD-7,0.0,,1730.0,,1730.0,2.0,,3.0,,,,,20240530.0,2782000.0,UNINCORPORATED COUNTY,617700307900039167,Tier 2: Zero Improvement,occupied_structure_missing_improvement_data
12208600060000,122-0860-006-0000,7622 HEATHERPACE DR,SACRAMENTO,CA,95829.0,38.480866,-121.323543,TAYLOR MORRISON OF CALIFORNIA LLC,,FOLSOM,CA,95630.0,102000.0,,102000.0,2024.0,,0.0,RES/SINGLE FAMILY/SUBDIVISION,A1A00A,1001.0,SINGLE FAMILY RESIDENTIAL,RD-7,0.0,,1730.0,,1730.0,2.0,,3.0,,,,,20240529.0,572000.0,UNINCORPORATED COUNTY,617700307900039167,Tier 2: Zero Improvement,occupied_structure_missing_improvement_data
12208600050000,122-0860-005-0000,7618 HEATHERPACE DR,SACRAMENTO,CA,95829.0,38.480976,-121.323541,TAYLOR MORRISON OF CALIFORNIA LLC,,FOLSOM,CA,95630.0,102000.0,,102000.0,2024.0,,0.0,RES/SINGLE FAMILY/SUBDIVISION,A1A00A,1001.0,SINGLE FAMILY RESIDENTIAL,RD-7,0.0,,1685.0,,1685.0,2.0,,3.0,,,,,20240529.0,533000.0,UNINCORPORATED COUNTY,617700307900039167,Tier 2: Zero Improvement,occupied_structure_missing_improvement_data
12208600380000,122-0860-038-0000,7615 HEATHERPACE DR,SACRAMENTO,CA,95829.0,38.481097,-121.323054,TAYLOR MORRISON OF CALIFORNIA LLC,,FOLSOM,CA,95630.0,102000.0,,102000.0,2024.0,,0.0,RES/SINGLE FAMILY/SUBDIVISION,A1A00A,1001.0,SINGLE FAMILY RESIDENTIAL,RD-7,0.0,,1730.0,,1730.0,2.0,,3.0,,,,,20240829.0,554000.0,UNINCORPORATED COUNTY,617700307900039167,Tier 2: Zero Improvement,occupied_structure_missing_improvement_data
12208600370000,122-0860-037-0000,7619 HEATHERPACE DR,SACRAMENTO,CA,95829.0,38.480978,-121.323066,TAYLOR MORRISON OF CALIFORNIA LLC,,FOLSOM,CA,95630.0,102000.0,,102000.0,2024.0,,0.0,RES/SINGLE FAMILY/SUBDIVISION,A1A00A,1001.0,SINGLE FAMILY RESIDENTIAL,RD-7,0.0,,1556.0,,1556.0,2.0,,3.0,,,,,20240625.0,521500.0,UNINCORPORATED COUNTY,617700307900039167,Tier 2: Zero Improvement,occupied_structure_missing_improvement_data
12208600360000,122-0860-036-0000,7623 HEATHERPACE DR,SACRAMENTO,CA,95829.0,38.480869,-121.323068,TAYLOR MORRISON OF CALIFORNIA LLC,,FOLSOM,CA,95630.0,102000.0,,102000.0,2024.0,,0.0,RES/SINGLE FAMILY/SUBDIVISION,A1A00A,1001.0,SINGLE FAMILY RESIDENTIAL,RD-7,0.0,,1730.0,,1730.0,2.0,,3.0,,,,,20240628.0,522500.0,UNINCORPORATED COUNTY,617700307900039167,Tier 2: Zero Improvement,occupied_structure_missing_improvement_data
12208600350000,122-0860-035-0000,7627 HEATHERPACE DR,SACRAMENTO,CA,95829.0,38.480759,-121.323067,TAYLOR MORRISON OF CALIFORNIA LLC,,FOLSOM,CA,95630.0,102000.0,,102000.0,2024.0,,0.0,RES/SINGLE FAMILY/SUBDIVISION,A1A00A,1001.0,SINGLE FAMILY RESIDENTIAL,RD-7,0.0,,1778.0,,1778.0,2.0,,3.0,,,,,20240530.0,553000.0,UNINCORPORATED COUNTY,617700307900039167,Tier 2: Zero Improvement,occupied_structure_missing_improvement_data
12208601470000,122-0860-147-0000,9987 FLETCHING WAY,SACRAMENTO,CA,95829.0,38.481396,-121.322134,VPTM WILDHAWK LB LLC,,MINNEAPOLIS,MN,55402.0,77506.0,,77506.0,2024.0,,0.0,RES/SINGLE FAMILY/SUBDIVISION,A1A00A,1001.0,SINGLE FAMILY RESIDENTIAL,RD-7,0.0,,2254.0,2023.0,2254.0,2.0,,4.0,,,,,,,UNINCORPORATED COUNTY,617700307900039167,Tier 2: Zero Improvement,occupied_structure_missing_improvement_data
12208600150000,122-0860-015-0000,7662 HEATHERPACE DR,SACRAMENTO,CA,95829.0,38.479706,-121.323532,TRINH ANH TAI & THI HOA HA & ANH HAO KIET TRINH,,SACRAMENTO,CA,95829.0,113220.0,,113220.0,2024.0,,0.0,RES/SINGLE FAMILY/SUBDIVISION,A1A00A,1001.0,SINGLE FAMILY RESIDENTIAL,RD-7,0.0,,2248.0,,2248.0,2.0,,4.0,,,,,20240125.0,562500.0,UNINCORPORATED COUNTY,617700307910787071,Tier 2: Zero Improvement,occupied_structure_missing_improvement_data
12208600140000,122-0860-014-0000,7658 HEATHERPACE DR,SACRAMENTO,CA,95829.0,38.479829,-121.323533,TROUNG CATALINA & AN DUY LAM,,SACRAMENTO,CA,95829.0,113220.0,,113220.0,2024.0,,0.0,RES/SINGLE FAMILY/SUBDIVISION,A1A00A,1001.0,SINGLE FAMILY RESIDENTIAL,RD-7,0.0,,2002.0,,2002.0,2.0,,4.0,,,,,20240125.0,578000.0,UNINCORPORATED COUNTY,617700307910787071,Tier 2: Zero Improvement,occupied_structure_missing_improvement_data
12208600160000,122-0860-016-0000,7666 HEATHERPACE DR,SACRAMENTO,CA,95829.0,38.479582,-121.323531,LAM NGUYEN & VY THI,,SACRAMENTO,CA,95829.0,113220.0,,113220.0,2024.0,,0.0,RES/SINGLE FAMILY/SUBDIVISION,A1A00A,1001.0,SINGLE FAMILY RESIDENTIAL,RD-7,0.0,,2125.0,,2125.0,2.0,,4.0,,,,,20240125.0,569000.0,UNINCORPORATED COUNTY,617700307910787071,Tier 2: Zero Improvement,occupied_structure_missing_improvement_data
12208600880000,122-0860-088-0000,7654 STRINGER WAY,SACRAMENTO,CA,95829.0,38.479661,-121.322066,KAUR MANJOT & SARABJIT SINGH,,SACRAMENTO,CA,95829.0,121380.0,,121380.0,2024.0,,0.0,RES/SINGLE FAMILY/SUBDIVISION,A1A00A,1001.0,SINGLE FAMILY RESIDENTIAL,RD-7,0.0,,2379.0,,2379.0,2.0,,4.0,,,,,20240215.0,572500.0,UNINCORPORATED COUNTY,617700307900039167,Tier 2: Zero Improvement,occupied_structure_missing_improvement_data
12208601530000,122-0860-153-0000,10011 FLETCHING WAY,SACRAMENTO,CA,95829.0,38.481402,-121.321086,VPTM WILDHAWK LB LLC,,MINNEAPOLIS,MN,55402.0,77506.0,,77506.0,2024.0,,0.0,RES/SINGLE FAMILY/SUBDIVISION,A1A00A,1001.0,SINGLE FAMILY RESIDENTIAL,RD-7,0.0,,2442.0,2023.0,2442.0,2.0,,3.0,,,,,,,UNINCORPORATED COUNTY,617700307900039167,Tier 2: Zero Improvement,occupied_structure_missing_improvement_data
12208601520000,122-0860-152-0000,10007 FLETCHING WAY,SACRAMENTO,CA,95829.0,38.481402,-121.32126,VPTM WILDHAWK LB LLC,,MINNEAPOLIS,MN,55402.0,77506.0,,77506.0,2024.0,,0.0,RES/SINGLE FAMILY/SUBDIVISION,A1A00A,1001.0,SINGLE FAMILY RESIDENTIAL,RD-7,0.0,,2188.0,2023.0,2188.0,2.0,,3.0,,,,,,,UNINCORPORATED COUNTY,617700307900039167,Tier 2: Zero Improvement,occupied_structure_missing_improvement_data
12208601540000,122-0860-154-0000,10015 FLETCHING WAY,SACRAMENTO,CA,95829.0,38.481397,-121.320909,VPTM WILDHAWK LB LLC,,MINNEAPOLIS,MN,55402.0,77619.0,,77619.0,2024.0,,0.0,RES/SINGLE FAMILY/SUBDIVISION,A1A00A,1001.0,SINGLE FAMILY RESIDENTIAL,RD-7,0.0,,2383.0,2023.0,2383.0,2.0,,3.0,,,,,,,UNINCORPORATED COUNTY,617700307900039167,Tier 2: Zero Improvement,occupied_structure_missing_improvement_data
12208601090000,122-0860-109-0000,7624 LONGBOW WAY,SACRAMENTO,CA,95829.0,38.480808,-121.321378,TAYLOR MORRISON OF CALIFORNIA LLC,,FOLSOM,CA,95630.0,119000.0,,119000.0,2024.0,,0.0,RES/SINGLE FAMILY/SUBDIVISION,A1A00A,1001.0,SINGLE FAMILY RESIDENTIAL,RD-5,0.0,,2379.0,,2379.0,2.0,,4.0,,,,,20240709.0,644000.0,UNINCORPORATED COUNTY,617700307900039167,Tier 2: Zero Improvement,occupied_structure_missing_improvement_data
12208601110000,122-0860-111-0000,7632 LONGBOW WAY,SACRAMENTO,CA,95829.0,38.480534,-121.321376,TAYLOR MORRISON OF CALIFORNIA LLC,,FOLSOM,CA,95630.0,119000.0,,119000.0,2024.0,,0.0,RES/SINGLE FAMILY/SUBDIVISION,A1A00A,1001.0,SINGLE FAMILY RESIDENTIAL,RD-5,0.0,,2379.0,,2379.0,2.0,,4.0,,,,,20240716.0,704500.0,UNINCORPORATED COUNTY,617700307900039167,Tier 2: Zero Improvement,occupied_structure_missing_improvement_data
12208601100000,122-0860-110-0000,7628 LONGBOW WAY,SACRAMENTO,CA,95829.0,38.480671,-121.321377,TAYLOR MORRISON OF CALIFORNIA LLC,,FOLSOM,CA,95630.0,119000.0,,119000.0,2024.0,,0.0,RES/SINGLE FAMILY/SUBDIVISION,A1A00A,1001.0,SINGLE FAMILY RESIDENTIAL,RD-5,0.0,,2227.0,,2227.0,2.0,,4.0,,,,,20240717.0,595000.0,UNINCORPORATED COUNTY,617700307900039167,Tier 2: Zero Improvement,occupied_structure_missing_improvement_data
12208601480000,122-0860-148-0000,9991 FLETCHING WAY,SACRAMENTO,CA,95829.0,38.481398,-121.321959,VPTM WILDHAWK LB LLC,,MINNEAPOLIS,MN,55402.0,77506.0,,77506.0,2024.0,,0.0,RES/SINGLE FAMILY/SUBDIVISION,A1A00A,1001.0,SINGLE FAMILY RESIDENTIAL,RD-7,0.0,,2002.0,2023.0,2002.0,2.0,,3.0,,,,,,,UNINCORPORATED COUNTY,617700307900039167,Tier 2: Zero Improvement,occupied_structure_missing_improvement_data
12208601380000,122-0860-138-0000,7629 LONGBOW WAY,SACRAMENTO,CA,95829.0,38.48063,-121.320955,TAYLOR MORRISON OF CALIFORNIA LLC,,FOLSOM,CA,95630.0,121380.0,,121380.0,2024.0,,0.0,RES/SINGLE FAMILY/SUBDIVISION,A1A00A,1001.0,SINGLE FAMILY RESIDENTIAL,RD-5,0.0,,2188.0,,2188.0,2.0,,3.0,,,,,20240718.0,583500.0,UNINCORPORATED COUNTY,617700307900039167,Tier 2: Zero Improvement,occupied_structure_missing_improvement_data
12208601130000,122-0860-113-0000,7640 LONGBOW WAY,SACRAMENTO,CA,95829.0,38.48023,-121.321375,TAYLOR MORRISON OF CALIFORNIA LLC,,FOLSOM,CA,95630.0,119000.0,,119000.0,2024.0,,0.0,RES/SINGLE FAMILY/SUBDIVISION,A1A00A,1001.0,SINGLE FAMILY RESIDENTIAL,RD-5,0.0,,2379.0,,2379.0,2.0,,4.0,,,,,20240530.0,705500.0,UNINCORPORATED COUNTY,617700307900039167,Tier 2: Zero Improvement,occupied_structure_missing_improvement_data
12208601120000,122-0860-112-0000,7636 LONGBOW WAY,SACRAMENTO,CA,95829.0,38.48039,-121.321374,TAYLOR MORRISON OF CALIFORNIA LLC,,FOLSOM,CA,95630.0,119000.0,,119000.0,2024.0,,0.0,RES/SINGLE FAMILY/SUBDIVISION,A1A00A,1001.0,SINGLE FAMILY RESIDENTIAL,RD-5,0.0,,2188.0,,2188.0,2.0,,3.0,,,,,20240530.0,570500.0,UNINCORPORATED COUNTY,617700307900039167,Tier 2: Zero Improvement,occupied_structure_missing_improvement_data
12208601140000,122-0860-114-0000,7648 LONGBOW WAY,SACRAMENTO,CA,95829.0,38.479951,-121.321372,TAYLOR MORRISON OF CALIFORNIA LLC,,FOLSOM,CA,95630.0,121380.0,,121380.0,2024.0,,0.0,RES/SINGLE FAMILY/SUBDIVISION,A1A00A,1001.0,SINGLE FAMILY RESIDENTIAL,RD-5,0.0,,2379.0,,2379.0,2.0,,4.0,,,,,20240530.0,6370000.0,UNINCORPORATED COUNTY,617700307900039167,Tier 2: Zero Improvement,occupied_structure_missing_improvement_data
12208601150000,122-0860-115-0000,7652 LONGBOW WAY,SACRAMENTO,CA,95829.0,38.479802,-121.321369,TAYLOR MORRISON OF CALIFORNIA LLC,,FOLSOM,CA,95630.0,121380.0,,121380.0,2024.0,,0.0,RES/SINGLE FAMILY/SUBDIVISION,A1A00A,1001.0,SINGLE FAMILY RESIDENTIAL,RD-5,0.0,,2188.0,,2188.0,2.0,,3.0,,,,,20240828.0,587000.0,UNINCORPORATED COUNTY,617700307900039167,Tier 2: Zero Improvement,occupied_structure_missing_improvement_data
12208700740000,122-0870-074-0000,7643 BROADHEAD WAY,SACRAMENTO,CA,95829.0,38.480022,-121.320249,TAYLOR MORRISON OF CALIFORNIA LLC,,FOLSOM,CA,95630.0,111000.0,,111000.0,2024.0,,0.0,RES/SINGLE FAMILY/SUBDIVISION,A1A00A,1001.0,SINGLE FAMILY RESIDENTIAL,RD-5,0.0,,2248.0,,2248.0,2.0,,4.0,,,,,20240605.0,582000.0,UNINCORPORATED COUNTY,617700307900039167,Tier 2: Zero Improvement,occupied_structure_missing_improvement_data
12208700730000,122-0870-073-0000,7647 BROADHEAD WAY,SACRAMENTO,CA,95829.0,38.479898,-121.320247,TAYLOR MORRISON OF CALIFORNIA LLC,,FOLSOM,CA,95630.0,111000.0,,111000.0,2024.0,,0.0,RES/SINGLE FAMILY/SUBDIVISION,A1A00A,1001.0,SINGLE FAMILY RESIDENTIAL,RD-5,0.0,,2125.0,,2125.0,2.0,,4.0,,,,,20240820.0,630500.0,UNINCORPORATED COUNTY,617700307900039167,Tier 2: Zero Improvement,occupied_structure_missing_improvement_data
12208700720000,122-0870-072-0000,7651 BROADHEAD WAY,SACRAMENTO,CA,95829.0,38.479774,-121.320246,TAYLOR MORRISON OF CALIFORNIA LLC,,FOLSOM,CA,95630.0,111000.0,,111000.0,2024.0,,0.0,RES/SINGLE FAMILY/SUBDIVISION,A1A00A,1001.0,SINGLE FAMILY RESIDENTIAL,RD-5,0.0,,2002.0,,2002.0,2.0,,3.0,,,,,20240626.0,565000.0,UNINCORPORATED COUNTY,617700307900039167,Tier 2: Zero Improvement,occupied_structure_missing_improvement_data
12208700710000,122-0870-071-0000,7655 BROADHEAD WAY,SACRAMENTO,CA,95829.0,38.479651,-121.320245,TAYLOR MORRISON OF CALIFORNIA LLC,,FOLSOM,CA,95630.0,111000.0,,111000.0,2024.0,,0.0,RES/SINGLE FAMILY/SUBDIVISION,A1A00A,1001.0,SINGLE FAMILY RESIDENTIAL,RD-5,0.0,,2125.0,,2125.0,2.0,,4.0,,,,,20240605.0,601500.0,UNINCORPORATED COUNTY,617700307899777023,Tier 2: Zero Improvement,occupied_structure_missing_improvement_data
12208700700000,122-0870-070-0000,7659 BROADHEAD WAY,SACRAMENTO,CA,95829.0,38.479527,-121.320244,TAYLOR MORRISON OF CALIFORNIA LLC,,FOLSOM,CA,95630.0,111000.0,,111000.0,2024.0,,0.0,RES/SINGLE FAMILY/SUBDIVISION,A1A00A,1001.0,SINGLE FAMILY RESIDENTIAL,RD-5,0.0,,2248.0,,2248.0,2.0,,4.0,,,,,20240606.0,565000.0,UNINCORPORATED COUNTY,617700307899777023,Tier 2: Zero Improvement,occupied_structure_missing_improvement_data
12208700690000,122-0870-069-0000,7663 BROADHEAD WAY,SACRAMENTO,CA,95829.0,38.479404,-121.320243,TAYLOR MORRISON OF CALIFORNIA LLC,,FOLSOM,CA,95630.0,111000.0,,111000.0,2024.0,,0.0,RES/SINGLE FAMILY/SUBDIVISION,A1A00A,1001.0,SINGLE FAMILY RESIDENTIAL,RD-5,0.0,,2125.0,,2125.0,2.0,,4.0,,,,,20240606.0,559000.0,UNINCORPORATED COUNTY,617700307899777023,Tier 2: Zero Improvement,occupied_structure_missing_improvement_data
06601000660000,066-0100-066-0000,EXCELSIOR RD,SACRAMENTO,CA,95829.0,38.49015,-121.300691,SOUTHGATE RECREATION & PARK DISTRICT,,SACRAMENTO,CA,95823.0,,,,2024.0,19870826.0,0.0,VACANT RESIDENTIAL,IAGAAA,8001.0,RESIDENTIAL-VACANT LAND,AG-20,32.869999,AC,,,,,,,,,,,,,UNINCORPORATED COUNTY,617700308163493887,Tier 1: Coded Vacant,public_park_or_recreation_agency
11900700850000,819-0001-197-0000,3950 MACK RD SPC 197,SACRAMENTO,CA,95823.0,38.475768,-121.462818,BUCIO RAMIRO MEDINA EVANGELINA,,SACRAMENTO,CA,95823.0,,,,2024.0,,0.0,MOBILE HOME/ON LEASED LAND/MH PARK,ATA00A,1006.0,MOBILE/MANUFACTURED HOME (REGARDLESS OF LAND OWNERSHIP),A,0.0,,1344.0,1983.0,1344.0,1.0,,4.0,,,,,,,CITY OF SACRAMENTO,617700154697580543,Tier 2: Zero Improvement,occupied_structure_missing_improvement_data
05301410210000,053-0141-021-0000,7915 ANN ARBOR WAY,SACRAMENTO,CA,95832.0,38.469878,-121.464052,SACRAMENTO REGIONAL TRANSIT DISTRICT,,SACRAMENTO,CA,95812.0,,,,2024.0,,0.0,RES/SINGLE FAMILY/SUBDIVISION,A1A00A,1001.0,SINGLE FAMILY RESIDENTIAL,R-1,6534.0,SF,1360.0,1970.0,1360.0,1.0,,4.0,,,,,20110711.0,,CITY OF SACRAMENTO,617700154690764799,Tier 2: Zero Improvement,occupied_structure_missing_improvement_data
05301410220000,053-0141-022-0000,7923 ANN ARBOR WAY,SACRAMENTO,CA,95832.0,38.469717,-121.464,SACRAMENTO REGIONAL TRANSIT DISTRICT,,SACRAMENTO,CA,95812.0,,,,2024.0,20091022.0,0.0,RES/SINGLE FAMILY/SUBDIVISION,A1A00A,1001.0,SINGLE FAMILY RESIDENTIAL,R-1,6534.0,SF,1174.0,1970.0,1174.0,1.0,,3.0,,,,,20091022.0,,CITY OF SACRAMENTO,617700154690764799,Tier 2: Zero Improvement,occupied_structure_missing_improvement_data
06713600780000,067-1360-078-0000,4324 LACE FERN ST,RANCHO CORDOVA,CA,95742.0,38.54639,-121.198415,WOODSIDE 05N LP,,FOLSOM,CA,95630.0,78211.0,,78211.0,2024.0,,0.0,RES/SINGLE FAMILY/SUBDIVISION,A1A00A,1001.0,SINGLE FAMILY RESIDENTIAL,RD 10 (SDS,0.0,,1665.0,,1665.0,2,,3.0,,,,,20240626.0,592000.0,UNINCORPORATED COUNTY,617700310534586367,Tier 2: Zero Improvement,occupied_structure_missing_improvement_data
06713600770000,067-1360-077-0000,4328 LACE FERN ST,RANCHO CORDOVA,CA,95742.0,38.54626,-121.198419,WOODSIDE 05N LP,,FOLSOM,CA,95630.0,78211.0,,78211.0,2024.0,,0.0,RES/SINGLE FAMILY/SUBDIVISION,A1A00A,1001.0,SINGLE FAMILY RESIDENTIAL,RD 10 (SDS,0.0,,2349.0,,2349.0,2,,5.0,,,,,20240627.0,641500.0,UNINCORPORATED COUNTY,617700310534586367,Tier 2: Zero Improvement,occupied_structure_missing_improvement_data
06713600760000,067-1360-076-0000,4329 LACE FERN ST,RANCHO CORDOVA,CA,95742.0,38.546257,-121.197906,WOODSIDE 05N LP,,FOLSOM,CA,95630.0,78211.0,,78211.0,2024.0,,0.0,RES/SINGLE FAMILY/SUBDIVISION,A1A00A,1001.0,SINGLE FAMILY RESIDENTIAL,RD 10 (SDS,0.0,,2074.0,2023.0,2074.0,2,,4.0,,,,,20240724.0,598500.0,UNINCORPORATED COUNTY,617700310534586367,Tier 2: Zero Improvement,occupied_structure_missing_improvement_data
06713601310000,067-1360-131-0000,4305 CASTLE CRAG ST,RANCHO CORDOVA,CA,95742.0,38.546922,-121.196052,WOODSIDE 05N LP,,FOLSOM,CA,95630.0,87960.0,,87960.0,2024.0,,0.0,RES/SINGLE FAMILY/SUBDIVISION,A1A00A,1001.0,SINGLE FAMILY RESIDENTIAL,RD 7 (SDSP,0.0,,2433.0,2023.0,2433.0,2,,4.0,,,,,,,UNINCORPORATED COUNTY,617700310534586367,Tier 2: Zero Improvement,occupied_structure_missing_improvement_data
06713601300000,067-1360-130-0000,4301 CASTLE CRAG ST,RANCHO CORDOVA,CA,95742.0,38.547059,-121.196048,WOODSIDE 05N LP,,FOLSOM,CA,95630.0,87960.0,,87960.0,2024.0,,0.0,RES/SINGLE FAMILY/SUBDIVISION,A1A00A,1001.0,SINGLE FAMILY RESIDENTIAL,RD 7 (SDSP,0.0,,2054.0,2023.0,2054.0,1,,4.0,,,,,20240828.0,677000.0,UNINCORPORATED COUNTY,617700310534586367,Tier 2: Zero Improvement,occupied_structure_missing_improvement_data
06713601330000,067-1360-133-0000,4313 CASTLE CRAG ST,RANCHO CORDOVA,CA,95742.0,38.546675,-121.196055,WOODSIDE 05N LP,,FOLSOM,CA,95630.0,87960.0,,87960.0,2024.0,,0.0,RES/SINGLE FAMILY/SUBDIVISION,A1A00A,1001.0,SINGLE FAMILY RESIDENTIAL,RD 7 (SDSP,0.0,,1868.0,2023.0,1868.0,1,,3.0,2.0,,,,20241003.0,670500.0,UNINCORPORATED COUNTY,617700310534586367,Tier 2: Zero Improvement,occupied_structure_missing_improvement_data
06713601320000,067-1360-132-0000,4309 CASTLE CRAG ST,RANCHO CORDOVA,CA,95742.0,38.546799,-121.196054,WOODSIDE 05N LP,,FOLSOM,CA,95630.0,87960.0,,87960.0,2024.0,,0.0,RES/SINGLE FAMILY/SUBDIVISION,A1A00A,1001.0,SINGLE FAMILY RESIDENTIAL,RD 7 (SDSP,0.0,,1868.0,2023.0,1868.0,1,,3.0,,,,,20240826.0,618000.0,UNINCORPORATED COUNTY,617700310534586367,Tier 2: Zero Improvement,occupied_structure_missing_improvement_data
06713700270000,067-1370-027-0000,4312 NOBELTON WAY,RANCHO CORDOVA,CA,95742.0,38.546667,-121.194814,WOODSIDE 05N LP,,FOLSOM,CA,95630.0,87960.0,,87960.0,2024.0,,0.0,RES/SINGLE FAMILY/SUBDIVISION,A1A00A,1001.0,SINGLE FAMILY RESIDENTIAL,RD 7 (SDSP,0.0,,2567.0,2023.0,2567.0,2,,4.0,,,,,,,UNINCORPORATED COUNTY,617700310534586367,Tier 2: Zero Improvement,occupied_structure_missing_improvement_data
06713701280000,067-1370-128-0000,4318 MORO CANYON ST,RANCHO CORDOVA,CA,95742.0,38.546578,-121.191259,WOODSIDE 05N LP,,FOLSOM,CA,95630.0,107567.0,,107567.0,2024.0,,0.0,RES/SINGLE FAMILY/SUBDIVISION,A1A00A,1001.0,SINGLE FAMILY RESIDENTIAL,RD 5 (SDSP,0.0,,3105.0,2023.0,3105.0,2,,4.0,,,,,,,UNINCORPORATED COUNTY,617700310538256383,Tier 2: Zero Improvement,occupied_structure_missing_improvement_data
06713701270000,067-1370-127-0000,4322 MORO CANYON ST,RANCHO CORDOVA,CA,95742.0,38.546427,-121.19126,WOODSIDE 05N LP,,FOLSOM,CA,95630.0,107567.0,,107567.0,2024.0,,0.0,RES/SINGLE FAMILY/SUBDIVISION,A1A00A,1001.0,SINGLE FAMILY RESIDENTIAL,RD 5 (SDSP,0.0,,3523.0,2023.0,3523.0,2,,5.0,,,,,20240925.0,986500.0,UNINCORPORATED COUNTY,617700310538256383,Tier 2: Zero Improvement,occupied_structure_missing_improvement_data
12600800170000,126-0080-017-0000,12737 MEISS RD,SLOUGHHOUSE,CA,95683.0,38.494986,-121.191436,NATL SOCIETY DAUGHTERS UTAH PINRS,,SACRAMENTO,CA,95830.0,174.0,,174.0,2024.0,19731105.0,0.0,CEMETERY,DFC00A,9108.0,CEMETERY (EXEMPT),AG-80,1.52,AC,,,,,,,,,,,,,UNINCORPORATED COUNTY,617700310563422207,Tier 2: Zero Improvement,inherently_active_use_parking_airport_cemetery
07301210090000,820-0901-295-0000,14193 FLAGSTAFF DR,RANCHO MURIETA,CA,95683.0,38.502313,-121.1301,SUCKLE HENRY M,,WILTON,CA,95693.0,,,,2024.0,19980723.0,0.0,MOBILE HOME/ON PRIVATE LAND/NOT MH PARK,ATC00A,1006.0,MOBILE/MANUFACTURED HOME (REGARDLESS OF LAND OWNERSHIP),,0.0,,720.0,1968.0,720.0,1,,2.0,,,,,,,UNINCORPORATED COUNTY,617700307184123903,Tier 2: Zero Improvement,occupied_structure_missing_improvement_data
07301900680000,073-0190-068-0000,7191 MURIETA PKWY,RANCHO MURIETA,CA,95683.0,38.497514,-121.095066,RANCHO MURIETA ASSOCIATION,,RANCHO MURIETA,CA,95683.0,,,,2024.0,19930526.0,0.0,GENERAL OFFICE,CAA00A,3003.0,OFFICE BLDG (GENERAL),RD-30 (PD),1.6,AC,7052.0,1974.0,7052.0,1,,,,,,,,,UNINCORPORATED COUNTY,617700309570682879,Tier 2: Zero Improvement,occupied_structure_missing_improvement_data
07309400350000,073-0940-035-0000,7157 VIA BERNINI,RANCHO MURIETA,CA,95683.0,38.49811,-121.087995,K HOVNANIAN HOMES NORTHERN CALIFORNIA INC,,ROSEVILLE,CA,95661.0,198877.0,,198877.0,2024.0,,0.0,RES/SINGLE FAMILY/SUBDIVISION,A1A00A,1001.0,SINGLE FAMILY RESIDENTIAL,RD-4 (PD),0.0,,3025.0,,3025.0,1,,4.0,,,,,20240830.0,876000.0,UNINCORPORATED COUNTY,617700309574352895,Tier 2: Zero Improvement,occupied_structure_missing_improvement_data
07307900100000,073-0790-010-0000,15217 JACKSON RD,RANCHO MURIETA,CA,95683.0,38.485248,-121.079646,ROMAN CATHOLIC BISHOP SACRAMENTO,,SACRAMENTO,CA,95818.0,130337.0,,130337.0,2024.0,20020201.0,0.0,CEMETERY,DFC00A,9108.0,CEMETERY (EXEMPT),A-2 (PD),2.1800001,AC,,,,,,,,,,,20020201.0,,UNINCORPORATED COUNTY,617700309633597439,Tier 2: Zero Improvement,inherently_active_use_parking_airport_cemetery
13600300010000,136-0030-001-0000,9857 DILLARD RD,WILTON,CA,95693.0,38.399141,-121.256973,COUNTY OF SACRAMENTO,,SACRAMENTO,CA,95827.0,,,,2024.0,,0.0,RES/TWO FAMILY/2 SFU,A2A00A,1024.0,,A-10,39.0,AC,1400.0,1910.0,1400.0,1,,3.0,,,,,20190131.0,4500000.0,UNINCORPORATED COUNTY,617700307488210943,Tier 2: Zero Improvement,occupied_structure_missing_improvement_data
13802500530000,823-0901-105-0000,11320 ALTA MESA EAST RD,WILTON,CA,95693.0,38.346444,-121.215805,KNITTEL KERRY W & BULTZ LEGG DEANNA & ROGER M,,GALT,CA,95632.0,,,,2024.0,,0.0,MOBILE HOME/ON PRIVATE LAND/NOT MH PARK,ATC00A,1006.0,MOBILE/MANUFACTURED HOME (REGARDLESS OF LAND OWNERSHIP),,0.0,,500.0,1966.0,500.0,1,,2.0,,,,,,,UNINCORPORATED COUNTY,617700307355303935,Tier 2: Zero Improvement,occupied_structure_missing_improvement_data
13602900050000,136-0290-005-0000,9995 DARR LN,WILTON,CA,95693.0,38.363227,-121.194979,PHAM CHUONG H & THUY T,,WILTON,CA,95693.0,348471.0,,348471.0,2024.0,20031217.0,0.0,RES/SINGLE FAMILY/RURAL HOME(OVER 5 AC),A1E00E,1008.0,RURAL/AGRICULTURAL RESIDENCE,AG-20,20.0,AC,2124.0,1990.0,2124.0,1,,4.0,,,,,20031217.0,490000.0,UNINCORPORATED COUNTY,617700307274301439,Tier 2: Zero Improvement,occupied_structure_missing_improvement_data
13800900060000,138-0090-006-0000,11695 COLONY RD,GALT,CA,95632.0,38.332994,-121.236351,PARKER CHARLES FLOYD JR,,GALT,CA,95632.0,348772.0,,348772.0,2024.0,20061010.0,0.0,MOBILE HOME/ON PRIVATE LAND/NOT MH PARK,ATC00A,1006.0,MOBILE/MANUFACTURED HOME (REGARDLESS OF LAND OWNERSHIP),A-5,9.3699999,AC,1986.0,1999.0,1986.0,1,,3.0,,,,,20061010.0,,UNINCORPORATED COUNTY,617700312472092671,Tier 2: Zero Improvement,occupied_structure_missing_improvement_data
13802000590000,138-0200-059-0000,12154 CLAY STATION RD,HERALD,CA,95638.0,38.317388,-121.173646,CRUZ LEDEZMA ESTEBAN & ESTEBAN CRUZ LEDEZMA,,HERALD,CA,95638.0,184091.0,,184091.0,2024.0,,0.0,MOBILE HOME/PERMANENT FOUNDATION,ATF00A,1006.0,MOBILE/MANUFACTURED HOME (REGARDLESS OF LAND OWNERSHIP),A-10,9.7600002,AC,,1991.0,,1,,1.0,,,,,20131108.0,167500.0,UNINCORPORATED COUNTY,617700311201218559,Tier 2: Zero Improvement,occupied_structure_missing_improvement_data
13801500670000,138-0150-067-0000,11800 GIUSTI RD,HERALD,CA,95638.0,38.328347,-121.153237,COUNTY OF SACRAMENTO,,SACRAMENTO,CA,95827.0,,,,2024.0,19980513.0,0.0,PRIVATE CLUB,FH000A,4007.0,"CLUBS, LODGES, PROFESSIONAL ASSOCIATIONS",A-10,2.0,AC,1770.0,1969.0,1770.0,1,,,,,,,19980513.0,,UNINCORPORATED COUNTY,617700311452352511,Tier 2: Zero Improvement,occupied_structure_missing_improvement_data
14601100310000,146-0110-031-0000,,,,,38.251203,-121.510882,STATE OF CALIF,,SACRAMENTO,CA,95826.0,,,,2024.0,19880308.0,0.0,MARINA,FE000A,4003.0,"BOAT SLIPS, MARINA, YACHT CLUB (RECREATION/PLEASURE), BOAT LANDING",SPA,4.5900002,AC,39000.0,1990.0,39000.0,1,,,,,,,,,UNINCORPORATED COUNTY,617700158551621631,Tier 2: Zero Improvement,occupied_structure_missing_improvement_data
14601700680000,146-0170-068-0000,GROVE ST,WALNUT GROVE,CA,95690.0,38.24054,-121.50902,WILTON RANCHERIA,,ELK GROVE,CA,95624.0,10.0,,10.0,2024.0,,0.0,CEMETERY,DFC00A,9108.0,CEMETERY (EXEMPT),SPA,5.0,AC,,,,,,,,,,,,,UNINCORPORATED COUNTY,617700158550310911,Tier 2: Zero Improvement,inherently_active_use_parking_airport_cemetery
14601900220000,146-0190-022-0000,RIVER RD,WALNUT GROVE,CA,95690.0,38.235278,-121.513573,SALISBURY JAMES R C & JOHN H N,,WALNUT GROVE,CA,95690.0,898.0,,898.0,2024.0,19980113.0,0.0,CEMETERY,DFC00A,9108.0,CEMETERY (EXEMPT),AG-80,10254.0,SF,,,,,,,,,,,19980113.0,,UNINCORPORATED COUNTY,617700158557650943,Tier 2: Zero Improvement,inherently_active_use_parking_airport_cemetery
14601900230000,146-0190-023-0000,RIVER RD,WALNUT GROVE,CA,95690.0,38.235197,-121.513489,KRUSE DONALD P & CARL R & BARBARA ROSE,,POWAY,CA,92064.0,9.0,,9.0,2024.0,19851127.0,0.0,CEMETERY,DFC00A,9108.0,CEMETERY (EXEMPT),AG-80,506.0,SF,,,,,,,,,,,,,UNINCORPORATED COUNTY,617700158557650943,Tier 2: Zero Improvement,inherently_active_use_parking_airport_cemetery
15700150040000,157-0015-004-0000,JACKSON BLVD,ISLETON,CA,95641.0,38.161145,-121.612591,CITY OF ISLETON,,ISLETON,CA,95641.0,,,,2024.0,19770915.0,0.0,SMALL RETAIL-ONE TENANT,BAA00A,2001.0,"RETAIL STORES ( PERSONAL SERVICES, PHOTOGRAPHY, TRAVEL)",RCO,14270.0,SF,4800.0,1930.0,4800.0,1,,,,,,,,,UNINCORPORATED COUNTY,617700156758556671,Tier 2: Zero Improvement,occupied_structure_missing_improvement_data
15700250010000,157-0025-001-0000,400 2ND ST,ISLETON,CA,95641.0,38.161925,-121.609836,UNITED STATES POSTAL SERVICE ETAL,,SOUTH SAN FRANCISCO,CA,94080.0,,,,2024.0,19970430.0,0.0,POST OFFICE,CFA00A,9205.0,POST OFFICE,RCO,10260.0,SF,2734.0,1967.0,2734.0,1.0,,,,,,,19970430.0,,UNINCORPORATED COUNTY,617700156758556671,Tier 2: Zero Improvement,occupied_structure_missing_improvement_data
20116200050000,201-1620-005-0000,6105 BRIDGECROSS DR,SACRAMENTO,CA,95835.0,38.681782,-121.505952,NGC NORTHPOINTE RESERVE LLC,,GOLD RIVER,CA,95670.0,44654.0,,44654.0,2024.0,,0.0,RES/SINGLE FAMILY/ROW HOUSE,A1H00A,1007.0,ROW HOUSE (RESIDENTIAL),C-1-PUD,0.0,,1414.0,,1414.0,2.0,,3.0,,,,,,,CITY OF SACRAMENTO,617700316137652223,Tier 2: Zero Improvement,occupied_structure_missing_improvement_data
20116200040000,201-1620-004-0000,6099 BRIDGECROSS DR,SACRAMENTO,CA,95835.0,38.681786,-121.505872,NGC NORTHPOINTE RESERVE LLC,,GOLD RIVER,CA,95670.0,44654.0,,44654.0,2024.0,,0.0,RES/SINGLE FAMILY/ROW HOUSE,A1H00A,1007.0,ROW HOUSE (RESIDENTIAL),C-1-PUD,0.0,,1414.0,,1414.0,2.0,,3.0,,,,,,,CITY OF SACRAMENTO,617700316137652223,Tier 2: Zero Improvement,occupied_structure_missing_improvement_data
21402900110000,214-0290-011-0000,BLACKTOP RD,RIO LINDA,CA,95673.0,38.682362,-121.481631,LARANE INVESTMENTS LLC (ADESA CALIFORNIA LLC),,NEWCASTLE,CA,95658.0,464232.0,46420.0,510652.0,2024.0,20030618.0,0.0,PARKING LOT,BFH00A,2036.0,PARKING LOT,M-2,2.29,AC,2050.0,,2050.0,,,,,,,,20030618.0,,UNINCORPORATED COUNTY,617700316179333119,Tier 3: Parking/Abandoned,occupied_structure_missing_improvement_data
22524200430000,225-2420-043-0000,4386 LIBYAN SEA LN,SACRAMENTO,CA,95834.0,38.650981,-121.548106,DEPARTMENT OF VETERAN AFFAIRS STATE OF CALIFORNIA,,SACRAMENTO,CA,95814.0,,,,2024.0,,0.0,RES/SINGLE FAMILY/SUBDIVISION,A1A00A,1001.0,SINGLE FAMILY RESIDENTIAL,R-1-PUD,5460.0,SF,1703.0,,1703.0,1.0,,2.0,,,,,20240816.0,560000.0,CITY OF SACRAMENTO,617700315853750271,Tier 2: Zero Improvement,occupied_structure_missing_improvement_data
22521300010000,225-2130-001-0000,2093 ARENA BLVD,SACRAMENTO,CA,95834.0,38.648388,-121.511991,UNITED MEXICAN STATES CONSULATE GEN OF MEXICO,,SACRAMENTO,CA,95814.0,,,,2024.0,20091224.0,0.0,GENERAL OFFICE,CAB00E,3004.0,OFFICE BLDG (MULTI-STORY),EC-40-PUD,19123.0,SF,32721.0,2009.0,32721.0,2,,,,,,,20091224.0,4830000.0,CITY OF SACRAMENTO,617700315957559295,Tier 2: Zero Improvement,occupied_structure_missing_improvement_data
22522100080000,225-2210-008-0000,4106 E COMMERCE WAY,SACRAMENTO,CA,95834.0,38.64554,-121.518849,CALIFORNIA STATE LOTTERY,,SACRAMENTO,CA,95811.0,,,,2024.0,20080109.0,0.0,GENERAL OFFICE,CAA00A,3003.0,OFFICE BLDG (GENERAL),EC-40-PUD,12120.0,SF,9490.0,2007.0,9490.0,1,,,,,,,20080109.0,,CITY OF SACRAMENTO,617700315958345727,Tier 2: Zero Improvement,occupied_structure_missing_improvement_data
22502200600000,225-0220-060-0000,3100 EL CENTRO RD,SACRAMENTO,CA,95833.0,38.62318,-121.537085,JOHN ARRILLAGAS SURVIVORS TRUST,,PALO ALTO,CA,94303.0,353482.0,,353482.0,2024.0,,0.0,RES/SINGLE FAMILY/RURAL HOME(OVER 5 AC),A1E0HA,1008.0,RURAL/AGRICULTURAL RESIDENCE,AG-20,9.9200001,AC,1011.0,1919.0,1011.0,1.0,,3.0,,,,,20141110.0,,UNINCORPORATED COUNTY,617700315933442047,Tier 2: Zero Improvement,occupied_structure_missing_improvement_data
05302000680000,053-0200-068-0000,8101 VESSEL WAY,SACRAMENTO,CA,95832.0,38.464866,-121.488543,ONG GLADYS POLINTAN & DARREN ROSS ALTABANO BALBAS,,SACRAMENTO,CA,95832.0,114260.0,,114260.0,2024.0,,0.0,RES/SINGLE FAMILY/SUBDIVISION,A1A00A,1001.0,SINGLE FAMILY RESIDENTIAL,R-1A-PUD,0.0,,2871.0,2023.0,2871.0,2.0,,4.0,,,,,20240321.0,765000.0,CITY OF SACRAMENTO,617700154662977535,Tier 2: Zero Improvement,occupied_structure_missing_improvement_data
05302000340000,053-0200-034-0000,2001 DELTA VIEW AVE,SACRAMENTO,CA,95832.0,38.463355,-121.489266,MHRP & SIGNATURE HOMES JV I LLC,,PLEASANTON,CA,94588.0,114260.0,,114260.0,2024.0,,0.0,RES/SINGLE FAMILY/SUBDIVISION,A1A00A,1001.0,SINGLE FAMILY RESIDENTIAL,R-1A-PUD,0.0,,2500.0,,2500.0,2.0,,5.0,,,,,20240801.0,763000.0,CITY OF SACRAMENTO,617700154662977535,Tier 2: Zero Improvement,occupied_structure_missing_improvement_data
05302000350000,053-0200-035-0000,2007 DELTA VIEW AVE,SACRAMENTO,CA,95832.0,38.463344,-121.48905,MHRP & SIGNATURE HOMES JV I LLC,,PLEASANTON,CA,94588.0,114260.0,,114260.0,2024.0,,0.0,RES/SINGLE FAMILY/SUBDIVISION,A1A00A,1001.0,SINGLE FAMILY RESIDENTIAL,R-1A-PUD,0.0,,2685.0,,2685.0,2.0,,4.0,,,,,20240807.0,764500.0,CITY OF SACRAMENTO,617700154662977535,Tier 2: Zero Improvement,occupied_structure_missing_improvement_data
05302000380000,053-0200-038-0000,2025 DELTA VIEW AVE,SACRAMENTO,CA,95832.0,38.463312,-121.488433,MHRP & SIGNATURE HOMES JV I LLC,,PLEASANTON,CA,94588.0,114260.0,,114260.0,2024.0,,0.0,RES/SINGLE FAMILY/SUBDIVISION,A1A00A,1001.0,SINGLE FAMILY RESIDENTIAL,R-1A-PUD,0.0,,2685.0,,2685.0,2.0,,4.0,,,,,20240819.0,812000.0,CITY OF SACRAMENTO,617700154662977535,Tier 2: Zero Improvement,occupied_structure_missing_improvement_data
05302000390000,053-0200-039-0000,2037 DELTA VIEW AVE,SACRAMENTO,CA,95832.0,38.463286,-121.487975,MHRP & SIGNATURE HOMES JV I LLC,,PLEASANTON,CA,94588.0,114260.0,,114260.0,2024.0,,0.0,RES/SINGLE FAMILY/SUBDIVISION,A1A00A,1001.0,SINGLE FAMILY RESIDENTIAL,R-1A-PUD,0.0,,2500.0,,2500.0,2.0,,5.0,,,,,20240822.0,787500.0,CITY OF SACRAMENTO,617700154662977535,Tier 2: Zero Improvement,occupied_structure_missing_improvement_data
05302000370000,053-0200-037-0000,2019 DELTA VIEW AVE,SACRAMENTO,CA,95832.0,38.463327,-121.48867,MHRP & SIGNATURE HOMES JV I LLC,,PLEASANTON,CA,94588.0,114260.0,,114260.0,2024.0,,0.0,RES/SINGLE FAMILY/SUBDIVISION,A1A00A,1001.0,SINGLE FAMILY RESIDENTIAL,R-1A-PUD,0.0,,2500.0,,2500.0,2.0,,5.0,,,,,20240823.0,715500.0,CITY OF SACRAMENTO,617700154662977535,Tier 2: Zero Improvement,occupied_structure_missing_improvement_data
05302000360000,053-0200-036-0000,2013 DELTA VIEW AVE,SACRAMENTO,CA,95832.0,38.463336,-121.488854,MHRP & SIGNATURE HOMES JV I LLC,,PLEASANTON,CA,94588.0,114260.0,,114260.0,2024.0,,0.0,RES/SINGLE FAMILY/SUBDIVISION,A1A00A,1001.0,SINGLE FAMILY RESIDENTIAL,R-1A-PUD,0.0,,2871.0,,2871.0,2.0,,4.0,,,,,20240809.0,792500.0,CITY OF SACRAMENTO,617700154662977535,Tier 2: Zero Improvement,occupied_structure_missing_improvement_data
05302000400000,053-0200-040-0000,2043 DELTA VIEW AVE,SACRAMENTO,CA,95832.0,38.463266,-121.48777,MHRP & SIGNATURE HOMES JV I LLC,,PLEASANTON,CA,94588.0,114260.0,,114260.0,2024.0,,0.0,RES/SINGLE FAMILY/SUBDIVISION,A1A00A,1001.0,SINGLE FAMILY RESIDENTIAL,R-1A-PUD,0.0,,2685.0,,2685.0,2.0,,4.0,,,,,20240828.0,780000.0,CITY OF SACRAMENTO,617700154662977535,Tier 2: Zero Improvement,occupied_structure_missing_improvement_data
05302000430000,053-0200-043-0000,2061 DELTA VIEW AVE,SACRAMENTO,CA,95832.0,38.463217,-121.487226,MHRP & SIGNATURE HOMES JV I LLC,,PLEASANTON,CA,94588.0,114260.0,,114260.0,2024.0,,0.0,RES/SINGLE FAMILY/SUBDIVISION,A1A00A,1001.0,SINGLE FAMILY RESIDENTIAL,R-1A-PUD,0.0,,2685.0,,2685.0,2.0,,4.0,,,,,20240930.0,772500.0,CITY OF SACRAMENTO,617700154662977535,Tier 2: Zero Improvement,occupied_structure_missing_improvement_data
05302000420000,053-0200-042-0000,2055 DELTA VIEW AVE,SACRAMENTO,CA,95832.0,38.463234,-121.487408,MHRP & SIGNATURE HOMES JV I LLC,,PLEASANTON,CA,94588.0,114260.0,,114260.0,2024.0,,0.0,RES/SINGLE FAMILY/SUBDIVISION,A1A00A,1001.0,SINGLE FAMILY RESIDENTIAL,R-1A-PUD,0.0,,2500.0,,2500.0,2.0,,5.0,,,,,,,CITY OF SACRAMENTO,617700154662977535,Tier 2: Zero Improvement,occupied_structure_missing_improvement_data
05302000410000,053-0200-041-0000,2049 DELTA VIEW AVE,SACRAMENTO,CA,95832.0,38.463251,-121.487589,MHRP & SIGNATURE HOMES JV I LLC,,PLEASANTON,CA,94588.0,114260.0,,114260.0,2024.0,,0.0,RES/SINGLE FAMILY/SUBDIVISION,A1A00A,1001.0,SINGLE FAMILY RESIDENTIAL,R-1A-PUD,0.0,,2871.0,,2871.0,2.0,,4.0,,,,,20240830.0,770000.0,CITY OF SACRAMENTO,617700154662977535,Tier 2: Zero Improvement,occupied_structure_missing_improvement_data
05301010030000,053-0101-003-0000,7774 SHRADER CIR,SACRAMENTO,CA,95832.0,38.47561,-121.468649,SWAIM MARTHA J,,SACRAMENTO,CA,95824.0,24622.0,,24622.0,2024.0,20120131.0,20000.0,RES/SINGLE FAMILY/SUBDIVISION,A1A00A,1001.0,SINGLE FAMILY RESIDENTIAL,R-1,13504.0,SF,1371.0,1961.0,1371.0,1.0,,4.0,,,,,20120131.0,20000.0,CITY OF SACRAMENTO,617700154697842687,Tier 2: Zero Improvement,occupied_structure_missing_improvement_data
05301410060000,053-0141-006-0000,7873 ANN ARBOR WAY,SACRAMENTO,CA,95832.0,38.471863,-121.465066,HOUSING AUTHORITY CITY OF SACRAMENTO,,SACRAMENTO,CA,95814.0,,,,2024.0,19760701.0,0.0,RES/SINGLE FAMILY/SUBDIVISION,A1A00A,1001.0,SINGLE FAMILY RESIDENTIAL,R-1,6970.0,SF,1360.0,1970.0,1360.0,1.0,,4.0,,,,,,,CITY OF SACRAMENTO,617700154690764799,Tier 2: Zero Improvement,occupied_structure_missing_improvement_data
05302100090000,053-0210-009-0000,2133 FRESHWATER WAY,SACRAMENTO,CA,95832.0,38.464585,-121.485532,KWIK TRISTAN & MARIO MAYO,,SACRAMENTO,CA,95832.0,108020.0,,108020.0,2024.0,,0.0,RES/SINGLE FAMILY/SUBDIVISION,A1A00A,1001.0,SINGLE FAMILY RESIDENTIAL,R-1A-PUD,0.0,,1940.0,2023.0,1940.0,2.0,,3.0,,,,,20240124.0,662500.0,CITY OF SACRAMENTO,617700154664550399,Tier 2: Zero Improvement,occupied_structure_missing_improvement_data
05302100070000,053-0210-007-0000,2141 FRESHWATER WAY,SACRAMENTO,CA,95832.0,38.464797,-121.485401,TORRES RICHARD A & TROY P FERRISS,,SACRAMENTO,CA,95832.0,108020.0,,108020.0,2024.0,,0.0,RES/SINGLE FAMILY/SUBDIVISION,A1A00A,1001.0,SINGLE FAMILY RESIDENTIAL,R-1A-PUD,0.0,,2518.0,2023.0,2518.0,2.0,,4.0,,,,,20240110.0,686500.0,CITY OF SACRAMENTO,617700154664550399,Tier 2: Zero Improvement,occupied_structure_missing_improvement_data
05302100060000,053-0210-006-0000,2145 FRESHWATER WAY,SACRAMENTO,CA,95832.0,38.464689,-121.485157,SINGH GURPARKASH & RAJWINDER KAUR SEKHON,,SACRAMENTO,CA,95832.0,108020.0,,108020.0,2024.0,,0.0,RES/SINGLE FAMILY/SUBDIVISION,A1A00A,1001.0,SINGLE FAMILY RESIDENTIAL,R-1A-PUD,0.0,,2145.0,2023.0,2145.0,2.0,,4.0,,,,,20240112.0,649500.0,CITY OF SACRAMENTO,617700154664550399,Tier 2: Zero Improvement,occupied_structure_missing_improvement_data
05302100050000,053-0210-005-0000,2149 FRESHWATER WAY,SACRAMENTO,CA,95832.0,38.46465,-121.485007,HO NANCY,,SACRAMENTO,CA,95832.0,108020.0,,108020.0,2024.0,,0.0,RES/SINGLE FAMILY/SUBDIVISION,A1A00A,1001.0,SINGLE FAMILY RESIDENTIAL,R-1A-PUD,0.0,,1940.0,2023.0,1940.0,2.0,,3.0,,,,,20240117.0,628500.0,CITY OF SACRAMENTO,617700154664550399,Tier 2: Zero Improvement,occupied_structure_missing_improvement_data
05302100040000,053-0210-004-0000,2153 FRESHWATER WAY,SACRAMENTO,CA,95832.0,38.464616,-121.48487,LO YAT LUNG MARCO & MAN WAI,,SACRAMENTO,CA,95832.0,108020.0,,108020.0,2024.0,,0.0,RES/SINGLE FAMILY/SUBDIVISION,A1A00A,1001.0,SINGLE FAMILY RESIDENTIAL,R-1A-PUD,0.0,,2518.0,2023.0,2518.0,2.0,,4.0,,,,,20240208.0,670000.0,CITY OF SACRAMENTO,617700154664550399,Tier 2: Zero Improvement,occupied_structure_missing_improvement_data
05302100030000,053-0210-003-0000,2157 FRESHWATER WAY,SACRAMENTO,CA,95832.0,38.464582,-121.484733,YU TOMMY & CLAUDIA LUM,,SACRAMENTO,CA,95832.0,108020.0,,108020.0,2024.0,,0.0,RES/SINGLE FAMILY/SUBDIVISION,A1A00A,1001.0,SINGLE FAMILY RESIDENTIAL,R-1A-PUD,0.0,,2367.0,2023.0,2367.0,2.0,,4.0,,,,,20240213.0,673000.0,CITY OF SACRAMENTO,617700154664550399,Tier 2: Zero Improvement,occupied_structure_missing_improvement_data
05302100020000,053-0210-002-0000,2161 FRESHWATER WAY,SACRAMENTO,CA,95832.0,38.464549,-121.484597,DS-8 LLC,,PLEASANTON,CA,94588.0,108020.0,,108020.0,2024.0,,0.0,RES/SINGLE FAMILY/SUBDIVISION,A1A00A,1001.0,SINGLE FAMILY RESIDENTIAL,R-1A-PUD,0.0,,2518.0,2023.0,2518.0,2.0,,4.0,,,,,,,CITY OF SACRAMENTO,617700154664550399,Tier 2: Zero Improvement,occupied_structure_missing_improvement_data
05302100010000,053-0210-001-0000,2203 FRESHWATER WAY,SACRAMENTO,CA,95832.0,38.464515,-121.48446,DS-8 LLC,,PLEASANTON,CA,94588.0,108020.0,,108020.0,2024.0,,0.0,RES/SINGLE FAMILY/SUBDIVISION,A1A00A,1001.0,SINGLE FAMILY RESIDENTIAL,R-1A-PUD,0.0,,1940.0,2023.0,1940.0,2.0,,3.0,2.0,,,,20241018.0,645000.0,CITY OF SACRAMENTO,617700154664550399,Tier 2: Zero Improvement,occupied_structure_missing_improvement_data
05302100600000,053-0210-060-0000,2126 FRESHWATER WAY,SACRAMENTO,CA,95832.0,38.464226,-121.485213,CHOW GRIFFIN LIVING TRUST,,SACRAMENTO,CA,95832.0,108020.0,,108020.0,2024.0,,0.0,RES/SINGLE FAMILY/SUBDIVISION,A1A00A,1001.0,SINGLE FAMILY RESIDENTIAL,R-1A-PUD,0.0,,2367.0,2023.0,2367.0,2.0,,4.0,,,,,20240123.0,671500.0,CITY OF SACRAMENTO,617700154664550399,Tier 2: Zero Improvement,occupied_structure_missing_improvement_data
05302100590000,053-0210-059-0000,2122 FRESHWATER WAY,SACRAMENTO,CA,95832.0,38.464118,-121.485256,CHOW RIKI & CHRISTOPHER PRZYBYLSKI,,SACRAMENTO,CA,95832.0,108020.0,,108020.0,2024.0,,0.0,RES/SINGLE FAMILY/SUBDIVISION,A1A00A,1001.0,SINGLE FAMILY RESIDENTIAL,R-1A-PUD,0.0,,1940.0,2023.0,1940.0,2.0,,3.0,,,,,20240126.0,629500.0,CITY OF SACRAMENTO,617700154664550399,Tier 2: Zero Improvement,occupied_structure_missing_improvement_data
05302100610000,053-0210-061-0000,2146 FRESHWATER WAY,SACRAMENTO,CA,95832.0,38.464347,-121.485163,ALCALA GUTIERREZ JOSE LUIS & SOPHIA MARIA ESCOBAR,,SACRAMENTO,CA,95832.0,108020.0,,108020.0,2024.0,,0.0,RES/SINGLE FAMILY/SUBDIVISION,A1A00A,1001.0,SINGLE FAMILY RESIDENTIAL,R-1A-PUD,0.0,,2146.0,,2146.0,2.0,,4.0,,,,,20240119.0,630500.0,CITY OF SACRAMENTO,617700154664550399,Tier 2: Zero Improvement,occupied_structure_missing_improvement_data
05302100630000,053-0210-063-0000,8104 SEDIMENT ST,SACRAMENTO,CA,95832.0,38.464163,-121.484959,HECHTKOPF JASON & ERICA,,SACRAMENTO,CA,95832.0,108020.0,,108020.0,2024.0,,0.0,RES/SINGLE FAMILY/SUBDIVISION,A1A00A,1001.0,SINGLE FAMILY RESIDENTIAL,R-1A-PUD,0.0,,1940.0,2023.0,1940.0,2.0,,3.0,,,,,20240226.0,644500.0,CITY OF SACRAMENTO,617700154664550399,Tier 2: Zero Improvement,occupied_structure_missing_improvement_data
05302100650000,053-0210-065-0000,8112 SEDIMENT ST,SACRAMENTO,CA,95832.0,38.463948,-121.485045,FELICANO EDUARDO E & ANNALIZA A,,SACRAMENTO,CA,95832.0,108020.0,,108020.0,2024.0,,0.0,RES/SINGLE FAMILY/SUBDIVISION,A1A00A,1001.0,SINGLE FAMILY RESIDENTIAL,R-1A-PUD,0.0,,1940.0,,1940.0,2.0,,3.0,,,,,20240419.0,622500.0,CITY OF SACRAMENTO,617700154664550399,Tier 2: Zero Improvement,occupied_structure_missing_improvement_data
05302100640000,053-0210-064-0000,8108 SEDIMENT ST,SACRAMENTO,CA,95832.0,38.464056,-121.485002,DS-8 LLC,,PLEASANTON,CA,94588.0,108020.0,,108020.0,2024.0,,0.0,RES/SINGLE FAMILY/SUBDIVISION,A1A00A,1001.0,SINGLE FAMILY RESIDENTIAL,R-1A-PUD,0.0,,2518.0,,2518.0,2.0,,4.0,,,,,,,CITY OF SACRAMENTO,617700154664550399,Tier 2: Zero Improvement,occupied_structure_missing_improvement_data
05302100660000,053-0210-066-0000,8116 SEDIMENT ST,SACRAMENTO,CA,95832.0,38.463841,-121.485088,LEUNG KA MAN & SHUK YIN LEU,,SACRAMENTO,CA,95832.0,108020.0,,108020.0,2024.0,,0.0,RES/SINGLE FAMILY/SUBDIVISION,A1A00A,1001.0,SINGLE FAMILY RESIDENTIAL,R-1A-PUD,0.0,,2367.0,,2367.0,2.0,,4.0,,,,,20240416.0,677500.0,CITY OF SACRAMENTO,617700154664550399,Tier 2: Zero Improvement,occupied_structure_missing_improvement_data
05302100750000,053-0210-075-0000,8105 SEDIMENT ST,SACRAMENTO,CA,95832.0,38.464054,-121.484531,LUGTU BERNARDO L & ROSEMARIE P,,SACRAMENTO,CA,95832.0,108020.0,,108020.0,2024.0,,0.0,RES/SINGLE FAMILY/SUBDIVISION,A1A00A,1001.0,SINGLE FAMILY RESIDENTIAL,R-1A-PUD,0.0,,2518.0,2023.0,2518.0,2.0,,4.0,,,,,20240222.0,692000.0,CITY OF SACRAMENTO,617700154664550399,Tier 2: Zero Improvement,occupied_structure_missing_improvement_data
05302100740000,053-0210-074-0000,8109 SEDIMENT ST,SACRAMENTO,CA,95832.0,38.463944,-121.484575,HOU WENCHANG & KEYI,,SACRAMENTO,CA,95832.0,108020.0,,108020.0,2024.0,,0.0,RES/SINGLE FAMILY/SUBDIVISION,A1A00A,1001.0,SINGLE FAMILY RESIDENTIAL,R-1A-PUD,0.0,,1940.0,,1940.0,2.0,,3.0,,,,,20240319.0,628500.0,CITY OF SACRAMENTO,617700154664550399,Tier 2: Zero Improvement,occupied_structure_missing_improvement_data
05302100730000,053-0210-073-0000,8113 SEDIMENT ST,SACRAMENTO,CA,95832.0,38.463833,-121.484619,MERCADO MA KRISTINE,,SACRAMENTO,CA,95832.0,108020.0,,108020.0,2024.0,,0.0,RES/SINGLE FAMILY/SUBDIVISION,A1A00A,1001.0,SINGLE FAMILY RESIDENTIAL,R-1A-PUD,0.0,,2367.0,,2367.0,2.0,,4.0,,,,,20240328.0,686500.0,CITY OF SACRAMENTO,617700154664550399,Tier 2: Zero Improvement,occupied_structure_missing_improvement_data
05302100680000,053-0210-068-0000,8124 SEDIMENT ST,SACRAMENTO,CA,95832.0,38.46361,-121.48517,DS-8 LLC,,PLEASANTON,CA,94588.0,108020.0,,108020.0,2024.0,,0.0,RES/SINGLE FAMILY/SUBDIVISION,A1A00A,1001.0,SINGLE FAMILY RESIDENTIAL,R-1A-PUD,0.0,,2518.0,,2518.0,2.0,,4.0,,,,,,,CITY OF SACRAMENTO,617700154664550399,Tier 2: Zero Improvement,occupied_structure_missing_improvement_data
05302100670000,053-0210-067-0000,8120 SEDIMENT ST,SACRAMENTO,CA,95832.0,38.463727,-121.485134,TOM BRANDON DAVID & KAREN LOUIE,,SACRAMENTO,CA,95831.0,108020.0,,108020.0,2024.0,,0.0,RES/SINGLE FAMILY/SUBDIVISION,A1A00A,1001.0,SINGLE FAMILY RESIDENTIAL,R-1A-PUD,0.0,,1940.0,,1940.0,2.0,,3.0,,,,,20240524.0,648500.0,CITY OF SACRAMENTO,617700154664550399,Tier 2: Zero Improvement,occupied_structure_missing_improvement_data
05302100690000,053-0210-069-0000,2155 VALLEY DELTA WAY,SACRAMENTO,CA,95832.0,38.463484,-121.485205,BENIGNO ELVIS & LOLA GONZALEZ CAMPOS,,SACRAMENTO,CA,95832.0,108020.0,,108020.0,2024.0,,0.0,RES/SINGLE FAMILY/SUBDIVISION,A1A00A,1001.0,SINGLE FAMILY RESIDENTIAL,R-1A-PUD,0.0,,2143.0,,2143.0,2.0,,4.0,,,,,20240405.0,673000.0,CITY OF SACRAMENTO,617700154664550399,Tier 2: Zero Improvement,occupied_structure_missing_improvement_data
05302100700000,053-0210-070-0000,8125 SEDIMENT ST,SACRAMENTO,CA,95832.0,38.463446,-121.48479,DS-8 LLC,,PLEASANTON,CA,94588.0,108020.0,,108020.0,2024.0,,0.0,RES/SINGLE FAMILY/SUBDIVISION,A1A00A,1001.0,SINGLE FAMILY RESIDENTIAL,R-1A-PUD,0.0,,2143.0,,2143.0,2.0,,4.0,,,,,20240726.0,682500.0,CITY OF SACRAMENTO,617700154664550399,Tier 2: Zero Improvement,occupied_structure_missing_improvement_data
05302100720000,053-0210-072-0000,8117 SEDIMENT ST,SACRAMENTO,CA,95832.0,38.463716,-121.484664,DS-8 LLC,,PLEASANTON,CA,94588.0,108020.0,,108020.0,2024.0,,0.0,RES/SINGLE FAMILY/SUBDIVISION,A1A00A,1001.0,SINGLE FAMILY RESIDENTIAL,R-1A-PUD,0.0,,2518.0,,2518.0,2.0,,4.0,,,,,,,CITY OF SACRAMENTO,617700154664550399,Tier 2: Zero Improvement,occupied_structure_missing_improvement_data
05302100710000,053-0210-071-0000,8121 SEDIMENT ST,SACRAMENTO,CA,95832.0,38.463598,-121.484707,VANG MAI NHIA & TONG THAO,,SACRAMENTO,CA,95832.0,108020.0,,108020.0,2024.0,,0.0,RES/SINGLE FAMILY/SUBDIVISION,A1A00A,1001.0,SINGLE FAMILY RESIDENTIAL,R-1A-PUD,0.0,,2367.0,,2367.0,2.0,,4.0,,,,,20240403.0,695000.0,CITY OF SACRAMENTO,617700154664550399,Tier 2: Zero Improvement,occupied_structure_missing_improvement_data
11900500140000,822-0002-014-0000,8249 FREEPORT BLVD SPC 14,SACRAMENTO,CA,95832.0,38.458073,-121.500291,RODRIQUES DAVID J,,SACRAMENTO,CA,95832.0,,,,2024.0,,0.0,MOBILE HOME/ON LEASED LAND/MH PARK,ATA00A,1006.0,MOBILE/MANUFACTURED HOME (REGARDLESS OF LAND OWNERSHIP),C-O (NPA),0.0,,460.0,1959.0,460.0,1.0,,1.0,,,,,,,UNINCORPORATED COUNTY,617700154667958271,Tier 2: Zero Improvement,occupied_structure_missing_improvement_data
11901900400000,119-0190-040-0000,FREEPORT BLVD,SACRAMENTO,CA,95832.0,38.455935,-121.494817,CITY OF SACRAMENTO,,SACRAMENTO,CA,95814.0,,,,2024.0,19890824.0,0.0,GOLF COURSE (PUBLIC),FAB00A,4028.0,GOLF COURSE,RR,9.1499996,AC,1072.0,1974.0,1072.0,1,,,,,,,,,UNINCORPORATED COUNTY,617700154657996799,Tier 2: Zero Improvement,occupied_structure_missing_improvement_data
11902300780000,119-0230-078-0000,LAGUNA BLVD,ELK GROVE,CA,95758.0,38.429467,-121.481992,HARBOUR POINT SELF STORAGE LLC,,SHERMAN OAKS,CA,91413.0,861993.0,,861993.0,2024.0,20110922.0,5700000.0,MINI-STORAGE,GL0B0A,2031.0,"MINI-WAREHOUSE, SELF-STORAGE",LI,3.23,AC,,2001.0,,,,,0.0,,,,20110922.0,2850000.0,UNINCORPORATED COUNTY,617700154736377855,Tier 2: Zero Improvement,occupied_structure_missing_improvement_data
11902300810000,119-0230-081-0000,2323 LAGUNA BLVD,ELK GROVE,CA,95758.0,38.428153,-121.481506,AMERICAN PETROLEUM LLC,,CARMICHAEL,CA,95608.0,1945548.0,,1945548.0,2024.0,,0.0,SERVICE STATION,BFA0BA,2041.0,GAS STATION,LI,1.53,AC,4512.0,1998.0,4512.0,1,,,,,,,20211223.0,1870000.0,UNINCORPORATED COUNTY,617700154736377855,Tier 2: Zero Improvement,occupied_structure_missing_improvement_data
11901201430000,119-0120-143-0000,2300 MARITIME DR,ELK GROVE,CA,95758.0,38.41558,-121.481799,ELK GROVE COMMUNITY SERVICES DISTRICT,,ELK GROVE,CA,95624.0,9.0,,9.0,2024.0,,0.0,LIGHT INDUSTRIAL,GAGC0A,5002.0,LIGHT INDUSTRIAL (10% IMPROVED OFFICE SPACE; MACHINE SHOP),MP,0.0,,10010.0,1999.0,10010.0,,,,,,,,,,UNINCORPORATED COUNTY,617700154292043775,Tier 2: Zero Improvement,occupied_structure_missing_improvement_data
01401420060000,014-0142-006-0000,4025 BROADWAY,SACRAMENTO,CA,95817.0,38.547724,-121.460399,HOUSING AUTHORITY OF THE CITY OF SACRAMENTO,,SACRAMENTO,CA,95814.0,,,,2024.0,19780418.0,0.0,MULTI/LOW RISE APARTMENT/1-3 STY,AE000D,1112.0,APARTMENTS (GENERIC),R-2A-R,6970.0,SF,1025.0,1929.0,1025.0,1,,2.0,,,,,,,CITY OF SACRAMENTO,617700319956566015,Tier 2: Zero Improvement,occupied_structure_missing_improvement_data
01401420080000,014-0142-008-0000,4029 BROADWAY,SACRAMENTO,CA,95817.0,38.5473,-121.460475,HOUSING AUTHORITY OF THE CITY OF SACRAMENTO,,SACRAMENTO,CA,95814.0,,,,2024.0,19780418.0,0.0,MULTI/LOW RISE APARTMENT/1-3 STY,AE000D,1112.0,APARTMENTS (GENERIC),R-2A-R,10454.0,SF,989.0,1925.0,989.0,1,,2.0,,,,,,,CITY OF SACRAMENTO,617700319956566015,Tier 2: Zero Improvement,occupied_structure_missing_improvement_data
01402140280000,014-0214-028-0000,4114 8TH AVE,SACRAMENTO,CA,95817.0,38.544406,-121.458001,GORDON L & ELSIE A ROTH LIVING TRUST,,PLACERVILLE,CA,95667.0,2525.0,,2525.0,2024.0,,0.0,RES/SINGLE FAMILY/SUBDIVISION,A1A00A,1001.0,SINGLE FAMILY RESIDENTIAL,R-1,2614.0,SF,599.0,1947.0,599.0,1,,1.0,,,,,20100224.0,2000.0,CITY OF SACRAMENTO,617700319957352447,Tier 2: Zero Improvement,occupied_structure_missing_improvement_data
01402720350000,014-0272-035-0000,4121 14TH AVE,SACRAMENTO,CA,95820.0,38.539809,-121.459176,ST PAUL BAPTIST CHURCH OF SACRAMENTO,,SACRAMENTO,CA,95820.0,62601.0,58709.0,121310.0,2024.0,20001027.0,0.0,PARKING LOT,BFH00A,2036.0,PARKING LOT,R-1,13939.0,SF,,1965.0,,1,,1.0,1.0,,,,20001027.0,40000.0,CITY OF SACRAMENTO,617700320470106111,Tier 3: Parking/Abandoned,occupied_structure_missing_improvement_data
01402720360000,014-0272-036-0000,4127 14TH AVE,SACRAMENTO,CA,95820.0,38.539808,-121.458934,ST PAUL BAPTIST CHURCH OF SACRAMENTO,,SACRAMENTO,CA,95817.0,28163.0,58709.0,86872.0,2024.0,19980128.0,0.0,PARKING LOT,BFH00A,2036.0,PARKING LOT,R-1,13939.0,SF,870.0,1959.0,870.0,1,,3.0,1.0,,,,19980128.0,56500.0,CITY OF SACRAMENTO,617700320470106111,Tier 3: Parking/Abandoned,occupied_structure_missing_improvement_data
01500410180000,015-0041-018-0000,4600 BROADWAY,SACRAMENTO,CA,95820.0,38.546181,-121.452355,COUNTY OF SACRAMENTO,,SACRAMENTO,CA,95827.0,,,,2024.0,,0.0,MEDICAL/DENTAL OFFICES,CGB00A,3006.0,MEDICAL BLDG/CLINIC,C-2-SPD C-,3.9100001,AC,100000.0,2000.0,100000.0,2,,,,,,,,,CITY OF SACRAMENTO,617700319957876735,Tier 2: Zero Improvement,occupied_structure_missing_improvement_data
01102000610000,011-0200-061-0000,4875 BROADWAY,SACRAMENTO,CA,95820.0,38.547461,-121.450933,REGENTS OF THE UNIVERSITY CA,,OAKLAND,CA,94607.0,,,,2024.0,20120119.0,0.0,GENERAL OFFICE,CAB00A,3004.0,OFFICE BLDG (MULTI-STORY),OB-R,3.8199999,AC,68000.0,1989.0,68000.0,2,,,0.0,,,,20120119.0,,CITY OF SACRAMENTO,617700319947128831,Tier 2: Zero Improvement,occupied_structure_missing_improvement_data
01500410190000,015-0041-019-0000,4800 BROADWAY,SACRAMENTO,CA,95820.0,38.546101,-121.449242,COUNTY OF SACRAMENTO,,SACRAMENTO,CA,95827.0,,,,2024.0,,0.0,MEDICAL/DENTAL OFFICES,CGA0CA,3006.0,MEDICAL BLDG/CLINIC,OB,4.9000001,AC,88400.0,1992.0,88400.0,2,,,,,,,,,CITY OF SACRAMENTO,617700319947128831,Tier 2: Zero Improvement,occupied_structure_missing_improvement_data
01500410150000,015-0041-015-0000,4900 BROADWAY,SACRAMENTO,CA,95820.0,38.546087,-121.447294,REGENTS OF THE UNIVERSITY OF CALIFORNIA,,OAKLAND,CA,94607.0,,,,2024.0,19980514.0,0.0,OFFICE - SINGLE TENANT,CBB00A,3004.0,OFFICE BLDG (MULTI-STORY),OB,5.0999999,AC,109479.0,1997.0,109479.0,2,,,,,,,19980514.0,,CITY OF SACRAMENTO,617700319946866687,Tier 2: Zero Improvement,occupied_structure_missing_improvement_data
01102000470000,011-0200-047-0000,2901 50TH ST,SACRAMENTO,CA,95817.0,38.547498,-121.445591,STATE OF CALIFORNIA,,SACRAMENTO,CA,94280.0,,,,2024.0,19810217.0,0.0,OFFICE - SINGLE TENANT,CBA00A,3003.0,OFFICE BLDG (GENERAL),OB-R,7.5,AC,44970.0,1979.0,44970.0,1,,,,,,,,,CITY OF SACRAMENTO,617700319945818111,Tier 2: Zero Improvement,occupied_structure_missing_improvement_data
01502510810000,015-0251-081-0000,5073 13TH AVE,SACRAMENTO,CA,95820.0,38.540161,-121.446055,PLUMMER JAMES R,,SACRAMENTO,CA,95820.0,46897.0,,46897.0,2024.0,19880601.0,0.0,RES/SINGLE FAMILY/SUBDIVISION,A1A00A,1001.0,SINGLE FAMILY RESIDENTIAL,R-1,17745.0,SF,651.0,1916.0,651.0,1,,2.0,,,,,,,CITY OF SACRAMENTO,617700319955779583,Tier 2: Zero Improvement,occupied_structure_missing_improvement_data
02000880130000,020-0088-013-0000,4047 43RD ST,SACRAMENTO,CA,95820.0,38.537486,-121.456204,SOUTHGATE RECREATION & PARK DISTRICT,,SACRAMENTO,CA,95823.0,,,,2024.0,,0.0,VACANT RESIDENTIAL UNDER 2 AC,IAEDFA,8001.0,RESIDENTIAL-VACANT LAND,RD-5,7405.0,SF,,,,,,,,,,,20170123.0,284500.0,UNINCORPORATED COUNTY,617700320471678975,Tier 1: Coded Vacant,public_park_or_recreation_agency
02200340050000,022-0034-005-0000,4900 SISKIYOU AVE,SACRAMENTO,CA,95820.0,38.531324,-121.460846,MAHER PAUL F & ANNE GREGORY,,SACRAMENTO,CA,95820.0,36916.0,,36916.0,2024.0,20010420.0,0.0,RES/SINGLE FAMILY/SUBDIVISION,A1A00A,1001.0,SINGLE FAMILY RESIDENTIAL,RD-5,7841.0,SF,802.0,1935.0,802.0,1,,1.0,,,,,20010420.0,29000.0,UNINCORPORATED COUNTY,617700320479019007,Tier 2: Zero Improvement,occupied_structure_missing_improvement_data
02100210010000,021-0021-001-0000,3907 STOCKTON BLVD,SACRAMENTO,CA,95820.0,38.539252,-121.449247,DEJACKS COUNTRY MARKET,,EL DORADO HILLS,CA,95762.0,870000.0,,870000.0,2024.0,,0.0,SERVICE STATION,BFA0BA,2041.0,GAS STATION,C-2-SPD,9599.0,SF,3500.0,1990.0,3500.0,,,,0.0,,,,20230901.0,3500000.0,CITY OF SACRAMENTO,617700319954206719,Tier 2: Zero Improvement,occupied_structure_missing_improvement_data
01501040090000,015-0104-009-0000,7050 SAN JOAQUIN ST UNIT 110,SACRAMENTO,CA,95820.0,38.543857,-121.421251,SACRAMENTO CITY UNIFIED SCHOOL DISTRICT,,SACRAMENTO,CA,95824.0,,,,2024.0,,0.0,BUILDING MATERIALS,GDAC0B,6010.0,"LUMBERYARD, BUILDING MATERIALS",M-1,4.2399998,AC,10656.0,1963.0,10656.0,1,,,,,,,20170804.0,,CITY OF SACRAMENTO,617700307950895103,Tier 2: Zero Improvement,occupied_structure_missing_improvement_data
02300620120000,023-0062-012-0000,4831 64TH ST,SACRAMENTO,CA,95820.0,38.531473,-121.428604,TAHOE PARK SOUTHEAST LLC,,SACRAMENTO,CA,95835.0,568914.0,,568914.0,2024.0,,0.0,RES/SINGLE FAMILY/SUBDIVISION,A1A00A,1001.0,SINGLE FAMILY RESIDENTIAL,R-1,3.6400001,AC,1978.0,1937.0,1978.0,2,,4.0,1.0,,,,20220805.0,,CITY OF SACRAMENTO,617700307958759423,Tier 2: Zero Improvement,occupied_structure_missing_improvement_data
02200520270000,022-0052-027-0000,4500 PERRY AVE,SACRAMENTO,CA,95820.0,38.530945,-121.453873,HOUSING AUTHORITY OF THE COUNTY OF SACRAMENTO,,SACRAMENTO,CA,95814.0,,,,2024.0,,0.0,MULTI/LOW RISE APARTMENT/1-3 STY,AE010D,1112.0,APARTMENTS (GENERIC),RD-10,0.0,,12170.0,1987.0,12170.0,2,,16.0,,,,,,,UNINCORPORATED COUNTY,617700320452542463,Tier 2: Zero Improvement,occupied_structure_missing_improvement_data
02201910020000,022-0191-002-0000,4311 26TH AVE,SACRAMENTO,CA,95820.0,38.528817,-121.455771,CHAVARRIA REYES JONATHAN RUBEN,,SACRAMENTO,CA,95828.0,,,,2024.0,,0.0,RES/SINGLE FAMILY/SUBDIVISION,A1A00A,1001.0,SINGLE FAMILY RESIDENTIAL,RD-5,6098.0,SF,1582.0,1956.0,1582.0,1,,3.0,,,,,20241002.0,472000.0,UNINCORPORATED COUNTY,617700320460406783,Tier 2: Zero Improvement,occupied_structure_missing_improvement_data
02600240080000,026-0024-008-0000,MENDOCINO BLVD,SACRAMENTO,CA,95824.0,38.524204,-121.461334,SOUTHGATE RECREATION & PARK DISTRICT,,SACRAMENTO,CA,95823.0,,,,2024.0,19910619.0,0.0,"MISC, UNUSABLE-SMALL",MSMALA,8009.0,"WASTE LAND, MARSH, SWAMP, SUBMERGED-VACANT LAND",RD-5,0.0,,,,,,,,,,,,,,UNINCORPORATED COUNTY,617700320422395903,Tier 2: Zero Improvement,public_park_or_recreation_agency
01002240150000,010-0224-015-0000,2301 BURNETT WAY,SACRAMENTO,CA,95818.0,38.558405,-121.482954,PRITCHARD FAMILY PROPS LLC,,SACRAMENTO,CA,95818.0,97436.0,,97436.0,2024.0,20100325.0,0.0,LIGHT INDUSTRIAL,GAKC0B,5002.0,LIGHT INDUSTRIAL (10% IMPROVED OFFICE SPACE; MACHINE SHOP),C-2,4800.0,SF,2832.0,1957.0,2832.0,1,,,0.0,,,,20100325.0,800000.0,CITY OF SACRAMENTO,617700319973867519,Tier 2: Zero Improvement,occupied_structure_missing_improvement_data
01002410250000,010-0241-025-0000,2701 BROADWAY,SACRAMENTO,CA,95818.0,38.557797,-121.477215,2009 VICTOR AND MARGARET CHIANG REVOCABLE TRU,,SAN RAFAEL,CA,94903.0,873751.0,,873751.0,2024.0,,0.0,FAST FOOD/DRIVE-THRU,BCE00E,2013.0,FAST FOOD RESTAURANT / DRIVE-THRU,C-2-SPD,12800.0,SF,1155.0,1979.0,1155.0,1,,,0.0,,,,20211119.0,367500.0,CITY OF SACRAMENTO,617700319973605375,Tier 2: Zero Improvement,occupied_structure_missing_improvement_data
01002440020000,010-0244-002-0000,2800 BROADWAY,SACRAMENTO,CA,95817.0,38.556767,-121.476247,NUI KIT CHAN LEUNG REVOCABLE TRUST,,MILPITAS,CA,95035.0,66467.0,,66467.0,2024.0,20051214.0,0.0,NEIGHBORHOOD SHOP CENTER,BEB00A,2009.0,"NEIGHBORHOOD: SHOPPING CENTER, STRIP CENTER, ENTERPRISE ZONE",C-2,3028.0,SF,6799.0,1987.0,6799.0,1,,,0.0,,,,20240724.0,2394000.0,CITY OF SACRAMENTO,617700319963906047,Tier 2: Zero Improvement,occupied_structure_missing_improvement_data
01000540310000,010-0054-031-0000,2812 S ST,SACRAMENTO,CA,95816.0,38.563613,-121.473161,HK3 NEWTON BOOTH LLC,,SACRAMENTO,CA,95816.0,1167328.0,,1167328.0,2024.0,,0.0,AUTO REPAIR GARAGE,BFC00B,2024.0,"AUTO REPAIR (& RELATED), GARAGE",C-2-SPD,0.0,,2400.0,1958.0,2400.0,1,,,,,,,20220812.0,,CITY OF SACRAMENTO,617700319970197503,Tier 2: Zero Improvement,occupied_structure_missing_improvement_data
01304700570000,013-0470-057-0000,2390 5TH AVE,SACRAMENTO,CA,95818.0,38.548814,-121.483853,CROCKER VILLAGE 70A LLC,,SACRAMENTO,CA,95818.0,109986.0,,109986.0,2024.0,,0.0,RES/SINGLE FAMILY/SUBDIVISION,A1A00A,1001.0,SINGLE FAMILY RESIDENTIAL,R-1A-PUD,0.0,,2129.0,2021.0,2129.0,1,,3.0,,,,,,,CITY OF SACRAMENTO,617700319715131391,Tier 2: Zero Improvement,occupied_structure_missing_improvement_data
01002470010000,010-0247-001-0000,2525 FRANKLIN BLVD,SACRAMENTO,CA,95818.0,38.55649,-121.475542,U-HAUL REAL ESTATE COMPANY,,PHOENIX,AZ,85038.0,8922.0,61712.0,70634.0,2024.0,19891114.0,0.0,PARKING LOT,BFH007,2036.0,PARKING LOT,C-2,4369.0,SF,1296.0,1965.0,1296.0,,,,,,,,,,CITY OF SACRAMENTO,617700319963906047,Tier 3: Parking/Abandoned,occupied_structure_missing_improvement_data
01002470400000,010-0247-040-0000,2565 FRANKLIN BLVD,SACRAMENTO,CA,95818.0,38.555918,-121.475456,CAMPUS PLAZA ASSOC,,SACRAMENTO,CA,95820.0,369174.0,,369174.0,2024.0,20030403.0,0.0,FAST FOOD/DRIVE-THRU,BCE00A,2013.0,FAST FOOD RESTAURANT / DRIVE-THRU,C-2,19602.0,SF,2552.0,1925.0,2552.0,1,,,,,,,20110223.0,,CITY OF SACRAMENTO,617700319963906047,Tier 2: Zero Improvement,occupied_structure_missing_improvement_data
01002550030000,010-0255-003-0000,3116 X ST,SACRAMENTO,CA,95817.0,38.556659,-121.471624,SACRAMENTO NEIGHBORHOOD HOUSING SERVICES INC,,SACRAMENTO,CA,95817.0,115370.0,,115370.0,2024.0,,0.0,PARKING LOT,BFH00A,2036.0,PARKING LOT,C-2-R,6390.0,SF,1040.0,1905.0,1040.0,,,,,,,,20131003.0,734000.0,CITY OF SACRAMENTO,617700319963643903,Tier 2: Zero Improvement,occupied_structure_missing_improvement_data
01301410090000,013-0141-009-0000,2940 34TH ST,SACRAMENTO,CA,95817.0,38.550255,-121.470959,UNIVERSITY OF PACIFIC,,SACRAMENTO,CA,95817.0,16706.0,,16706.0,2024.0,19820127.0,0.0,RES/SINGLE FAMILY/SUBDIVISION,A1A00B,1001.0,SINGLE FAMILY RESIDENTIAL,R-4,6098.0,SF,1257.0,,1257.0,1,,3.0,,,,,,,CITY OF SACRAMENTO,617700319972556799,Tier 2: Zero Improvement,occupied_structure_missing_improvement_data
01003240120000,010-0324-012-0000,3649 2ND AVE,SACRAMENTO,CA,95817.0,38.552362,-121.465562,HOUSING AUTHORITY OF THE CITY OF SACRAMENTO,,SACRAMENTO,CA,95814.0,,,,2024.0,19950412.0,0.0,MULTI/LOW RISE APARTMENT/1-3 STY,AE008A,1104.0,APARTMENT HOUSE (5+ UNITS),R-2A,6098.0,SF,5121.0,1958.0,5121.0,2,8.0,,,,,,19950412.0,,CITY OF SACRAMENTO,617700319975178239,Tier 2: Zero Improvement,occupied_structure_missing_improvement_data
01003240110000,010-0324-011-0000,3651 2ND AVE,SACRAMENTO,CA,95817.0,38.552327,-121.465432,HOUSING AUTHORITY OF THE CITY OF SACRAMENTO,,SACRAMENTO,CA,95814.0,,,,2024.0,19950412.0,0.0,MULTI/LOW RISE APARTMENT/1-3 STY,AE008A,1104.0,APARTMENT HOUSE (5+ UNITS),R-2A,6098.0,SF,5121.0,1958.0,5121.0,2,8.0,,,,,,19941104.0,,CITY OF SACRAMENTO,617700319975178239,Tier 2: Zero Improvement,occupied_structure_missing_improvement_data
01301420120000,013-0142-012-0000,2970 35TH ST,SACRAMENTO,CA,95817.0,38.549323,-121.469881,HOUSING AUTHORITY OF CITY OF SACRAMENTO,,SACRAMENTO,CA,95814.0,,,,2024.0,19820916.0,0.0,MULTI/LOW RISE APARTMENT/1-3 STY,AE000D,1112.0,APARTMENTS (GENERIC),R-2A-R,9000.0,SF,16950.0,1958.0,16950.0,2,,,,,,,,,CITY OF SACRAMENTO,617700319972556799,Tier 2: Zero Improvement,occupied_structure_missing_improvement_data
21401300180000,214-0130-018-0000,520 G ST,RIO LINDA,CA,95673.0,38.67988,-121.453415,COUNTY OF SACRAMENTO,,SACRAMENTO,CA,95827.0,,,,2024.0,20040428.0,0.0,RES/SINGLE FAMILY/RURAL HOME(2-5 AC),A1D00A,1008.0,RURAL/AGRICULTURAL RESIDENCE,AR-2,3.1500001,AC,2056.0,1962.0,2056.0,1,,4.0,,,,,20040428.0,,UNINCORPORATED COUNTY,617700316155215871,Tier 2: Zero Improvement,occupied_structure_missing_improvement_data
21401600280000,214-0160-028-0000,5624 W 4TH ST,RIO LINDA,CA,95673.0,38.67012,-121.456335,SACRAMENTO AREA FLOOD CONTROL AGENCY,,SACRAMENTO,CA,95814.0,,,,2024.0,19950127.0,0.0,RES/SINGLE FAMILY/RURAL HOME(2-5 AC),A1D00A,1008.0,RURAL/AGRICULTURAL RESIDENCE,RR,3.02,AC,1558.0,1967.0,1558.0,2,,3.0,,,,,19950405.0,,UNINCORPORATED COUNTY,617700316163604479,Tier 2: Zero Improvement,occupied_structure_missing_improvement_data
21401400240000,214-0140-024-0000,G ST,RIO LINDA,CA,95673.0,38.676668,-121.444115,WILLIAM T MAUSER AND MILDRED ALLISON MAUSER REVOCA,,RIO LINDA,CA,95673.0,22292.0,,22292.0,2024.0,,0.0,PRIVATE AIRPORT,GI0C0A,6501.0,AIRPORT & RELATED,C-O,21344.0,SF,,,,,,,,,,,20230523.0,,UNINCORPORATED COUNTY,617700316166750207,Tier 2: Zero Improvement,inherently_active_use_parking_airport_cemetery
21401600850000,214-0160-085-0000,ASCOT AVE,RIO LINDA,CA,95673.0,38.671986,-121.44525,WILLIAM T MAUSER AND MILDRED ALLISON MAUSER REVOCA,,RIO LINDA,CA,95673.0,79442.0,,79442.0,2024.0,,0.0,PRIVATE AIRPORT,GI0C0A,6501.0,AIRPORT & RELATED,C-O,1.72,AC,,,,,,,,,,,20230523.0,,UNINCORPORATED COUNTY,617700316167798783,Tier 2: Zero Improvement,inherently_active_use_parking_airport_cemetery
21401601240000,214-0160-124-0000,E ST,RIO LINDA,CA,95673.0,38.674178,-121.445399,MAUSER AVIATION INC,,RIO LINDA,CA,95673.0,56570.0,,56570.0,2024.0,19761027.0,0.0,PRIVATE AIRPORT,GI0C0A,6501.0,AIRPORT & RELATED,C-O,15.2,AC,,,,,,,,,,,,,UNINCORPORATED COUNTY,617700316167798783,Tier 2: Zero Improvement,inherently_active_use_parking_airport_cemetery
23700400140000,237-0040-014-0000,552 MAIN AVE,SACRAMENTO,CA,95838.0,38.653915,-121.45262,DRIPS RALPH W JR,,SACRAMENTO,CA,95838.0,17184.0,,17184.0,2024.0,19820818.0,0.0,RES/SINGLE FAMILY/NON-SUBDIVISION,A1B00A,1001.0,SINGLE FAMILY RESIDENTIAL,A,2.0999999,AC,1256.0,1983.0,1256.0,1,,3.0,,,,,,,CITY OF SACRAMENTO,617700316230189055,Tier 2: Zero Improvement,occupied_structure_missing_improvement_data
21503700090000,215-0370-009-0000,5839 22ND ST # B1096,RIO LINDA,CA,95673.0,38.674027,-121.415782,MP HOLDINGS LLC,,MCCLELLAN,CA,95652.0,,,,2024.0,,0.0,DISTRIBUTUION & WAREHOUSES,GCKA0A,6002.0,DISTRIBUTION WAREHOUSE (REGIONAL),SPA,2.5,AC,12713.0,1960.0,12713.0,,,,,,,,,,UNINCORPORATED COUNTY,617700321980055551,Tier 2: Zero Improvement,occupied_structure_missing_improvement_data
21503700050000,215-0370-005-0000,5633 PATROL RD,MCCLELLAN,CA,95652.0,38.669295,-121.417134,MP HOLDINGS LLC,,MCCLELLAN,CA,95652.0,,,,2024.0,,0.0,DISTRIBUTUION & WAREHOUSES,GCKA0A,6002.0,DISTRIBUTION WAREHOUSE (REGIONAL),SPA,1.1799999,AC,800.0,1960.0,800.0,,,,,,,,,,UNINCORPORATED COUNTY,617700321988968447,Tier 2: Zero Improvement,occupied_structure_missing_improvement_data
21503700180000,215-0370-018-0000,5584 PATROL RD,MCCLELLAN,CA,95652.0,38.668365,-121.413248,COUNTY OF SACRAMENTO (MBP) (DMEA),,SACRAMENTO,CA,95814.0,,,,2024.0,,0.0,DISTRIBUTUION & WAREHOUSES,GCKC0A,6002.0,DISTRIBUTION WAREHOUSE (REGIONAL),SPA,10.09,AC,220748.0,1960.0,220748.0,,,,,,,,,,UNINCORPORATED COUNTY,617700321962491903,Tier 2: Zero Improvement,occupied_structure_missing_improvement_data
21500710230000,215-0071-023-0000,6120 32ND ST,NORTH HIGHLANDS,CA,95660.0,38.678173,-121.390476,RANDOLPH GORTON 2019 FAMILY TRUST ETAL,,SACRAMENTO,CA,95828.0,3299.0,,3299.0,2024.0,,0.0,LIGHT IND-WRECKING YARD,GAEC0A,6004.0,"STORAGE YARD (JUNK; AUTO WRECKING, SALVAGE)",M-1,24816.0,SF,1800.0,1985.0,1800.0,1,,,,,,,20191126.0,,UNINCORPORATED COUNTY,617700321906130943,Tier 2: Zero Improvement,occupied_structure_missing_improvement_data
20801720220000,208-0172-022-0000,6421 WATT AVE,NORTH HIGHLANDS,CA,95660.0,38.683358,-121.383625,BAINS MAJOR & NARINDER,,YUBA CITY,CA,95993.0,397571.0,41962.0,439533.0,2024.0,20021018.0,0.0,ABANDONED SERVICE STN,BFK00A,2000.0,COMMERCIAL (GENERAL),SPA,1.0599999,AC,1008.0,1955.0,1008.0,1,,,0.0,,,,20021018.0,290000.0,UNINCORPORATED COUNTY,617700321994735615,Tier 3: Parking/Abandoned,occupied_structure_missing_improvement_data
21503000580000,215-0300-058-0000,5901 PRICE AVE,MCCLELLAN,CA,95652.0,38.674934,-121.39336,MCCLELLAN BUSINESS PARK LLC (COUNTY OF SACRAMENTO),,MCCLELLAN,CA,95652.0,,,,2024.0,,0.0,DISTRIBUTUION & WAREHOUSES,GCKA0A,6002.0,DISTRIBUTION WAREHOUSE (REGIONAL),SPA,3.8800001,AC,24218.0,1960.0,24218.0,1,,,,,,,,,UNINCORPORATED COUNTY,617700322003386367,Tier 2: Zero Improvement,occupied_structure_missing_improvement_data
21500910120000,215-0091-012-0000,6012 PRICE AVE,MCCLELLAN,CA,95652.0,38.67628,-121.392522,MCCLELLAN BUSINESS PARK LLC (COAST GUARD) (SAC COUNT),,MCCLELLAN,CA,95652.0,,,,2024.0,,0.0,DISTRIBUTUION & WAREHOUSES,GCKC0A,6002.0,DISTRIBUTION WAREHOUSE (REGIONAL),SPA,39188.0,SF,4480.0,1960.0,4480.0,1,,,,,,,,,UNINCORPORATED COUNTY,617700322003386367,Tier 2: Zero Improvement,occupied_structure_missing_improvement_data
21500930010000,215-0093-001-0000,5931 DUDLEY BLVD,MCCLELLAN,CA,95652.0,38.675414,-121.388302,MP HOLDINGS LLC,,MCCLELLAN,CA,95652.0,28524.0,,28524.0,2024.0,20061109.0,0.0,DISTRIBUTUION & WAREHOUSES,GCKA0A,6002.0,DISTRIBUTION WAREHOUSE (REGIONAL),SPA,2.3800001,AC,1016.0,1960.0,1016.0,1,,,,,,,,,UNINCORPORATED COUNTY,617700322003124223,Tier 2: Zero Improvement,occupied_structure_missing_improvement_data
21503600420000,215-0360-042-0000,4918 PATROL RD,MCCLELLAN,CA,95652.0,38.657239,-121.41195,MP HOLDINGS LLC,,MCCLELLAN,CA,95652.0,76750.0,,76750.0,2024.0,,0.0,LIGHT INDUSTRIAL,GAKA0A,5002.0,LIGHT INDUSTRIAL (10% IMPROVED OFFICE SPACE; MACHINE SHOP),SPA,0.0,,686.0,1957.0,686.0,1,,,,,,,,,UNINCORPORATED COUNTY,617700321970618367,Tier 2: Zero Improvement,occupied_structure_missing_improvement_data
21503600400000,215-0360-040-0000,4726 PATROL RD,MCCLELLAN,CA,95652.0,38.654139,-121.412835,MP HOLDINGS LLC,,MCCLELLAN,CA,95652.0,248378.0,,248378.0,2024.0,,0.0,LIGHT INDUSTRIAL,GAKA0A,5002.0,LIGHT INDUSTRIAL (10% IMPROVED OFFICE SPACE; MACHINE SHOP),SPA,0.0,,1517.0,1957.0,1517.0,1,,,,,,,,,UNINCORPORATED COUNTY,617700322483896319,Tier 2: Zero Improvement,occupied_structure_missing_improvement_data
21503600170000,215-0360-017-0000,URBANI WAY,MCCLELLAN,CA,95652.0,38.653864,-121.414592,MP HOLDINGS LLC,,MCCLELLAN,CA,95652.0,91232.0,,91232.0,2024.0,,0.0,LIGHT INDUSTRIAL,GAKA0A,5002.0,LIGHT INDUSTRIAL (10% IMPROVED OFFICE SPACE; MACHINE SHOP),SPA,3.3299999,AC,10516.0,1983.0,10516.0,1,,,,,,,,,UNINCORPORATED COUNTY,617700322483372031,Tier 2: Zero Improvement,occupied_structure_missing_improvement_data
21503600240000,215-0360-024-0000,4910 FORCUM AVE,MCCLELLAN,CA,95652.0,38.656767,-121.405093,MP HOLDINGS LLC,,MCCLELLAN,CA,95652.0,30193.0,,30193.0,2024.0,,0.0,DISTRIBUTUION & WAREHOUSES,GCKA0A,6002.0,DISTRIBUTION WAREHOUSE (REGIONAL),SPA,3.24,AC,6441.0,1957.0,6441.0,1,,,,,,,,,UNINCORPORATED COUNTY,617700321967472639,Tier 2: Zero Improvement,occupied_structure_missing_improvement_data
21503600250000,215-0360-025-0000,4898 FORCUM AVE,MCCLELLAN,CA,95652.0,38.655824,-121.405224,MCCLELLAN BUSINESS PARK LLC,,MCCLELLAN,CA,95652.0,4.0,,4.0,2024.0,,0.0,DISTRIBUTUION & WAREHOUSES,GCKA0A,6002.0,DISTRIBUTION WAREHOUSE (REGIONAL),SPA,1.12,AC,5930.0,1957.0,5930.0,1,,,,,,,,,UNINCORPORATED COUNTY,617700321967472639,Tier 2: Zero Improvement,occupied_structure_missing_improvement_data
21503400610000,215-0340-061-0000,4443 FORCUM AVE,MCCLELLAN,CA,95652.0,38.652026,-121.40718,COUNTY OF SACRAMENTO,,SACRAMENTO,CA,95814.0,,,,2024.0,,0.0,DISTRIBUTUION & WAREHOUSES,GCKA0A,6002.0,DISTRIBUTION WAREHOUSE (REGIONAL),SPA,14.9,AC,91036.0,1965.0,91036.0,1,,,,,,,,,UNINCORPORATED COUNTY,617700321968521215,Tier 2: Zero Improvement,occupied_structure_missing_improvement_data
21503100540000,215-0310-054-0000,5435 PRICE AVE,MCCLELLAN,CA,95652.0,38.666602,-121.395356,MCCLELLAN BSNS PK LLC (DEPT OF FORESTRY),,MCCLELLAN,CA,95652.0,,,,2024.0,,0.0,DISTRIBUTUION & WAREHOUSES,GCKA0A,6002.0,DISTRIBUTION WAREHOUSE (REGIONAL),SPA,25.16,AC,45037.0,1955.0,45037.0,2,,,,,,,,,UNINCORPORATED COUNTY,617700321963540479,Tier 2: Zero Improvement,occupied_structure_missing_improvement_data
21503100050000,215-0310-005-0000,5500 PRICE AVE,MCCLELLAN,CA,95652.0,38.666607,-121.393165,MCCLELLAN BSNS PK LLC (DEPT OF FORESTRY),,MCCLELLAN,CA,95652.0,,,,2024.0,,0.0,DISTRIBUTUION & WAREHOUSES,GCKA0A,6002.0,DISTRIBUTION WAREHOUSE (REGIONAL),SPA,1.79,AC,15600.0,1990.0,15600.0,1,,,,,,,,,UNINCORPORATED COUNTY,617700321963278335,Tier 2: Zero Improvement,occupied_structure_missing_improvement_data
21503100110000,215-0310-011-0000,5443 DUDLEY BLVD,MCCLELLAN,CA,95652.0,38.666945,-121.388377,UNITED STATES OF AMERICA,,MCCLELLAN,CA,95652.0,,,,2024.0,19650301.0,0.0,DISCOUNT STORE,BDC00A,2045.0,"APPLIANCE STORE (BEST BUY, HH GREGG)",SPA,17.790001,AC,150027.0,1960.0,150027.0,,,,,,,,20100715.0,,UNINCORPORATED COUNTY,617700321963802623,Tier 2: Zero Improvement,occupied_structure_missing_improvement_data
21503400520000,215-0340-052-0000,4722 DEAN ST,MCCLELLAN,CA,95652.0,38.653986,-121.408149,MP HOLDINGS LLC,,MCCLELLAN,CA,95652.0,42035.0,,42035.0,2024.0,,0.0,DISTRIBUTUION & WAREHOUSES,GCKA0A,6002.0,DISTRIBUTION WAREHOUSE (REGIONAL),SPA,1.9,AC,8500.0,1971.0,8500.0,1,,,,,,,20171220.0,,UNINCORPORATED COUNTY,617700321968783359,Tier 2: Zero Improvement,occupied_structure_missing_improvement_data
21503100190000,215-0310-019-0000,3401 DOGWOOD ST,MCCLELLAN,CA,95652.0,38.666246,-121.384757,UNITED STATES OF AMERICA (SAC COUNTY) (MBP) (DECA),,MCCLELLAN,CA,95652.0,,,,2024.0,19650301.0,0.0,GENERAL OFFICE,CAA00A,3003.0,OFFICE BLDG (GENERAL),SPA,3.4400001,AC,63251.0,1960.0,63251.0,,,,,,,,20100715.0,,UNINCORPORATED COUNTY,617700322002337791,Tier 2: Zero Improvement,occupied_structure_missing_improvement_data
21503100310000,215-0310-031-0000,5201 ARNOLD AVE,MCCLELLAN,CA,95652.0,38.661646,-121.385678,TWIN RIVERS UNIFIED SCHOOL DISTRICT,,NORTH HIGHLANDS,CA,95660.0,,,,2024.0,,0.0,GENERAL OFFICE-MULTI STY,CAC00A,3004.0,OFFICE BLDG (MULTI-STORY),SPA,1.61,AC,54659.0,1960.0,54659.0,,,,,,,,,,UNINCORPORATED COUNTY,617700321776893951,Tier 2: Zero Improvement,occupied_structure_missing_improvement_data
21503100330000,215-0310-033-0000,3331 PEACEKEEPER WAY,MCCLELLAN,CA,95652.0,38.66106,-121.385663,UNITED STATES OF AMERICA,,MCCLELLAN,CA,95652.0,,,,2024.0,19650301.0,0.0,GENERAL OFFICE,CAB00A,3004.0,OFFICE BLDG (MULTI-STORY),SPA,23960.0,SF,7362.0,1938.0,7362.0,,,,,,,,20100715.0,,UNINCORPORATED COUNTY,617700321776893951,Tier 2: Zero Improvement,occupied_structure_missing_improvement_data
21503200060000,215-0320-006-0000,3230 PEACEKEEPER WAY,MCCLELLAN,CA,95652.0,38.660558,-121.387579,MCCLELLAN BUSINESS PARK LLC (TASA) (SAC COUNTY),,MCCLELLAN,CA,95652.0,,,,2024.0,,0.0,GENERAL OFFICE,CAB00A,3004.0,OFFICE BLDG (MULTI-STORY),SPA,26572.0,SF,40749.0,1960.0,40749.0,,,,,,,,,,UNINCORPORATED COUNTY,617700321776893951,Tier 2: Zero Improvement,occupied_structure_missing_improvement_data
21503100470000,215-0310-047-0000,3411 OLSON ST,MCCLELLAN,CA,95652.0,38.661834,-121.384339,MP HOLDINGS LLC,,MCCLELLAN,CA,95652.0,369750.0,,369750.0,2024.0,,0.0,GENERAL OFFICE,CAB00A,3004.0,OFFICE BLDG (MULTI-STORY),SPA,2.1800001,AC,39331.0,1960.0,39331.0,2,,,,,,,20110128.0,,UNINCORPORATED COUNTY,617700321777418239,Tier 2: Zero Improvement,occupied_structure_missing_improvement_data
21503201270000,215-0320-127-0000,5115 DUDLEY BLVD,MCCLELLAN,CA,95652.0,38.659746,-121.388692,MP HOLDINGS LLC (TWIN RIVERS UNIFIED SCHOOL DISTRIC),,MCCLELLAN,CA,95652.0,,,,2024.0,,0.0,GENERAL OFFICE,CAB00A,3004.0,OFFICE BLDG (MULTI-STORY),SPA,8.9200001,AC,115052.0,1938.0,115052.0,1,,,,,,,,,UNINCORPORATED COUNTY,617700321776893951,Tier 2: Zero Improvement,occupied_structure_missing_improvement_data
21503200270000,215-0320-027-0000,3136 HOWARD ST,MCCLELLAN,CA,95652.0,38.657758,-121.389518,MCCLELLAN BUSINESS PARK LLC (COUNTY OF SACRAMENTO),,MCCLELLAN,CA,95652.0,,,,2024.0,,0.0,DISTRIBUTUION & WAREHOUSES,GCKA0A,6002.0,DISTRIBUTION WAREHOUSE (REGIONAL),SPA,37026.0,SF,9924.0,1938.0,9924.0,,,,,,,,,,UNINCORPORATED COUNTY,617700321777942527,Tier 2: Zero Improvement,occupied_structure_missing_improvement_data
21503200680000,215-0320-068-0000,4425 DUDLEY BLVD,MCCLELLAN,CA,95652.0,38.653317,-121.394627,MP HOLDINGS LLC (COUNTY OF SACRAMENTO),,MCCLELLAN,CA,95652.0,,,,2024.0,,0.0,DISTRIBUTUION & WAREHOUSES,GCKA0A,6002.0,DISTRIBUTION WAREHOUSE (REGIONAL),SPA,7.1199999,AC,44624.0,1992.0,44624.0,,,,,,,,20160601.0,,UNINCORPORATED COUNTY,617700321972715519,Tier 2: Zero Improvement,occupied_structure_missing_improvement_data
21503200130000,215-0320-013-0000,5015 ARNOLD AVE,MCCLELLAN,CA,95652.0,38.658342,-121.385525,MCCLELLAN BUSINESS PARK LLC (DAPS) (SAC COUNTY),,MCCLELLAN,CA,95652.0,,,,2024.0,,0.0,DISTRIBUTUION & WAREHOUSES,GCKA0A,6002.0,DISTRIBUTION WAREHOUSE (REGIONAL),SPA,28368.0,SF,6000.0,1960.0,6000.0,,,,,,,,,,UNINCORPORATED COUNTY,617700321777942527,Tier 2: Zero Improvement,occupied_structure_missing_improvement_data
21503200150000,215-0320-015-0000,3418 FLIGHT LN,MCCLELLAN,CA,95652.0,38.659218,-121.384028,MCCLELLAN BUSINESS PARK LLC (COUNTY OF SACRAMENTO),,MCCLELLAN,CA,95652.0,,,,2024.0,,0.0,PARKING LOT,BFH00A,2036.0,PARKING LOT,SPA,38768.0,SF,11695.0,1943.0,11695.0,1,,,,,,,,,UNINCORPORATED COUNTY,617700321776631807,Tier 2: Zero Improvement,occupied_structure_missing_improvement_data
22802510520000,228-0251-052-0000,ROSEVILLE RD,NORTH HIGHLANDS,CA,95660.0,38.65772,-121.381464,CONRAD ETHAN,,SACRAMENTO,CA,95834.0,96615.0,,96615.0,2024.0,,0.0,SMALL RETAIL-MULTI TENANT,BAB00A,2001.0,"RETAIL STORES ( PERSONAL SERVICES, PHOTOGRAPHY, TRAVEL)",SPA,14898.0,SF,20060.0,1990.0,20060.0,1,,,,,,,20180926.0,,UNINCORPORATED COUNTY,617700321778204671,Tier 2: Zero Improvement,occupied_structure_missing_improvement_data
24005500590000,240-0550-059-0000,4837 WATT AVE,NORTH HIGHLANDS,CA,95660.0,38.652996,-121.385317,COUNTY OF SACRAMENTO,,SACRAMENTO,CA,95827.0,,,,2024.0,,0.0,OFFICE - SINGLE TENANT,CBA0GA,3003.0,OFFICE BLDG (GENERAL),SPA,13.05,AC,129720.0,1987.0,129720.0,1,,,,,,,20221130.0,,UNINCORPORATED COUNTY,617700321785544703,Tier 2: Zero Improvement,occupied_structure_missing_improvement_data
23700700140000,237-0070-014-0000,659 BELL AVE,SACRAMENTO,CA,95838.0,38.64855,-121.450569,CITY OF SACRAMENTO,,SACRAMENTO,CA,95814.0,,,,2024.0,19991217.0,0.0,PRIVATE CLUB,FH000A,4007.0,"CLUBS, LODGES, PROFESSIONAL ASSOCIATIONS",R-2A,4.5,AC,1104.0,1960.0,1104.0,1.0,,,,,,,,,CITY OF SACRAMENTO,617700322452176895,Tier 2: Zero Improvement,occupied_structure_missing_improvement_data
25000260230000,250-0026-023-0000,140 MORRISON AVE,SACRAMENTO,CA,95838.0,38.637508,-121.464176,SUDARIA IMEE,,SACRAMENTO,CA,95838.0,216204.0,,216204.0,2024.0,,0.0,RES/SINGLE FAMILY/NON-SUBDIVISION,A1B02A,1001.0,SINGLE FAMILY RESIDENTIAL,R-1,31845.0,SF,2340.0,1977.0,2340.0,2.0,,4.0,,,,,20130822.0,180000.0,CITY OF SACRAMENTO,617700322456371199,Tier 2: Zero Improvement,occupied_structure_missing_improvement_data
25000500120000,250-0050-012-0000,3941 RIO LINDA BLVD,SACRAMENTO,CA,95838.0,38.639817,-121.448258,BIBLE WAY OVERCOMING CHURCH OF JESUS CHRIST,,SACRAMENTO,CA,95821.0,11384.0,,11384.0,2024.0,19960131.0,0.0,RES/SINGLE FAMILY/NON-SUBDIVISION,A1B00A,1001.0,SINGLE FAMILY RESIDENTIAL,M-1-LI,6098.0,SF,662.0,1926.0,662.0,1.0,,2.0,,,,,19960131.0,30000.0,CITY OF SACRAMENTO,617700322446147583,Tier 2: Zero Improvement,occupied_structure_missing_improvement_data
23802200200000,238-0220-020-0000,1851 BELL AVE,SACRAMENTO,CA,95838.0,38.647659,-121.422935,BIG PROPERTIES OF CALIFORNIA LLC (PG & E),,SAN LUIS OBISPO,CA,93401.0,,,,2024.0,,0.0,DISTRIBUTUION & WAREHOUSES,GCJB0A,6002.0,DISTRIBUTION WAREHOUSE (REGIONAL),M-1S-R,1.6,AC,12000.0,1990.0,12000.0,1,,,,,,,20180829.0,,CITY OF SACRAMENTO,617700322492022783,Tier 2: Zero Improvement,occupied_structure_missing_improvement_data
23701730360000,237-0173-036-0000,4221 RALEY BLVD,SACRAMENTO,CA,95838.0,38.64461,-121.429614,CHEVRON USA INC,,SAN RAMON,CA,94583.0,884340.0,,884340.0,2024.0,,0.0,SERVICE STATION,BFA00A,2041.0,GAS STATION,C-2,31651.0,SF,2923.0,2001.0,2923.0,1,,,,,,,20240117.0,3200000.0,CITY OF SACRAMENTO,617700322488352767,Tier 2: Zero Improvement,occupied_structure_missing_improvement_data
07902000590000,079-0200-059-0000,8099 FOLSOM BLVD,SACRAMENTO,CA,95826.0,38.550068,-121.409816,BASTION PROPERTIES LLC,,ROSEVILLE,CA,95661.0,1393861.0,,1393861.0,2024.0,,0.0,SERVICE STATION,BFA00A,2041.0,GAS STATION,C-2,1.09,AC,2437.0,1995.0,2437.0,1,,,,,,,20240111.0,,CITY OF SACRAMENTO,617700307994411007,Tier 2: Zero Improvement,occupied_structure_missing_improvement_data
07801800030000,816-0001-006-0000,8545 FOLSOM BLVD SPC 6,SACRAMENTO,CA,95826.0,38.549455,-121.388524,JULIE MARIE ANDERSON,,SACRAMENTO,CA,95826.0,,,,2024.0,,0.0,MOBILE HOME/ON LEASED LAND/MH PARK,ATA00A,1006.0,MOBILE/MANUFACTURED HOME (REGARDLESS OF LAND OWNERSHIP),C-2-SPD,0.0,,500.0,1961.0,500.0,1.0,,2.0,,,,,,,CITY OF SACRAMENTO,617700307997032447,Tier 2: Zero Improvement,occupied_structure_missing_improvement_data
07801800190000,078-0180-019-0000,8671 FOLSOM BLVD,SACRAMENTO,CA,95826.0,38.550606,-121.383011,8671 FOLSOM SP LLC,,SANTA MONICA,CA,90406.0,836315.0,,836315.0,2024.0,,0.0,MINI-STORAGE,GL0C0A,2031.0,"MINI-WAREHOUSE, SELF-STORAGE",C-2-SPD,1.23,AC,30210.0,1974.0,30210.0,1.0,,,,,,,20190816.0,3085000.0,CITY OF SACRAMENTO,617700307969245183,Tier 2: Zero Improvement,occupied_structure_missing_improvement_data
07801800240000,078-0180-024-0000,8631 FOLSOM BLVD,SACRAMENTO,CA,95826.0,38.549734,-121.385169,SATTELMAYER RALPH & STEVEN,,SACRAMENTO,CA,95826.0,74960.0,,74960.0,2024.0,20050317.0,0.0,AUTO REPAIR GARAGE,BFC00A,2024.0,"AUTO REPAIR (& RELATED), GARAGE",C-2-SPD,11122.0,SF,5231.0,1960.0,5231.0,1.0,,,,,,,20050317.0,,CITY OF SACRAMENTO,617700307996770303,Tier 2: Zero Improvement,occupied_structure_missing_improvement_data
27102430100000,271-0243-010-0000,4610 HAZELWOOD AVE,SACRAMENTO,CA,95821.0,38.612664,-121.356592,COUNTY OF SACTO,,SACRAMENTO,CA,95814.0,,,,2024.0,19990205.0,0.0,RES/SINGLE FAMILY/SUBDIVISION,A1A00A,1001.0,SINGLE FAMILY RESIDENTIAL,RD-4,19440.0,SF,1569.0,1947.0,1569.0,1,,3.0,,,,,19990205.0,,UNINCORPORATED COUNTY,617700321834565631,Tier 2: Zero Improvement,occupied_structure_missing_improvement_data
28101910060000,281-0191-006-0000,1951 MAPLE GLEN RD,SACRAMENTO,CA,95864.0,38.60246,-121.374491,AKT INVS INCORPORATED,,SACRAMENTO,CA,95826.0,683401.0,,683401.0,2024.0,,0.0,RES/SINGLE FAMILY/RURAL HOME(2 AC OR LES,A1C00A,1008.0,RURAL/AGRICULTURAL RESIDENCE,RD-2 (NPA),39204.0,SF,1743.0,1950.0,1743.0,1,,3.0,,,,,20140905.0,,UNINCORPORATED COUNTY,617700322353872895,Tier 2: Zero Improvement,occupied_structure_missing_improvement_data
27203000250000,272-0300-025-0000,5341 EL CAMINO AVE,CARMICHAEL,CA,95608.0,38.610283,-121.339474,CARMICHAEL RECREATION & PARK DISTRICT,,CARMICHAEL,CA,95608.0,,,,2024.0,19820317.0,0.0,RES/SINGLE FAMILY/NON-SUBDIVISION,A1B00B,1001.0,SINGLE FAMILY RESIDENTIAL,RD-10,19602.0,SF,1280.0,1940.0,1280.0,1,,3.0,,,,,,,UNINCORPORATED COUNTY,617700322591637503,Tier 2: Zero Improvement,public_park_or_recreation_agency
28800300400000,288-0030-040-0000,3824 ARDEN WAY,SACRAMENTO,CA,95864.0,38.595187,-121.375314,SACRAMENTO COUNTY WATER AGCY,,SACRAMENTO,CA,95814.0,,,,2024.0,,0.0,RES/SINGLE FAMILY/SUBDIVISION,A1A00A,1001.0,SINGLE FAMILY RESIDENTIAL,RD-5 (NPA),21780.0,SF,1544.0,1953.0,1544.0,1,,2.0,,,,,20150731.0,410000.0,UNINCORPORATED COUNTY,617700322297249791,Tier 2: Zero Improvement,occupied_structure_missing_improvement_data
12101200270000,121-0120-027-0000,CAYMUS DR,SACRAMENTO,CA,95829.0,38.459657,-121.362993,SOUTHGATE RECREATION & PARK DIST,,SACRAMENTO,CA,95823.0,,,,2024.0,20030703.0,0.0,VACANT RESIDENTIAL UNDER 2 AC,IAEAAE,8001.0,RESIDENTIAL-VACANT LAND,RD-4,34500.0,SF,,,,,,,,,,,20030703.0,,UNINCORPORATED COUNTY,617700308393656319,Tier 1: Coded Vacant,public_park_or_recreation_agency
12112700120000,121-1270-012-0000,8451 GURMIT CT,ELK GROVE,CA,95624.0,38.450645,-121.368987,ZADA DOST MOHAMMAD HUSSAIN & KAIHAN HUSSAIN,,ELK GROVE,CA,95624.0,107839.0,,107839.0,2024.0,,0.0,RES/SINGLE FAMILY/SUBDIVISION,A1A00A,1001.0,SINGLE FAMILY RESIDENTIAL,RD-7,0.0,,2779.0,,2779.0,2,,5.0,,,,,20240614.0,766500.0,UNINCORPORATED COUNTY,617700308387627007,Tier 2: Zero Improvement,occupied_structure_missing_improvement_data
12112700110000,121-1270-011-0000,8450 GURMIT CT,ELK GROVE,CA,95624.0,38.450644,-121.369155,SINGH MANINDER & SANDEEP KAUR,,ELK GROVE,CA,95624.0,107839.0,,107839.0,2024.0,,0.0,RES/SINGLE FAMILY/SUBDIVISION,A1A00A,1001.0,SINGLE FAMILY RESIDENTIAL,RD-7,0.0,,2473.0,,2473.0,2,,4.0,,,,,20240508.0,714000.0,UNINCORPORATED COUNTY,617700308387627007,Tier 2: Zero Improvement,occupied_structure_missing_improvement_data
12112700100000,121-1270-010-0000,8454 GURMIT CT,ELK GROVE,CA,95624.0,38.450623,-121.369338,CROWNE COMMUNITIES ELK GROVE LLC,,YUBA CITY,CA,95991.0,107839.0,,107839.0,2024.0,,0.0,RES/SINGLE FAMILY/SUBDIVISION,A1A00A,1001.0,SINGLE FAMILY RESIDENTIAL,RD-7,0.0,,2779.0,,2779.0,2,,5.0,,,,,20240517.0,743000.0,UNINCORPORATED COUNTY,617700308387627007,Tier 2: Zero Improvement,occupied_structure_missing_improvement_data
12112700130000,121-1270-013-0000,8455 GURMIT CT,ELK GROVE,CA,95624.0,38.450611,-121.368802,CROWNE COMMUNITIES ELK GROVE LLC,,YUBA CITY,CA,95991.0,107839.0,,107839.0,2024.0,,0.0,RES/SINGLE FAMILY/SUBDIVISION,A1A00A,1001.0,SINGLE FAMILY RESIDENTIAL,RD-7,0.0,,2473.0,,2473.0,2,,4.0,,,,,20231106.0,640000.0,UNINCORPORATED COUNTY,617700308387364863,Tier 2: Zero Improvement,occupied_structure_missing_improvement_data
12112700060000,121-1270-006-0000,8470 GURMIT CT,ELK GROVE,CA,95624.0,38.449927,-121.369295,AZIZI AHMAD SAMIR & JULIET MODAD,,ELK GROVE,CA,95624.0,107839.0,,107839.0,2024.0,,0.0,RES/SINGLE FAMILY/SUBDIVISION,A1A00A,1001.0,SINGLE FAMILY RESIDENTIAL,RD-7,0.0,,2203.0,2023.0,2203.0,2,,3.0,,,,,20240213.0,673000.0,UNINCORPORATED COUNTY,617700308395491327,Tier 2: Zero Improvement,occupied_structure_missing_improvement_data
12112700020000,121-1270-002-0000,8486 GURMIT CT,ELK GROVE,CA,95624.0,38.449378,-121.369291,CROWNE COMMUNITIES ELK GROVE LLC,,YUBA CITY,CA,95991.0,107839.0,,107839.0,2024.0,,0.0,RES/SINGLE FAMILY/SUBDIVISION,A1A00A,1001.0,SINGLE FAMILY RESIDENTIAL,RD-7,0.0,,2779.0,,2779.0,2,,5.0,,,,,20240531.0,757000.0,UNINCORPORATED COUNTY,617700308395491327,Tier 2: Zero Improvement,occupied_structure_missing_improvement_data
12112700210000,121-1270-021-0000,8487 GURMIT CT,ELK GROVE,CA,95624.0,38.44938,-121.368834,CROWNE COMMUNITIES ELK GROVE LLC,,YUBA CITY,CA,95991.0,107839.0,,107839.0,2024.0,,0.0,RES/SINGLE FAMILY/SUBDIVISION,A1A00A,1001.0,SINGLE FAMILY RESIDENTIAL,RD-7,0.0,,2203.0,,2203.0,2,,3.0,,,,,20231106.0,640000.0,UNINCORPORATED COUNTY,617700308395491327,Tier 2: Zero Improvement,occupied_structure_missing_improvement_data
12112700010000,121-1270-001-0000,8490 GURMIT CT,ELK GROVE,CA,95624.0,38.449225,-121.36929,HEER HARPREET & AMARDEEP,,ELK GROVE,CA,95624.0,107839.0,,107839.0,2024.0,,0.0,RES/SINGLE FAMILY/SUBDIVISION,A1A00A,1001.0,SINGLE FAMILY RESIDENTIAL,RD-7,0.0,,2473.0,,2473.0,2.0,,4.0,,,,,20240430.0,711500.0,UNINCORPORATED COUNTY,617700308395491327,Tier 2: Zero Improvement,occupied_structure_missing_improvement_data
12112700220000,121-1270-022-0000,8491 GURMIT CT,ELK GROVE,CA,95624.0,38.449227,-121.368833,CROWNE COMMUNITIES ELK GROVE LLC,,YUBA CITY,CA,95991.0,107858.0,,107858.0,2024.0,,0.0,RES/SINGLE FAMILY/SUBDIVISION,A1A00A,1001.0,SINGLE FAMILY RESIDENTIAL,RD-7,0.0,,2779.0,,2779.0,2.0,,5.0,,,,,20240612.0,765000.0,UNINCORPORATED COUNTY,617700308395491327,Tier 2: Zero Improvement,occupied_structure_missing_improvement_data
12111500450000,121-1150-045-0000,CALVINE RD,SACRAMENTO,CA,95829.0,38.452801,-121.364986,SOUTHGATE RECREATION AND PARK DISTRICT,,SACRAMENTO,CA,95823.0,,,,2024.0,,0.0,"MISC, UNUSABLE-SMALL",MSMALA,8009.0,"WASTE LAND, MARSH, SWAMP, SUBMERGED-VACANT LAND",RD-10,14902.0,SF,,,,,,,,,,,20191219.0,,UNINCORPORATED COUNTY,617700308387889151,Tier 2: Zero Improvement,public_park_or_recreation_agency
12111500460000,121-1150-046-0000,9077 CALVINE RD,SACRAMENTO,CA,95829.0,38.45281,-121.363833,SOUTHGATE RECREATION AND PARK DISTRICT,,SACRAMENTO,CA,95823.0,,,,2024.0,,0.0,"MISC, UNUSABLE-SMALL",MSMALA,8009.0,"WASTE LAND, MARSH, SWAMP, SUBMERGED-VACANT LAND",RD-10,2166.0,SF,,,,,,,,,,,20191219.0,,UNINCORPORATED COUNTY,617700308387889151,Tier 2: Zero Improvement,public_park_or_recreation_agency
12107100680000,121-0710-068-0000,DEDDINGTON WAY,SACRAMENTO,CA,95829.0,38.461325,-121.354279,SOUTHGATE RECREATIONAL & PARK DISTRICTS,,SACRAMENTO,CA,95823.0,,,,2024.0,,0.0,"MISC, UNUSABLE-SMALL",MSMALA,8009.0,"WASTE LAND, MARSH, SWAMP, SUBMERGED-VACANT LAND",RD-7,3700.0,SF,,,,,,,,,,,,,UNINCORPORATED COUNTY,617700307877756927,Tier 2: Zero Improvement,public_park_or_recreation_agency
12104300160000,121-0430-016-0000,WATERMAN RD,SACRAMENTO,CA,95829.0,38.460176,-121.353628,SOUTHGATE RECREATION & PARK DISTRICT,,SACRAMENTO,CA,95823.0,,,,2024.0,20080321.0,0.0,VAC RETAIL UNDER 2 AC,IBEDFA,8002.0,COMMERCIAL-VACANT LAND,RD-20,9.7799997,AC,,,,,,,,,,,20080321.0,,UNINCORPORATED COUNTY,617700307877756927,Tier 1: Coded Vacant,public_park_or_recreation_agency
12107100690000,121-0710-069-0000,WESTRAY DR,SACRAMENTO,CA,95829.0,38.460513,-121.354288,SOUTHGATE RECREATIONAL & PARK DISTRICTS,,SACRAMENTO,CA,95823.0,,,,2024.0,,0.0,"MISC, UNUSABLE-SMALL",MSMALA,8009.0,"WASTE LAND, MARSH, SWAMP, SUBMERGED-VACANT LAND",RD-7,3519.0,SF,,,,,,,,,,,,,UNINCORPORATED COUNTY,617700307877756927,Tier 2: Zero Improvement,public_park_or_recreation_agency
12101100370000,121-0110-037-0000,LEMAS RD,SACRAMENTO,CA,95829.0,38.461949,-121.351641,SOUTHGATE RECREATION & PARK DISTRICT,,SACRAMENTO,CA,95823.0,,,,2024.0,19890519.0,0.0,VACANT RESIDENTIAL UNDER 2 AC,IAEAAA,8001.0,RESIDENTIAL-VACANT LAND,RD-20,1.45,AC,,,,,,,,,,,,,UNINCORPORATED COUNTY,617700307877756927,Tier 1: Coded Vacant,public_park_or_recreation_agency
12109500580000,121-0950-058-0000,KINGSBRIDGE DR,SACRAMENTO,CA,95829.0,38.45472,-121.348777,SOUTHGATE RECREATION & PARK DISTRICT,,SACRAMENTO,CA,95823.0,,,,2024.0,20030407.0,0.0,"MISC, UNUSABLE-SMALL",MSMALA,8009.0,"WASTE LAND, MARSH, SWAMP, SUBMERGED-VACANT LAND",RD-5,1520.0,SF,,,,,,,,,,,,,UNINCORPORATED COUNTY,617700308372422655,Tier 2: Zero Improvement,public_park_or_recreation_agency
12112800010000,121-1280-001-0000,9522 DEL SEIS DR,SACRAMENTO,CA,95829.0,38.459634,-121.342309,CHANNITA LASOY THAVISAY & KEUNG,,SACRAMENTO,CA,95829.0,133973.0,,133973.0,2024.0,,0.0,RES/SINGLE FAMILY/SUBDIVISION,A1A00A,1001.0,SINGLE FAMILY RESIDENTIAL,RD-7,0.0,,1886.0,2023.0,1886.0,1.0,,3.0,,,,,20240430.0,623500.0,UNINCORPORATED COUNTY,617700307875135487,Tier 2: Zero Improvement,occupied_structure_missing_improvement_data
12112800340000,121-1280-034-0000,9500 DEL SEIS DR,SACRAMENTO,CA,95829.0,38.45906,-121.342525,RICHMOND AMERICAN HOMES OF MARYLAND INC,,SUISUN CITY,CA,94585.0,123361.0,,123361.0,2024.0,,0.0,RES/SINGLE FAMILY/SUBDIVISION,A1A00A,1001.0,SINGLE FAMILY RESIDENTIAL,RD-10,0.0,,1901.0,,1901.0,2.0,,3.0,,,,,20240827.0,563000.0,UNINCORPORATED COUNTY,617700307875135487,Tier 2: Zero Improvement,occupied_structure_missing_improvement_data
12112800350000,121-1280-035-0000,9504 DEL SEIS DR,SACRAMENTO,CA,95829.0,38.459176,-121.342525,RICHMOND AMERICAN HOMES OF MARYLAND INC,,SUISUN CITY,CA,94585.0,123361.0,,123361.0,2024.0,,0.0,RES/SINGLE FAMILY/SUBDIVISION,A1A00A,1001.0,SINGLE FAMILY RESIDENTIAL,RD-10,0.0,,1281.0,,1281.0,1.0,,3.0,,,,,20240925.0,531000.0,UNINCORPORATED COUNTY,617700307875135487,Tier 2: Zero Improvement,occupied_structure_missing_improvement_data
12112800330000,121-1280-033-0000,9496 DEL SEIS DR,SACRAMENTO,CA,95829.0,38.458945,-121.342525,RICHMOND AMERICAN HOMES OF MARYLAND INC,,SUISUN CITY,CA,94585.0,123361.0,,123361.0,2024.0,,0.0,RES/SINGLE FAMILY/SUBDIVISION,A1A00A,1001.0,SINGLE FAMILY RESIDENTIAL,RD-10,0.0,,1634.0,,1634.0,2.0,,3.0,,,,,20240517.0,535000.0,UNINCORPORATED COUNTY,617700307875135487,Tier 2: Zero Improvement,occupied_structure_missing_improvement_data
12112800270000,121-1280-027-0000,8336 LOYAL DR,SACRAMENTO,CA,95829.0,38.458391,-121.34229,RICHMOND AMERICAN HOMES OF MARYLAND INC,,SUISUN CITY,CA,94585.0,123361.0,,123361.0,2024.0,,0.0,RES/SINGLE FAMILY/SUBDIVISION,A1A00A,1001.0,SINGLE FAMILY RESIDENTIAL,RD-10,0.0,,1281.0,,1281.0,1.0,,2.0,,,,,20240614.0,487000.0,UNINCORPORATED COUNTY,617700307876184063,Tier 2: Zero Improvement,occupied_structure_missing_improvement_data
12112800260000,121-1280-026-0000,8332 LOYAL DR,SACRAMENTO,CA,95829.0,38.458394,-121.342132,RICHMOND AMERICAN HOMES OF MARYLAND INC,,SUISUN CITY,CA,94585.0,123361.0,,123361.0,2024.0,,0.0,RES/SINGLE FAMILY/SUBDIVISION,A1A00A,1001.0,SINGLE FAMILY RESIDENTIAL,RD-10,0.0,,1634.0,,1634.0,2.0,,3.0,,,,,20240715.0,547500.0,UNINCORPORATED COUNTY,617700307876184063,Tier 2: Zero Improvement,occupied_structure_missing_improvement_data
12112900540000,121-1290-054-0000,8252 HONOR CT,SACRAMENTO,CA,95829.0,38.457942,-121.342221,RICHMOND AMERICAN HOMES OF MARYLAND INC,,SUISUN CITY,CA,94585.0,128137.0,,128137.0,2024.0,,0.0,RES/SINGLE FAMILY/SUBDIVISION,A1A00A,1001.0,SINGLE FAMILY RESIDENTIAL,RD-7,0.0,,1516.0,,1516.0,1.0,,3.0,,,,,20240530.0,555000.0,UNINCORPORATED COUNTY,617700307876184063,Tier 2: Zero Improvement,occupied_structure_missing_improvement_data
12112900530000,121-1290-053-0000,8248 HONOR CT,SACRAMENTO,CA,95829.0,38.458095,-121.342223,DINH NHAT LINH THI & VI QUANG TRINH,,SACRAMENTO,CA,95829.0,112749.0,,112749.0,2024.0,,0.0,RES/SINGLE FAMILY/SUBDIVISION,A1A00A,1001.0,SINGLE FAMILY RESIDENTIAL,RD-7,0.0,,1744.0,,1744.0,1.0,,3.0,,,,,20240430.0,600000.0,UNINCORPORATED COUNTY,617700307876184063,Tier 2: Zero Improvement,occupied_structure_missing_improvement_data
12112800240000,121-1280-024-0000,8324 LOYAL DR,SACRAMENTO,CA,95829.0,38.458374,-121.341837,RICHMOND AMERICAN HOMES OF MARYLAND INC,,SUISUN CITY,CA,94585.0,123361.0,,123361.0,2024.0,,0.0,RES/SINGLE FAMILY/SUBDIVISION,A1A00A,1001.0,SINGLE FAMILY RESIDENTIAL,RD-10,0.0,,1281.0,,1281.0,1.0,,3.0,,,,,20240927.0,513500.0,UNINCORPORATED COUNTY,617700307876184063,Tier 2: Zero Improvement,occupied_structure_missing_improvement_data
12112900790000,121-1290-079-0000,8316 LOYAL DR,SACRAMENTO,CA,95829.0,38.458218,-121.341523,RICHMOND AMERICAN HOMES OF MARYLAND INC,,SUISUN CITY,CA,94585.0,123321.0,,123321.0,2024.0,,0.0,RES/SINGLE FAMILY/SUBDIVISION,A1A00A,1001.0,SINGLE FAMILY RESIDENTIAL,RD-10,0.0,,1901.0,,1901.0,2.0,,4.0,,,,,20240716.0,565000.0,UNINCORPORATED COUNTY,617700307876184063,Tier 2: Zero Improvement,occupied_structure_missing_improvement_data
12112900630000,121-1290-063-0000,8313 LOYAL DR,SACRAMENTO,CA,95829.0,38.457914,-121.341675,RICHMOND AMERICAN HOMES OF MARYLAND INC,,SUISUN CITY,CA,94585.0,112749.0,,112749.0,2024.0,,0.0,RES/SINGLE FAMILY/SUBDIVISION,A1A00A,1001.0,SINGLE FAMILY RESIDENTIAL,RD-7 RD-10,0.0,,1901.0,,1901.0,2.0,,3.0,,,,,20240903.0,570500.0,UNINCORPORATED COUNTY,617700307876184063,Tier 2: Zero Improvement,occupied_structure_missing_improvement_data
12112900620000,121-1290-062-0000,8317 LOYAL DR,SACRAMENTO,CA,95829.0,38.458011,-121.341821,RICHMOND AMERICAN HOMES OF MARYLAND INC,,SUISUN CITY,CA,94585.0,112749.0,,112749.0,2024.0,,0.0,RES/SINGLE FAMILY/SUBDIVISION,A1A00A,1001.0,SINGLE FAMILY RESIDENTIAL,RD-10 RD-7,0.0,,1634.0,,1634.0,2.0,,3.0,,,,,20240515.0,529000.0,UNINCORPORATED COUNTY,617700307876184063,Tier 2: Zero Improvement,occupied_structure_missing_improvement_data
12112900780000,121-1290-078-0000,8312 LOYAL DR,SACRAMENTO,CA,95829.0,38.458149,-121.341406,RICHMOND AMERICAN HOMES OF MARYLAND INC,,SUISUN CITY,CA,94585.0,123361.0,,123361.0,2024.0,,0.0,RES/SINGLE FAMILY/SUBDIVISION,A1A00A,1001.0,SINGLE FAMILY RESIDENTIAL,RD-10,0.0,,1281.0,,1281.0,1.0,,2.0,,,,,20240621.0,508000.0,UNINCORPORATED COUNTY,617700307876184063,Tier 2: Zero Improvement,occupied_structure_missing_improvement_data
12112900770000,121-1290-077-0000,8308 LOYAL DR,SACRAMENTO,CA,95829.0,38.458079,-121.341289,RICHMOND AMERICAN HOMES OF MARYLAND INC,,SUISUN CITY,CA,94585.0,123361.0,,123361.0,2024.0,,0.0,RES/SINGLE FAMILY/SUBDIVISION,A1A00A,1001.0,SINGLE FAMILY RESIDENTIAL,RD-10,0.0,,1901.0,,1901.0,2.0,,3.0,,,,,20240628.0,613500.0,UNINCORPORATED COUNTY,617700307876184063,Tier 2: Zero Improvement,occupied_structure_missing_improvement_data
12112800250000,121-1280-025-0000,8328 LOYAL DR,SACRAMENTO,CA,95829.0,38.458389,-121.341985,RICHMOND AMERICAN HOMES OF MARYLAND INC,,SUISUN CITY,CA,94585.0,123361.0,,123361.0,2024.0,,0.0,RES/SINGLE FAMILY/SUBDIVISION,A1A00A,1001.0,SINGLE FAMILY RESIDENTIAL,RD-10,0.0,,1901.0,,1901.0,2.0,,4.0,,,,,20240702.0,600500.0,UNINCORPORATED COUNTY,617700307876184063,Tier 2: Zero Improvement,occupied_structure_missing_improvement_data
12112900560000,121-1290-056-0000,8260 HONOR CT,SACRAMENTO,CA,95829.0,38.457657,-121.342222,RICHMOND AMERICAN HOMES OF MARYLAND INC,,SUISUN CITY,CA,94585.0,133973.0,,133973.0,2024.0,,0.0,RES/SINGLE FAMILY/SUBDIVISION,A1A00A,1001.0,SINGLE FAMILY RESIDENTIAL,RD-7,0.0,,1516.0,,1516.0,1.0,,3.0,,,,,20240726.0,536500.0,UNINCORPORATED COUNTY,617700307876184063,Tier 2: Zero Improvement,occupied_structure_missing_improvement_data
12112900550000,121-1290-055-0000,8256 HONOR CT,SACRAMENTO,CA,95829.0,38.457799,-121.342221,RICHMOND AMERICAN HOMES OF MARYLAND INC,,SUISUN CITY,CA,94585.0,128137.0,,128137.0,2024.0,,0.0,RES/SINGLE FAMILY/SUBDIVISION,A1A00A,1001.0,SINGLE FAMILY RESIDENTIAL,RD-7,0.0,,2629.0,,2629.0,2.0,,5.0,,,,,20240930.0,689000.0,UNINCORPORATED COUNTY,617700307876184063,Tier 2: Zero Improvement,occupied_structure_missing_improvement_data
12112900610000,121-1290-061-0000,8259 HONOR CT,SACRAMENTO,CA,95829.0,38.457703,-121.34176,RICHMOND AMERICAN HOMES OF MARYLAND INC,,SUISUN CITY,CA,94585.0,133973.0,,133973.0,2024.0,,0.0,RES/SINGLE FAMILY/SUBDIVISION,A1A00A,1001.0,SINGLE FAMILY RESIDENTIAL,RD-7,0.0,,2055.0,,2055.0,2.0,,4.0,,,,,20240730.0,666500.0,UNINCORPORATED COUNTY,617700307876184063,Tier 2: Zero Improvement,occupied_structure_missing_improvement_data
12112900650000,121-1290-065-0000,8305 LOYAL DR,SACRAMENTO,CA,95829.0,38.457775,-121.341441,RICHMOND AMERICAN HOMES OF MARYLAND INC,,SUISUN CITY,CA,94585.0,112749.0,,112749.0,2024.0,,0.0,RES/SINGLE FAMILY/SUBDIVISION,A1A00A,1001.0,SINGLE FAMILY RESIDENTIAL,RD-7 RD-10,0.0,,1281.0,,1281.0,1.0,,2.0,,,,,20240621.0,492000.0,UNINCORPORATED COUNTY,617700307876184063,Tier 2: Zero Improvement,occupied_structure_missing_improvement_data
12112900640000,121-1290-064-0000,8309 LOYAL DR,SACRAMENTO,CA,95829.0,38.457845,-121.341558,RICHMOND AMERICAN HOMES OF MARYLAND INC,,SUISUN CITY,CA,94585.0,112749.0,,112749.0,2024.0,,0.0,RES/SINGLE FAMILY/SUBDIVISION,A1A00A,1001.0,SINGLE FAMILY RESIDENTIAL,RD-10 RD-7,0.0,,1634.0,,1634.0,2.0,,3.0,,,,,20240618.0,535000.0,UNINCORPORATED COUNTY,617700307876184063,Tier 2: Zero Improvement,occupied_structure_missing_improvement_data
12112900600000,121-1290-060-0000,8263 HONOR CT,SACRAMENTO,CA,95829.0,38.457509,-121.341734,RICHMOND AMERICAN HOMES OF MARYLAND INC,,SUISUN CITY,CA,94585.0,123361.0,,123361.0,2024.0,,0.0,RES/SINGLE FAMILY/SUBDIVISION,A1A00A,1001.0,SINGLE FAMILY RESIDENTIAL,RD-7,0.0,,2629.0,,2629.0,2.0,,6.0,,,,,20240927.0,691500.0,UNINCORPORATED COUNTY,617700307876184063,Tier 2: Zero Improvement,occupied_structure_missing_improvement_data
12112900010000,121-1290-001-0000,8253 LOYAL DR,SACRAMENTO,CA,95829.0,38.457815,-121.339596,RICHMOND AMERICAN HOMES OF MARYLAND INC,,SUISUN CITY,CA,94585.0,133973.0,,133973.0,2024.0,,0.0,RES/SINGLE FAMILY/SUBDIVISION,A1A00A,1001.0,SINGLE FAMILY RESIDENTIAL,RD-7,0.0,,2629.0,,2629.0,2.0,,4.0,,,,,,,UNINCORPORATED COUNTY,617700307880116223,Tier 2: Zero Improvement,occupied_structure_missing_improvement_data
12101800060000,121-0180-006-0000,8404 JORDAN RANCH RD,ELK GROVE,CA,95624.0,38.452196,-121.349244,LY LAURA TU ON,,ELK GROVE,CA,95624.0,284131.0,,284131.0,2024.0,,0.0,RES/SINGLE FAMILY/RURAL HOME(2-5 AC),A1D00A,1008.0,RURAL/AGRICULTURAL RESIDENCE,RD-4,2.0599999,AC,649.0,1984.0,649.0,2,,1.0,,,,,20200218.0,265000.0,UNINCORPORATED COUNTY,617700308372422655,Tier 2: Zero Improvement,occupied_structure_missing_improvement_data
12208600230000,122-0860-023-0000,7679 HEATHERPACE DR,SACRAMENTO,CA,95829.0,38.47929,-121.323053,YAGEN-MARTINEZ JONATHAN RYAN,,SACRAMENTO,CA,95829.0,104040.0,,104040.0,2024.0,,0.0,RES/SINGLE FAMILY/SUBDIVISION,A1A00A,1001.0,SINGLE FAMILY RESIDENTIAL,RD-7,0.0,,1556.0,,1556.0,2,,3.0,,,,,20240124.0,477500.0,UNINCORPORATED COUNTY,617700307910787071,Tier 2: Zero Improvement,occupied_structure_missing_improvement_data
12200500350000,122-0050-035-0000,9922 GERBER RD,SACRAMENTO,CA,95829.0,38.476704,-121.324985,SOUTHGATE RECREATION & PARK DISTRICT,,SACRAMENTO,CA,95823.0,,,,2024.0,20070606.0,0.0,VACANT RESIDENTIAL UNDER 2 AC,IAEEAB,8001.0,RESIDENTIAL-VACANT LAND,O,1.8099999,AC,,,,,,,,,,,,161500.0,UNINCORPORATED COUNTY,617700307911835647,Tier 1: Coded Vacant,public_park_or_recreation_agency
12208600930000,122-0860-093-0000,7671 STRINGER WAY,SACRAMENTO,CA,95829.0,38.479101,-121.321639,COOPER HENRY G & FATU M YAH & MAC H COOPER,,SACRAMENTO,CA,95829.0,121380.0,,121380.0,2024.0,,0.0,RES/SINGLE FAMILY/SUBDIVISION,A1A00A,1001.0,SINGLE FAMILY RESIDENTIAL,RD-7,0.0,,2379.0,,2379.0,2,,3.0,,,,,20240131.0,597000.0,UNINCORPORATED COUNTY,617700307901087743,Tier 2: Zero Improvement,occupied_structure_missing_improvement_data
12208700680000,122-0870-068-0000,7667 BROADHEAD WAY,SACRAMENTO,CA,95829.0,38.47928,-121.320242,TAYLOR MORRISON OF CALIFORNIA LLC,,FOLSOM,CA,95630.0,111000.0,,111000.0,2024.0,,0.0,RES/SINGLE FAMILY/SUBDIVISION,A1A00A,1001.0,SINGLE FAMILY RESIDENTIAL,RD-5,0.0,,2248.0,,2248.0,2,,4.0,,,,,20240529.0,576000.0,UNINCORPORATED COUNTY,617700307899777023,Tier 2: Zero Improvement,occupied_structure_missing_improvement_data
12200600260000,122-0060-026-0000,7713 VINEYARD RD,SACRAMENTO,CA,95829.0,38.478117,-121.311932,SOUTHGATE RECREATION & PARK DISTRICT,,SACRAMENTO,CA,95823.0,,,,2024.0,19930719.0,0.0,GOLF COURSE (PUBLIC),FAB00A,4028.0,GOLF COURSE,AR-5,145.99001,AC,,,,,,,,,,,,,UNINCORPORATED COUNTY,617700307913146367,Tier 2: Zero Improvement,public_park_or_recreation_agency
12208700660000,122-0870-066-0000,7675 BROADHEAD WAY,SACRAMENTO,CA,95829.0,38.479033,-121.320239,TAYLOR MORRISON OF CALIFORNIA LLC,,FOLSOM,CA,95630.0,111000.0,,111000.0,2024.0,,0.0,RES/SINGLE FAMILY/SUBDIVISION,A1A00A,1001.0,SINGLE FAMILY RESIDENTIAL,RD-5,0.0,,2125.0,,2125.0,2,,4.0,,,,,20240530.0,550000.0,UNINCORPORATED COUNTY,617700307901087743,Tier 2: Zero Improvement,occupied_structure_missing_improvement_data
12208700650000,122-0870-065-0000,7679 BROADHEAD WAY,SACRAMENTO,CA,95829.0,38.478909,-121.320238,TAYLOR MORRISON OF CALIFORNIA LLC,,FOLSOM,CA,95630.0,111000.0,,111000.0,2024.0,,0.0,RES/SINGLE FAMILY/SUBDIVISION,A1A00A,1001.0,SINGLE FAMILY RESIDENTIAL,RD-5,0.0,,2002.0,,2002.0,2,,4.0,,,,,20240524.0,,UNINCORPORATED COUNTY,617700307901087743,Tier 2: Zero Improvement,occupied_structure_missing_improvement_data
12208700670000,122-0870-067-0000,7671 BROADHEAD WAY,SACRAMENTO,CA,95829.0,38.479157,-121.320241,TAYLOR MORRISON OF CALIFORNIA LLC,,FOLSOM,CA,95630.0,111000.0,,111000.0,2024.0,,0.0,RES/SINGLE FAMILY/SUBDIVISION,A1A00A,1001.0,SINGLE FAMILY RESIDENTIAL,RD-5,0.0,,2248.0,,2248.0,2,,4.0,,,,,20240531.0,598500.0,UNINCORPORATED COUNTY,617700307901087743,Tier 2: Zero Improvement,occupied_structure_missing_improvement_data
12200600250000,122-0060-025-0000,VINEYARD RD,SACRAMENTO,CA,95829.0,38.476181,-121.31544,SOUTHGATE RECREATION & PARK DISTRICT,,SACRAMENTO,CA,95823.0,,,,2024.0,19930719.0,0.0,GOLF COURSE (PUBLIC),FAB00A,4028.0,GOLF COURSE,AR-5,625.0,SF,,,,,,,,,,,,,UNINCORPORATED COUNTY,617700307912622079,Tier 2: Zero Improvement,public_park_or_recreation_agency
12205700190000,122-0570-019-0000,WILDHAWK WEST DR,SACRAMENTO,CA,95829.0,38.473954,-121.31627,SOUTHGATE PARK & RECREATION DISTRICT,,SACRAMENTO,CA,95823.0,,,,2024.0,20021212.0,0.0,"MISC, UNUSABLE-SMALL",MSMALA,8009.0,"WASTE LAND, MARSH, SWAMP, SUBMERGED-VACANT LAND",RD-5,25932.0,SF,,,,,,,,,,,,,UNINCORPORATED COUNTY,617700307908689919,Tier 2: Zero Improvement,public_park_or_recreation_agency
12206100400000,122-0610-040-0000,FAZIO DR,SACRAMENTO,CA,95829.0,38.471883,-121.318113,SOUTHGATE PARK & RECREATION DISTRICT,,SACRAMENTO,CA,95823.0,,,,2024.0,20021212.0,0.0,"MISC, UNUSABLE-SMALL",MSMALA,8009.0,"WASTE LAND, MARSH, SWAMP, SUBMERGED-VACANT LAND",RD-5,33602.0,SF,,,,,,,,,,,,,UNINCORPORATED COUNTY,617700307908689919,Tier 2: Zero Improvement,public_park_or_recreation_agency
12205700180000,122-0570-018-0000,MISSION HILLS DR,SACRAMENTO,CA,95829.0,38.474274,-121.316253,SOUTHGATE PARK & RECREATION DISTRICT,,SACRAMENTO,CA,95823.0,,,,2024.0,20021212.0,0.0,"MISC, UNUSABLE-SMALL",MSMALA,8009.0,"WASTE LAND, MARSH, SWAMP, SUBMERGED-VACANT LAND",RD-5,2629.0,SF,,,,,,,,,,,,,UNINCORPORATED COUNTY,617700307908689919,Tier 2: Zero Improvement,public_park_or_recreation_agency
12201300140000,122-0130-014-0000,CARMENCITA AVE,SACRAMENTO,CA,95829.0,38.466722,-121.325978,SOUTHGATE RECREATION AND PARK DISTRICT,,SACRAMENTO,CA,95823.0,,,,2024.0,,0.0,VACANT RES (2-5 AC SITE),IAFEAA,8001.0,RESIDENTIAL-VACANT LAND,AR-10,2.5599999,AC,,,,,,,,,,,20220104.0,,UNINCORPORATED COUNTY,617700308624080895,Tier 1: Coded Vacant,public_park_or_recreation_agency
12201300210000,122-0130-021-0000,CARMENCITA AVE,SACRAMENTO,CA,95829.0,38.465348,-121.327199,SOUTHGATE RECREATION & PARK DISTRICT,,SACRAMENTO,CA,95823.0,,,,2024.0,,0.0,VACANT RES (10-49 ACRES),IABAAA,8001.0,RESIDENTIAL-VACANT LAND,AR-10,0.0,,,,,,,,,,,,,,UNINCORPORATED COUNTY,617700308623556607,Tier 1: Coded Vacant,public_park_or_recreation_agency
12201300160000,122-0130-016-0000,CARMENCITA AVE,SACRAMENTO,CA,95829.0,38.465464,-121.329911,SOUTHGATE RECREATION AND PARK DISTRICT,,SACRAMENTO,CA,95823.0,,,,2024.0,,0.0,"MISC, UNUSABLE-SMALL",MSMALA,8009.0,"WASTE LAND, MARSH, SWAMP, SUBMERGED-VACANT LAND",AR-10,0.0,,,,,,,,,,,,,,UNINCORPORATED COUNTY,617700307871465471,Tier 2: Zero Improvement,public_park_or_recreation_agency
12201200530000,122-0120-053-0000,VINEYARD RD,SACRAMENTO,CA,95829.0,38.464746,-121.324918,SOUTHGATE RECREATION & PARK DISTRICT,,SACRAMENTO,CA,95823.0,,,,2024.0,,0.0,VACANT RES (2-5 AC SITE),IAFEAA,8001.0,RESIDENTIAL-VACANT LAND,AG-20,0.0,,,,,,,,,,,,,,UNINCORPORATED COUNTY,617700308623294463,Tier 1: Coded Vacant,public_park_or_recreation_agency
12201200520000,122-0120-052-0000,VINEYARD RD,SACRAMENTO,CA,95829.0,38.465723,-121.325096,SOUTHGATE RECREATION & PARK DISTRICT,,SACRAMENTO,CA,95823.0,,,,2024.0,,0.0,VACANT RESIDENTIAL UNDER 2 AC,IAEEAA,8001.0,RESIDENTIAL-VACANT LAND,AG-20,0.0,,,,,,,,,,,,,,UNINCORPORATED COUNTY,617700308624080895,Tier 1: Coded Vacant,public_park_or_recreation_agency
12206200370000,122-0620-037-0000,DESERT DUNES CT,SACRAMENTO,CA,95829.0,38.46943,-121.316271,SOUTHGATE PARK & RECREATION DISTRICT,,SACRAMENTO,CA,95823.0,,,,2024.0,20021212.0,0.0,"MISC, UNUSABLE-SMALL",MSMALA,8009.0,"WASTE LAND, MARSH, SWAMP, SUBMERGED-VACANT LAND",RD-5,7500.0,SF,,,,,,,,,,,,,UNINCORPORATED COUNTY,617700307909738495,Tier 2: Zero Improvement,public_park_or_recreation_agency
12206200360000,122-0620-036-0000,DESERT DUNES CT,SACRAMENTO,CA,95829.0,38.468555,-121.316271,SOUTHGATE PARK & RECREATION DISTRICT,,SACRAMENTO,CA,95823.0,,,,2024.0,20021212.0,0.0,"MISC, UNUSABLE-SMALL",MSMALA,8009.0,"WASTE LAND, MARSH, SWAMP, SUBMERGED-VACANT LAND",RD-5,7602.0,SF,,,,,,,,,,,,,UNINCORPORATED COUNTY,617700308628275199,Tier 2: Zero Improvement,public_park_or_recreation_agency
12208100430000,122-0810-043-0000,8050 VINEYARD RD,SACRAMENTO,CA,95829.0,38.466535,-121.316163,SOUTHGATE RECREATION & PARK DISTRICT,,SACRAMENTO,CA,95823.0,,,,2024.0,,0.0,"MISC, UNUSABLE-SMALL",MSMALA,8009.0,"WASTE LAND, MARSH, SWAMP, SUBMERGED-VACANT LAND",RD-4,8621.0,SF,,,,,,,,,,,20180105.0,1650000.0,UNINCORPORATED COUNTY,617700308627750911,Tier 2: Zero Improvement,public_park_or_recreation_agency
12208100420000,122-0810-042-0000,VINEYARD RD,SACRAMENTO,CA,95829.0,38.467412,-121.316163,SOUTHGATE RECREATION & PARK DISTRICT,,SACRAMENTO,CA,95823.0,,,,2024.0,,0.0,"MISC, UNUSABLE-SMALL",MSMALA,8009.0,"WASTE LAND, MARSH, SWAMP, SUBMERGED-VACANT LAND",RD-4,2691.0,SF,,,,,,,,,,,20180105.0,,UNINCORPORATED COUNTY,617700308627750911,Tier 2: Zero Improvement,public_park_or_recreation_agency
12201200540000,122-0120-054-0000,9845 WILDHAWK WEST DR,SACRAMENTO,CA,95829.0,38.465608,-121.32252,SOUTHGATE RECREATION & PARK DISTRICT,,SACRAMENTO,CA,95823.0,,,,2024.0,,0.0,"VACANT RESIDENTIAL, 10-49 AC",IABCAA,8001.0,RESIDENTIAL-VACANT LAND,RD-5 RD-4,0.0,,,,,,,,,,,,,,UNINCORPORATED COUNTY,617700308623818751,Tier 1: Coded Vacant,public_park_or_recreation_agency
12203500210000,122-0350-021-0000,VINEYARD RD,SACRAMENTO,CA,95829.0,38.463315,-121.316177,SOUTHGATE RECREATION & PARK DISTRICT,,SACRAMENTO,CA,95823.0,,,,2024.0,19900718.0,0.0,"MISC, UNUSABLE-SMALL",MSMALA,8009.0,"WASTE LAND, MARSH, SWAMP, SUBMERGED-VACANT LAND",AR-1,6988.0,SF,,,,,,,,,,,,,UNINCORPORATED COUNTY,617700308628799487,Tier 2: Zero Improvement,public_park_or_recreation_agency
12204300720000,122-0430-072-0000,VINEYARD RD,SACRAMENTO,CA,95829.0,38.465268,-121.315876,SOUTHGATE RECREATION & PARK DISTRICT,,SACRAMENTO,CA,95823.0,,,,2024.0,20020814.0,0.0,"MISC, UNUSABLE-SMALL",MSMALA,8009.0,"WASTE LAND, MARSH, SWAMP, SUBMERGED-VACANT LAND",AR-1,3935.0,SF,,,,,,,,,,,20020814.0,,UNINCORPORATED COUNTY,617700308627488767,Tier 2: Zero Improvement,public_park_or_recreation_agency
12206600340000,122-0660-034-0000,TIGERWOODS DR,SACRAMENTO,CA,95829.0,38.472031,-121.310817,SOUTHGATE RECREATION & PARK DISTRICT,,SACRAMENTO,CA,95823.0,,,,2024.0,20020924.0,0.0,"MISC, UNUSABLE-SMALL",MSMALA,8009.0,"WASTE LAND, MARSH, SWAMP, SUBMERGED-VACANT LAND",RD-4,1715.0,SF,,,,,,,,,,,,,UNINCORPORATED COUNTY,617700307913408511,Tier 2: Zero Improvement,public_park_or_recreation_agency
12206600350000,122-0660-035-0000,SORENSTAM DR,SACRAMENTO,CA,95829.0,38.472029,-121.310386,SOUTHGATE RECREATION & PARK DISTRICT,,SACRAMENTO,CA,95823.0,,,,2024.0,20020924.0,0.0,"MISC, UNUSABLE-SMALL",MSMALA,8009.0,"WASTE LAND, MARSH, SWAMP, SUBMERGED-VACANT LAND",RD-2 RD-4,7362.0,SF,,,,,,,,,,,,,UNINCORPORATED COUNTY,617700307913408511,Tier 2: Zero Improvement,public_park_or_recreation_agency
12201100180000,122-0110-018-0000,SADDLE CREEK DR,SACRAMENTO,CA,95829.0,38.467104,-121.301298,SOUTHGATE RECREATION & PARK DISTRICT,,SACRAMENTO,CA,95823.0,,,,2024.0,19921030.0,0.0,VACANT RES (50-100 ACRES),IACAAA,8001.0,RESIDENTIAL-VACANT LAND,AR-1,75.339996,AC,,,,,,,,,,,,,UNINCORPORATED COUNTY,617700308666810367,Tier 1: Coded Vacant,public_park_or_recreation_agency
12201500810000,122-0150-081-0000,ELSIE IDA WAY,SACRAMENTO,CA,95829.0,38.455799,-121.325598,SOUTHGATE REC & PARK DIST,,SACRAMENTO,CA,95823.0,,,,2024.0,20100114.0,0.0,VACANT RESIDENTIAL UNDER 2 AC,IAEAAE,8001.0,RESIDENTIAL-VACANT LAND,RD-4,6358.0,SF,,,,,,,,,,,,,UNINCORPORATED COUNTY,617700308632207359,Tier 1: Coded Vacant,public_park_or_recreation_agency
12207100640000,122-0710-064-0000,9926 OBSIDIAN WAY,SACRAMENTO,CA,95829.0,38.456397,-121.324717,SOUTHGATE RECREATION & PARK DISTRICT,,SACRAMENTO,CA,95823.0,,,,2024.0,20070213.0,0.0,VACANT RES (2-5 AC SITE),IAFAAE,8001.0,RESIDENTIAL-VACANT LAND,O,3.1500001,AC,,,,,,,,,,,20070213.0,,UNINCORPORATED COUNTY,617700308632207359,Tier 1: Coded Vacant,public_park_or_recreation_agency
12203300020000,122-0330-002-0000,SAVONA DR,SACRAMENTO,CA,95829.0,38.458829,-121.315865,SOUTHGATE RECREATION & PARK DISTRICT,,SACRAMENTO,CA,95823.0,,,,2024.0,19891206.0,0.0,"MISC, UNUSABLE-SMALL",MSMALA,8009.0,"WASTE LAND, MARSH, SWAMP, SUBMERGED-VACANT LAND",AR-1,28000.0,SF,,,,,,,,,,,,,UNINCORPORATED COUNTY,617700308621197311,Tier 2: Zero Improvement,public_park_or_recreation_agency
12203500220000,122-0350-022-0000,VINEYARD RD,SACRAMENTO,CA,95829.0,38.462161,-121.316188,SOUTHGATE RECREATION & PARK DISTRICT,,SACRAMENTO,CA,95823.0,,,,2024.0,19900718.0,0.0,"MISC, UNUSABLE-SMALL",MSMALA,8009.0,"WASTE LAND, MARSH, SWAMP, SUBMERGED-VACANT LAND",AR-1,6792.0,SF,,,,,,,,,,,,,UNINCORPORATED COUNTY,617700308621983743,Tier 2: Zero Improvement,public_park_or_recreation_agency
12203300010000,122-0330-001-0000,SAVONA DR,SACRAMENTO,CA,95829.0,38.461561,-121.315873,SOUTHGATE RECREATION & PARK DISTRICT,,SACRAMENTO,CA,95823.0,,,,2024.0,19891206.0,0.0,"MISC, UNUSABLE-SMALL",MSMALA,8009.0,"WASTE LAND, MARSH, SWAMP, SUBMERGED-VACANT LAND",AR-1,8258.0,SF,,,,,,,,,,,,,UNINCORPORATED COUNTY,617700308621983743,Tier 2: Zero Improvement,public_park_or_recreation_agency
12203700280000,122-0370-028-0000,VINEYARD RD,SACRAMENTO,CA,95829.0,38.46071,-121.316246,SOUTHGATE RECREATION & PARK DISTRICT,,SACRAMENTO,CA,95823.0,,,,2024.0,19980713.0,0.0,"MISC, UNUSABLE-SMALL",MSMALA,8009.0,"WASTE LAND, MARSH, SWAMP, SUBMERGED-VACANT LAND",RD-3,1264.0,SF,,,,,,,,,,,,,UNINCORPORATED COUNTY,617700308621983743,Tier 2: Zero Improvement,public_park_or_recreation_agency
12205400510000,122-0540-051-0000,CRISTO DR,SACRAMENTO,CA,95829.0,38.458182,-121.316233,SOUTHGATE PARK & RECREATION DISTRICT,,SACRAMENTO,CA,95823.0,,,,2024.0,20020919.0,0.0,"MISC, UNUSABLE-SMALL",MSMALA,8009.0,"WASTE LAND, MARSH, SWAMP, SUBMERGED-VACANT LAND",RD-4,2415.0,SF,,,,,,,,,,,,,UNINCORPORATED COUNTY,617700308621197311,Tier 2: Zero Improvement,public_park_or_recreation_agency
12205400520000,122-0540-052-0000,CRISTO DR,SACRAMENTO,CA,95833.0,38.458673,-121.316228,SOUTHGATE PARK & RECREATION DISTRICT,,SACRAMENTO,CA,95823.0,,,,2024.0,20020919.0,0.0,"MISC, UNUSABLE-SMALL",MSMALA,8009.0,"WASTE LAND, MARSH, SWAMP, SUBMERGED-VACANT LAND",RD-4,2255.0,SF,,,,,,,,,,,,,UNINCORPORATED COUNTY,617700308621197311,Tier 2: Zero Improvement,public_park_or_recreation_agency
12207700190000,122-0770-019-0000,8360 KELLWOOD CT,SACRAMENTO,CA,95829.0,38.453634,-121.317181,SYCAMORE GROVE 24 LLC,,SACRAMENTO,CA,95825.0,143125.0,,143125.0,2024.0,,0.0,RES/SINGLE FAMILY/SUBDIVISION,A1A00A,1001.0,SINGLE FAMILY RESIDENTIAL,RD-3,10524.0,SF,2637.0,,2637.0,1.0,,3.0,,,,,20231214.0,50000.0,UNINCORPORATED COUNTY,617700308622245887,Tier 2: Zero Improvement,occupied_structure_missing_improvement_data
12207700020000,122-0770-002-0000,10067 DAGWOOD CT,SACRAMENTO,CA,95829.0,38.454046,-121.316641,SYCAMORE GROVE 24 LLC,,SACRAMENTO,CA,95825.0,147290.0,,147290.0,2024.0,,0.0,RES/SINGLE FAMILY/SUBDIVISION,A1A00A,1001.0,SINGLE FAMILY RESIDENTIAL,RD-3,10005.0,SF,3856.0,,3856.0,2.0,,4.0,,,,,20220513.0,2475000.0,UNINCORPORATED COUNTY,617700308622245887,Tier 2: Zero Improvement,occupied_structure_missing_improvement_data
12207700040000,122-0770-004-0000,10059 DAGWOOD CT,SACRAMENTO,CA,95829.0,38.454046,-121.317113,SYCAMORE GROVE 24 LLC,,SACRAMENTO,CA,95825.0,147290.0,,147290.0,2024.0,,0.0,RES/SINGLE FAMILY/SUBDIVISION,A1A00A,1001.0,SINGLE FAMILY RESIDENTIAL,RD-3,10005.0,SF,3407.0,,3407.0,2.0,,4.0,,,,,20240731.0,979500.0,UNINCORPORATED COUNTY,617700308622245887,Tier 2: Zero Improvement,occupied_structure_missing_improvement_data
12207700250000,122-0770-025-0000,8361 KELLWOOD CT,SACRAMENTO,CA,95829.0,38.453627,-121.316534,SYCAMORE GROVE 24 LLC,,SACRAMENTO,CA,95825.0,147290.0,,147290.0,2024.0,,0.0,RES/SINGLE FAMILY/SUBDIVISION,A1A00A,1001.0,SINGLE FAMILY RESIDENTIAL,RD-3,10889.0,SF,2637.0,,2637.0,1.0,,3.0,,,,,20220513.0,2475000.0,UNINCORPORATED COUNTY,617700308622245887,Tier 2: Zero Improvement,occupied_structure_missing_improvement_data
12207700010000,122-0770-001-0000,10071 DAGWOOD CT,SACRAMENTO,CA,95829.0,38.454051,-121.316403,SYCAMORE GROVE 24 LLC,,SACRAMENTO,CA,95825.0,147290.0,,147290.0,2024.0,,0.0,RES/SINGLE FAMILY/SUBDIVISION,A1A00A,1001.0,SINGLE FAMILY RESIDENTIAL,RD-3,9996.0,SF,3407.0,,3407.0,2.0,,4.0,,,,,20220513.0,2475000.0,UNINCORPORATED COUNTY,617700308622245887,Tier 2: Zero Improvement,occupied_structure_missing_improvement_data
12207700200000,122-0770-020-0000,8364 KELLWOOD CT,SACRAMENTO,CA,95829.0,38.453435,-121.317199,SYCAMORE GROVE 24 LLC,,SACRAMENTO,CA,95825.0,147290.0,,147290.0,2024.0,,0.0,RES/SINGLE FAMILY/SUBDIVISION,A1A00A,1001.0,SINGLE FAMILY RESIDENTIAL,RD-3,10409.0,SF,3856.0,,3856.0,2.0,,4.0,,,,,20240906.0,1060000.0,UNINCORPORATED COUNTY,617700308622245887,Tier 2: Zero Improvement,occupied_structure_missing_improvement_data
12207700210000,122-0770-021-0000,8368 KELLWOOD CT,SACRAMENTO,CA,95829.0,38.453137,-121.317249,SYCAMORE GROVE 24 LLC,,SACRAMENTO,CA,95825.0,147290.0,,147290.0,2024.0,,0.0,RES/SINGLE FAMILY/SUBDIVISION,A1A00A,1001.0,SINGLE FAMILY RESIDENTIAL,RD-3,16650.0,SF,3407.0,,3407.0,2.0,,4.0,,,,,20240919.0,1022500.0,UNINCORPORATED COUNTY,617700308622245887,Tier 2: Zero Improvement,occupied_structure_missing_improvement_data
12207700220000,122-0770-022-0000,8372 KELLWOOD CT,SACRAMENTO,CA,95829.0,38.453029,-121.316877,SYCAMORE GROVE 24 LLC,,SACRAMENTO,CA,95825.0,147290.0,,147290.0,2024.0,,0.0,RES/SINGLE FAMILY/SUBDIVISION,A1A00A,1001.0,SINGLE FAMILY RESIDENTIAL,RD-3,19506.0,SF,3856.0,,3856.0,2.0,,4.0,4.0,,,,20241008.0,1211500.0,UNINCORPORATED COUNTY,617700308622245887,Tier 2: Zero Improvement,occupied_structure_missing_improvement_data
12207700240000,122-0770-024-0000,8365 KELLWOOD CT,SACRAMENTO,CA,95829.0,38.453425,-121.316512,SYCAMORE GROVE 24 LLC,,SACRAMENTO,CA,95825.0,147290.0,,147290.0,2024.0,,0.0,RES/SINGLE FAMILY/SUBDIVISION,A1A00A,1001.0,SINGLE FAMILY RESIDENTIAL,RD-3,9955.0,SF,2781.0,,2781.0,1.0,,3.0,3.0,,,,20241004.0,886000.0,UNINCORPORATED COUNTY,617700308622245887,Tier 2: Zero Improvement,occupied_structure_missing_improvement_data
12202200150000,821-0901-243-0000,10016 CALVINE RD,SACRAMENTO,CA,95829.0,38.450498,-121.319572,THIBODEAUX WILBERT & SALLY A,,SACRAMENTO,CA,95829.0,,,,2024.0,,0.0,MOBILE HOME/ON PRIVATE LAND/NOT MH PARK,ATC00A,1006.0,MOBILE/MANUFACTURED HOME (REGARDLESS OF LAND OWNERSHIP),,0.0,,320.0,1956.0,320.0,1.0,,1.0,,,,,,,UNINCORPORATED COUNTY,617700308629585919,Tier 2: Zero Improvement,occupied_structure_missing_improvement_data
12207700230000,122-0770-023-0000,8369 KELLWOOD CT,SACRAMENTO,CA,95829.0,38.453125,-121.316477,SYCAMORE GROVE 24 LLC,,SACRAMENTO,CA,95825.0,147290.0,,147290.0,2024.0,,0.0,RES/SINGLE FAMILY/SUBDIVISION,A1A00A,1001.0,SINGLE FAMILY RESIDENTIAL,RD-3,16488.0,SF,3407.0,,3407.0,2.0,,4.0,,,,,20240930.0,1030500.0,UNINCORPORATED COUNTY,617700308622245887,Tier 2: Zero Improvement,occupied_structure_missing_improvement_data
12300800100000,821-0901-258-0000,8171 EXCELSIOR RD,SACRAMENTO,CA,95829.0,38.460327,-121.29685,MARTINEZ JOSE V,,SACRAMENTO,CA,95829.0,,,,2024.0,,0.0,MOBILE HOME/ON PRIVATE LAND/NOT MH PARK,ATC00A,1006.0,MOBILE/MANUFACTURED HOME (REGARDLESS OF LAND OWNERSHIP),,0.0,,400.0,1958.0,400.0,1.0,,1.0,,,,,,,UNINCORPORATED COUNTY,617700308663140351,Tier 2: Zero Improvement,occupied_structure_missing_improvement_data
12203200520000,122-0320-052-0000,CALVINE RD,SACRAMENTO,CA,95829.0,38.45286,-121.306935,SOUTHGATE RECREATION & PARK DISTRICT,,SACRAMENTO,CA,95823.0,,,,2024.0,19890519.0,0.0,"MISC, UNUSABLE-SMALL",MSMALA,8009.0,"WASTE LAND, MARSH, SWAMP, SUBMERGED-VACANT LAND",AR-1,32912.0,SF,,,,,,,,,,,,,UNINCORPORATED COUNTY,617700308634304511,Tier 2: Zero Improvement,public_park_or_recreation_agency
12203200530000,122-0320-053-0000,CALVINE RD,SACRAMENTO,CA,95829.0,38.45287,-121.304145,SOUTHGATE RECREATION & PARK DISTRICT,,SACRAMENTO,CA,95823.0,,,,2024.0,19890519.0,0.0,"MISC, UNUSABLE-SMALL",MSMALA,8009.0,"WASTE LAND, MARSH, SWAMP, SUBMERGED-VACANT LAND",AR-1,8862.0,SF,,,,,,,,,,,,,UNINCORPORATED COUNTY,617700308634304511,Tier 2: Zero Improvement,public_park_or_recreation_agency
12204500220000,122-0450-022-0000,POLO CROSSE AVE,SACRAMENTO,CA,95829.0,38.452862,-121.301389,SOUTHGATE RECREATION & PARK DISTRICT,,SACRAMENTO,CA,95823.0,,,,2024.0,20020814.0,0.0,"MISC, UNUSABLE-SMALL",MSMALA,8009.0,"WASTE LAND, MARSH, SWAMP, SUBMERGED-VACANT LAND",AR-1,2168.0,SF,,,,,,,,,,,20020814.0,,UNINCORPORATED COUNTY,617700308607827967,Tier 2: Zero Improvement,public_park_or_recreation_agency
12204100140000,122-0410-014-0000,POLO CROSSE AVE,SACRAMENTO,CA,95829.0,38.452895,-121.301826,SOUTHGATE RECREATION & PARK DISTRICT,,SACRAMENTO,CA,95823.0,,,,2024.0,20020826.0,0.0,"MISC, UNUSABLE-SMALL",MSMALA,8009.0,"WASTE LAND, MARSH, SWAMP, SUBMERGED-VACANT LAND",AR-1,263.0,SF,,,,,,,,,,,,,UNINCORPORATED COUNTY,617700308607827967,Tier 2: Zero Improvement,public_park_or_recreation_agency
12711000290000,127-1100-029-0000,9039 CSURI ST,ELK GROVE,CA,95624.0,38.430171,-121.35915,ALTA VISTA LLC,,FOLSOM,CA,95630.0,140276.0,,140276.0,2024.0,,0.0,RES/SINGLE FAMILY/SUBDIVISION,A1A00A,1001.0,SINGLE FAMILY RESIDENTIAL,SPASP,0.0,,2285.0,,2285.0,1.0,,4.0,,,,,20240703.0,775500.0,UNINCORPORATED COUNTY,617700308349353983,Tier 2: Zero Improvement,occupied_structure_missing_improvement_data
12711000030000,127-1100-003-0000,9137 AMLING CT,ELK GROVE,CA,95624.0,38.430217,-121.360122,ALTA VISTA LLC,,FOLSOM,CA,95630.0,140276.0,,140276.0,2024.0,,0.0,RES/SINGLE FAMILY/SUBDIVISION,A1A00A,1001.0,SINGLE FAMILY RESIDENTIAL,SPASP,0.0,,2224.0,,2224.0,1.0,,4.0,,,,,20240815.0,771000.0,UNINCORPORATED COUNTY,617700308337557503,Tier 2: Zero Improvement,occupied_structure_missing_improvement_data
12711000050000,127-1100-005-0000,9140 AMLING CT,ELK GROVE,CA,95624.0,38.429771,-121.36014,ALTA VISTA LLC,,FOLSOM,CA,95630.0,140276.0,,140276.0,2024.0,,0.0,RES/SINGLE FAMILY/SUBDIVISION,A1A00A,1001.0,SINGLE FAMILY RESIDENTIAL,SPASP,0.0,,2224.0,,2224.0,1.0,,4.0,,,,,20240826.0,777000.0,UNINCORPORATED COUNTY,617700308337557503,Tier 2: Zero Improvement,occupied_structure_missing_improvement_data
12711000070000,127-1100-007-0000,9054 CSURI ST,ELK GROVE,CA,95624.0,38.429512,-121.360051,ALTA VISTA LLC,,FOLSOM,CA,95630.0,140276.0,,140276.0,2024.0,,0.0,RES/SINGLE FAMILY/SUBDIVISION,A1A00A,1001.0,SINGLE FAMILY RESIDENTIAL,SPASP,0.0,,2285.0,,2285.0,1.0,,4.0,,,,,20240830.0,794500.0,UNINCORPORATED COUNTY,617700308349353983,Tier 2: Zero Improvement,occupied_structure_missing_improvement_data
12711000270000,127-1100-027-0000,9047 CSURI ST,ELK GROVE,CA,95624.0,38.429832,-121.359386,ALTA VISTA LLC,,FOLSOM,CA,95630.0,140276.0,,140276.0,2024.0,,0.0,RES/SINGLE FAMILY/SUBDIVISION,A1A00A,1001.0,SINGLE FAMILY RESIDENTIAL,SPASP,0.0,,2224.0,,2224.0,1.0,,4.0,,,,,20240724.0,740000.0,UNINCORPORATED COUNTY,617700308349353983,Tier 2: Zero Improvement,occupied_structure_missing_improvement_data
12711000250000,127-1100-025-0000,9055 CSURI ST,ELK GROVE,CA,95624.0,38.42949,-121.359512,ALTA VISTA LLC,,FOLSOM,CA,95630.0,140276.0,,140276.0,2024.0,,0.0,RES/SINGLE FAMILY/SUBDIVISION,A1A00A,1001.0,SINGLE FAMILY RESIDENTIAL,SPASP,0.0,,2224.0,,2224.0,1.0,,4.0,,,,,20240731.0,745000.0,UNINCORPORATED COUNTY,617700308349353983,Tier 2: Zero Improvement,occupied_structure_missing_improvement_data
12711000380000,127-1100-038-0000,9054 ELLIOTT SPRINGS DR,ELK GROVE,CA,95624.0,38.429486,-121.359131,ALTA VISTA LLC,,FOLSOM,CA,95630.0,140276.0,,140276.0,2024.0,,0.0,RES/SINGLE FAMILY/SUBDIVISION,A1A00A,1001.0,SINGLE FAMILY RESIDENTIAL,SPASP,0.0,,2224.0,,2224.0,1.0,,4.0,,,,,20240606.0,740000.0,UNINCORPORATED COUNTY,617700308349353983,Tier 2: Zero Improvement,occupied_structure_missing_improvement_data
12711000080000,127-1100-008-0000,9058 CSURI ST,ELK GROVE,CA,95624.0,38.42934,-121.360054,ALTA VISTA LLC,,FOLSOM,CA,95630.0,140276.0,,140276.0,2024.0,,0.0,RES/SINGLE FAMILY/SUBDIVISION,A1A00A,1001.0,SINGLE FAMILY RESIDENTIAL,SPASP,0.0,,2224.0,,2224.0,1.0,,4.0,,,,,20240903.0,788500.0,UNINCORPORATED COUNTY,617700308349353983,Tier 2: Zero Improvement,occupied_structure_missing_improvement_data
12711000240000,127-1100-024-0000,9059 CSURI ST,ELK GROVE,CA,95624.0,38.429309,-121.359546,ALTA VISTA LLC,,FOLSOM,CA,95630.0,140276.0,,140276.0,2024.0,,0.0,RES/SINGLE FAMILY/SUBDIVISION,A1A00A,1001.0,SINGLE FAMILY RESIDENTIAL,SPASP,0.0,,2285.0,,2285.0,1.0,,4.0,,,,,20240820.0,760000.0,UNINCORPORATED COUNTY,617700308349353983,Tier 2: Zero Improvement,occupied_structure_missing_improvement_data
12711000360000,127-1100-036-0000,9046 ELLIOTT SPRINGS DR,ELK GROVE,CA,95624.0,38.429816,-121.358988,ALTA VISTA LLC,,FOLSOM,CA,95630.0,140276.0,,140276.0,2024.0,,0.0,RES/SINGLE FAMILY/SUBDIVISION,A1A00A,1001.0,SINGLE FAMILY RESIDENTIAL,SPASP,0.0,,2285.0,,2285.0,1.0,,4.0,,,,,20240614.0,760000.0,UNINCORPORATED COUNTY,617700308349353983,Tier 2: Zero Improvement,occupied_structure_missing_improvement_data
12701900010000,127-0190-001-0000,WATERMAN RD,ELK GROVE,CA,95624.0,38.415458,-121.353654,ELK GROVE COSUMNES CEMETERY DIST,,ELK GROVE,CA,95624.0,,,,2024.0,19650302.0,0.0,CEMETERY,DFC00A,9108.0,CEMETERY (EXEMPT),O,3.1300001,AC,,,,,,,,,,,,,UNINCORPORATED COUNTY,617700308408074239,Tier 2: Zero Improvement,inherently_active_use_parking_airport_cemetery
20102800810000,201-0280-081-0000,5885 FLIGHTLINE CIR,SACRAMENTO,CA,95837.0,38.678447,-121.599593,COUNTY OF SACRAMENTO,,SACRAMENTO,CA,95837.0,,,,2024.0,,0.0,PRIVATE AIRPORT,GI0C0A,6501.0,AIRPORT & RELATED,AG-80,301.39001,AC,,,,,,,,,,,,,UNINCORPORATED COUNTY,617700316059795455,Tier 2: Zero Improvement,inherently_active_use_parking_airport_cemetery
20102800800000,201-0280-080-0000,GARDEN HWY,SACRAMENTO,CA,95837.0,38.6723,-121.606109,COUNTY OF SACRAMENTO,,SACRAMENTO,CA,95837.0,,,,2024.0,,0.0,PRIVATE AIRPORT,GI0CMA,6501.0,AIRPORT & RELATED,AG-20,2.8199999,AC,,,,,,,,,,,,,UNINCORPORATED COUNTY,617700316053766143,Tier 2: Zero Improvement,inherently_active_use_parking_airport_cemetery
20102910260000,201-0291-026-0000,GARDEN HWY,SACRAMENTO,CA,95837.0,38.678366,-121.585181,COUNTY OF SACRAMENTO,,SACRAMENTO,CA,95837.0,,,,2024.0,,0.0,PRIVATE AIRPORT,GI0C0A,6501.0,AIRPORT & RELATED,AG-80,553.5,AC,,,,,,,,,,,,,UNINCORPORATED COUNTY,617700316095709183,Tier 2: Zero Improvement,inherently_active_use_parking_airport_cemetery
20110200770000,201-1020-077-0000,4242 W ELKHORN BLVD,SACRAMENTO,CA,95835.0,38.685043,-121.561632,SACRAMENTO AREA SEWER DISTRICT,,SACRAMENTO,CA,95827.0,,,,2024.0,20120117.0,0.0,LIGHT INDUSTRIAL,GAKC0A,5002.0,LIGHT INDUSTRIAL (10% IMPROVED OFFICE SPACE; MACHINE SHOP),SPA,20386.0,SF,,1850.0,,1,,,,,,,,,UNINCORPORATED COUNTY,617700315905392639,Tier 2: Zero Improvement,occupied_structure_missing_improvement_data
20113400520000,201-1340-052-0000,4143 WATERLEAF AVE,SACRAMENTO,CA,95835.0,38.682532,-121.555493,LENNAR HOMES OF CALIFORNIA LLC,,ROSEVILLE,CA,95678.0,213889.0,,213889.0,2024.0,,0.0,RES/SINGLE FAMILY/SUBDIVISION,A1A00A,1001.0,SINGLE FAMILY RESIDENTIAL,R-1-PUD,0.0,,3312.0,,3312.0,2,,4.0,,,,,20240530.0,820000.0,CITY OF SACRAMENTO,617700315905130495,Tier 2: Zero Improvement,occupied_structure_missing_improvement_data
20115000030000,201-1500-003-0000,4049 WATERMIST WAY,SACRAMENTO,CA,95835.0,38.681302,-121.552876,LENNAR HOMES OF CALIFORNIA LLC,,ROSEVILLE,CA,95678.0,65053.0,,65053.0,2024.0,,0.0,RES/SINGLE FAMILY/SUBDIVISION,A1A00A,1001.0,SINGLE FAMILY RESIDENTIAL,R-1A-PUD,0.0,,2727.0,,2727.0,2,,4.0,3.0,,,,20241025.0,809500.0,CITY OF SACRAMENTO,617700315910111231,Tier 2: Zero Improvement,occupied_structure_missing_improvement_data
20115000040000,201-1500-004-0000,4168 AZUL WAY,SACRAMENTO,CA,95835.0,38.681022,-121.553192,LENNAR HOMES OF CALIFORNIA LLC,,ROSEVILLE,CA,95678.0,65053.0,,65053.0,2024.0,,0.0,RES/SINGLE FAMILY/SUBDIVISION,A1A00A,1001.0,SINGLE FAMILY RESIDENTIAL,R-1A-PUD,0.0,,3046.0,,3046.0,2,,5.0,3.0,,,,20241029.0,880000.0,CITY OF SACRAMENTO,617700315910111231,Tier 2: Zero Improvement,occupied_structure_missing_improvement_data
20115000050000,201-1500-005-0000,4162 AZUL WAY,SACRAMENTO,CA,95835.0,38.680884,-121.55319,LENNAR HOMES OF CALIFORNIA LLC,,ROSEVILLE,CA,95678.0,65053.0,,65053.0,2024.0,,0.0,RES/SINGLE FAMILY/SUBDIVISION,A1A00A,1001.0,SINGLE FAMILY RESIDENTIAL,R-1A-PUD,0.0,,3460.0,,3460.0,2,,5.0,4.0,,,,20241106.0,949500.0,CITY OF SACRAMENTO,617700315910111231,Tier 2: Zero Improvement,occupied_structure_missing_improvement_data
22500900640000,225-0090-064-0000,4110 GARDEN HWY,SACRAMENTO,CA,95834.0,38.6477,-121.56649,SACRAMENTO AREA FLOOD CONTROL AGENCY,,SACRAMENTO,CA,95814.0,,,,2024.0,,0.0,RES/SINGLE FAMILY/RURAL HOME(2 AC OR LES,A1C00A,1008.0,RURAL/AGRICULTURAL RESIDENCE,AG-40,33541.0,SF,2083.0,1979.0,2083.0,1,,4.0,,,,,20190628.0,,UNINCORPORATED COUNTY,617700315863973887,Tier 2: Zero Improvement,occupied_structure_missing_improvement_data
22500900650000,225-0090-065-0000,4106 GARDEN HWY,SACRAMENTO,CA,95834.0,38.64727,-121.565854,SACRAMENTO AREA FLOOD CONTROL AGENCY,,SACRAMENTO,CA,95814.0,,,,2024.0,,0.0,RES/SINGLE FAMILY/RURAL HOME(2-5 AC),A1D00A,1008.0,RURAL/AGRICULTURAL RESIDENCE,AG-40,2.0,AC,3598.0,1979.0,3598.0,1,,5.0,,,,,20191004.0,,UNINCORPORATED COUNTY,617700315941044223,Tier 2: Zero Improvement,occupied_structure_missing_improvement_data
22500900660000,225-0090-066-0000,4100 GARDEN HWY,SACRAMENTO,CA,95834.0,38.646807,-121.565332,SACRAMENTO AREA FLOOD CONTROL AGENCY,,SACRAMENTO,CA,95814.0,,,,2024.0,,0.0,RES/SINGLE FAMILY/SUBDIVISION,A1A00A,1001.0,SINGLE FAMILY RESIDENTIAL,AG-40,1.0599999,AC,2301.0,1979.0,2301.0,1,,3.0,,,,,20190329.0,210000.0,UNINCORPORATED COUNTY,617700315941044223,Tier 2: Zero Improvement,occupied_structure_missing_improvement_data
22501100240000,225-0110-024-0000,3802 GARDEN HWY,SACRAMENTO,CA,95834.0,38.63634,-121.553562,AMERICAN TOWER SYSTEMS,,ATLANTA,GA,31139.0,408791.0,,408791.0,2024.0,19980213.0,0.0,BROADCASTING-RADIO/TV,CEAB0A,6507.0,RADIO OR TV STATION,AG-40,27.9,AC,1080.0,1948.0,1080.0,1,,,,,,,19980213.0,882500.0,UNINCORPORATED COUNTY,617700315922956287,Tier 2: Zero Improvement,occupied_structure_missing_improvement_data
20113500190000,201-1350-019-0000,3924 EVENTIDE AVE,SACRAMENTO,CA,95835.0,38.682777,-121.550347,LENNAR HOMES OF CALIFORNIA LLC,,ROSEVILLE,CA,95678.0,200000.0,,200000.0,2024.0,,0.0,RES/SINGLE FAMILY/SUBDIVISION,A1A00A,1001.0,SINGLE FAMILY RESIDENTIAL,R-1A-PUD,0.0,,2394.0,,2394.0,2,,4.0,,,,,20240830.0,713500.0,CITY OF SACRAMENTO,617700315908800511,Tier 2: Zero Improvement,occupied_structure_missing_improvement_data
20113500180000,201-1350-018-0000,3930 EVENTIDE AVE,SACRAMENTO,CA,95835.0,38.682778,-121.550504,LENNAR HOMES OF CALIFORNIA LLC,,ROSEVILLE,CA,95678.0,200000.0,,200000.0,2024.0,,0.0,RES/SINGLE FAMILY/SUBDIVISION,A1A00A,1001.0,SINGLE FAMILY RESIDENTIAL,R-1A-PUD,0.0,,2134.0,,2134.0,2,,3.0,,,,,,,CITY OF SACRAMENTO,617700315908800511,Tier 2: Zero Improvement,occupied_structure_missing_improvement_data
20113500210000,201-1350-021-0000,3912 EVENTIDE AVE,SACRAMENTO,CA,95835.0,38.682775,-121.550031,LENNAR HOMES OF CALIFORNIA INC,,ROSEVILLE,CA,95678.0,122038.0,,122038.0,2024.0,,0.0,RES/SINGLE FAMILY/SUBDIVISION,A1A00A,1001.0,SINGLE FAMILY RESIDENTIAL,R-1A-PUD,0.0,,2620.0,,2620.0,2,,5.0,,,,,,,CITY OF SACRAMENTO,617700315908800511,Tier 2: Zero Improvement,occupied_structure_missing_improvement_data
20115000020000,201-1500-002-0000,4043 WATERMIST WAY,SACRAMENTO,CA,95835.0,38.6813,-121.552701,LENNAR HOMES OF CALIFORNIA LLC,,ROSEVILLE,CA,95678.0,65053.0,,65053.0,2024.0,,0.0,RES/SINGLE FAMILY/SUBDIVISION,A1A00A,1001.0,SINGLE FAMILY RESIDENTIAL,R-1A-PUD,0.0,,2977.0,,2977.0,2,,4.0,3.0,,,,20241015.0,854500.0,CITY OF SACRAMENTO,617700315910111231,Tier 2: Zero Improvement,occupied_structure_missing_improvement_data
20115000010000,201-1500-001-0000,4037 WATERMIST WAY,SACRAMENTO,CA,95835.0,38.681299,-121.552526,LENNAR HOMES OF CALIFORNIA LLC,,ROSEVILLE,CA,95678.0,65053.0,,65053.0,2024.0,,0.0,RES/SINGLE FAMILY/SUBDIVISION,A1A00A,1001.0,SINGLE FAMILY RESIDENTIAL,R-1A-PUD,0.0,,3460.0,,3460.0,2,,5.0,4.0,,,,20241009.0,965000.0,CITY OF SACRAMENTO,617700315910111231,Tier 2: Zero Improvement,occupied_structure_missing_improvement_data
20113500220000,201-1350-022-0000,3906 EVENTIDE AVE,SACRAMENTO,CA,95835.0,38.682774,-121.549874,LENNAR HOMES OF CALIFORNIA INC,,ROSEVILLE,CA,95678.0,122038.0,,122038.0,2024.0,,0.0,RES/SINGLE FAMILY/SUBDIVISION,A1A00A,1001.0,SINGLE FAMILY RESIDENTIAL,R-1A-PUD,0.0,,2134.0,,2134.0,2,,3.0,,,,,,,CITY OF SACRAMENTO,617700315908800511,Tier 2: Zero Improvement,occupied_structure_missing_improvement_data
20113500230000,201-1350-023-0000,3900 EVENTIDE AVE,SACRAMENTO,CA,95835.0,38.682772,-121.54969,LENNAR HOMES OF CALIFORNIA INC,,ROSEVILLE,CA,95678.0,122038.0,,122038.0,2024.0,,0.0,RES/SINGLE FAMILY/SUBDIVISION,A1A00A,1001.0,SINGLE FAMILY RESIDENTIAL,R-1A-PUD,0.0,,2394.0,,2394.0,2,,4.0,,,,,,,CITY OF SACRAMENTO,617700315908800511,Tier 2: Zero Improvement,occupied_structure_missing_improvement_data
20113500540000,201-1350-054-0000,3900 WATERLEAF AVE,SACRAMENTO,CA,95835.0,38.682077,-121.549694,LENNAR HOMES OF CALIFORNIA INC,,ROSEVILLE,CA,95678.0,151222.0,,151222.0,2024.0,,0.0,RES/SINGLE FAMILY/SUBDIVISION,A1A00A,1001.0,SINGLE FAMILY RESIDENTIAL,R-1A-PUD,0.0,,2786.0,,2786.0,2,,4.0,,,,,20240730.0,782500.0,CITY OF SACRAMENTO,617700315908800511,Tier 2: Zero Improvement,occupied_structure_missing_improvement_data
20115000420000,201-1500-042-0000,4036 WATERMIST WAY,SACRAMENTO,CA,95835.0,38.680878,-121.552479,LENNAR HOMES OF CALIFORNIA LLC,,ROSEVILLE,CA,95678.0,65135.0,,65135.0,2024.0,,0.0,RES/SINGLE FAMILY/SUBDIVISION,A1A00A,1001.0,SINGLE FAMILY RESIDENTIAL,R-1A-PUD,0.0,,3046.0,,3046.0,2,,5.0,3.0,,,,20241017.0,809500.0,CITY OF SACRAMENTO,617700315910111231,Tier 2: Zero Improvement,occupied_structure_missing_improvement_data
20114300860000,201-1430-086-0000,5685 PADRONE ST,SACRAMENTO,CA,95835.0,38.680671,-121.552306,LENNAR HOMES OF CALIFORNIA LLC,,ROSEVILLE,CA,95678.0,63353.0,,63353.0,2024.0,,0.0,RES/SINGLE FAMILY/SUBDIVISION,A1A00A,1001.0,SINGLE FAMILY RESIDENTIAL,R-1A-PUD,0.0,,2977.0,,2977.0,2,,4.0,,,,,20240930.0,788000.0,CITY OF SACRAMENTO,617700315910111231,Tier 2: Zero Improvement,occupied_structure_missing_improvement_data
20114300850000,201-1430-085-0000,5679 PADRONE ST,SACRAMENTO,CA,95835.0,38.680534,-121.552307,LENNAR HOMES OF CALIFORNIA LLC,,ROSEVILLE,CA,95678.0,63353.0,,63353.0,2024.0,,0.0,RES/SINGLE FAMILY/SUBDIVISION,A1A00A,1001.0,SINGLE FAMILY RESIDENTIAL,R-1A-PUD,0.0,,3180.0,,3180.0,2,,5.0,,,,,20240313.0,8497500.0,CITY OF SACRAMENTO,617700315910111231,Tier 2: Zero Improvement,occupied_structure_missing_improvement_data
20114300840000,201-1430-084-0000,5673 PADRONE ST,SACRAMENTO,CA,95835.0,38.680397,-121.552308,LENNAR HOMES OF CALIFORNIA LLC,,ROSEVILLE,CA,95678.0,63353.0,,63353.0,2024.0,,0.0,RES/SINGLE FAMILY/SUBDIVISION,A1A00A,1001.0,SINGLE FAMILY RESIDENTIAL,R-1A-PUD,0.0,,3460.0,,3460.0,2,,5.0,,,,,20240925.0,866000.0,CITY OF SACRAMENTO,617700315910111231,Tier 2: Zero Improvement,occupied_structure_missing_improvement_data
20114301290000,201-1430-129-0000,5678 PADRONE ST,SACRAMENTO,CA,95835.0,38.680531,-121.551771,LENNAR HOMES OF CALIFORNIA LLC,,ROSEVILLE,CA,95678.0,63353.0,,63353.0,2024.0,,0.0,RES/SINGLE FAMILY/SUBDIVISION,A1A00A,1001.0,SINGLE FAMILY RESIDENTIAL,R-1A-PUD,0.0,,2727.0,,2727.0,2,,4.0,,,,,20240910.0,715500.0,CITY OF SACRAMENTO,617700315910111231,Tier 2: Zero Improvement,occupied_structure_missing_improvement_data
20114301280000,201-1430-128-0000,5684 PADRONE ST,SACRAMENTO,CA,95835.0,38.680668,-121.55177,LENNAR HOMES OF CALIFORNIA LLC,,ROSEVILLE,CA,95678.0,63353.0,,63353.0,2024.0,,0.0,RES/SINGLE FAMILY/SUBDIVISION,A1A00A,1001.0,SINGLE FAMILY RESIDENTIAL,R-1A-PUD,0.0,,3180.0,,3180.0,2,,5.0,,,,,20240924.0,860000.0,CITY OF SACRAMENTO,617700315910111231,Tier 2: Zero Improvement,occupied_structure_missing_improvement_data
20114301370000,201-1430-137-0000,5630 PADRONE ST,SACRAMENTO,CA,95835.0,38.679433,-121.551781,LENNAR HOMES OF CALIFORNIA LLC,,ROSEVILLE,CA,95678.0,316579.0,,316579.0,2024.0,,0.0,RES/SINGLE FAMILY/SUBDIVISION,A1A00A,1001.0,SINGLE FAMILY RESIDENTIAL,R-1A-PUD,0.0,,2727.0,,2727.0,2,,4.0,,,,,20240711.0,705000.0,CITY OF SACRAMENTO,617700315903295487,Tier 2: Zero Improvement,occupied_structure_missing_improvement_data
20114300620000,201-1430-062-0000,3912 AZUL WAY,SACRAMENTO,CA,95835.0,38.678353,-121.550162,SPENCER LINDSAY & BRIAN,,SACRAMENTO,CA,95835.0,471579.0,,471579.0,2024.0,,0.0,RES/SINGLE FAMILY/SUBDIVISION,A1A00A,1001.0,SINGLE FAMILY RESIDENTIAL,R-1A-PUD,0.0,,3460.0,,3460.0,2,,5.0,,,,,20240327.0,871500.0,CITY OF SACRAMENTO,617700315903033343,Tier 2: Zero Improvement,occupied_structure_missing_improvement_data
20113800240000,201-1380-024-0000,5679 WATERSTONE ST,SACRAMENTO,CA,95835.0,38.680382,-121.547083,NORTHLAKE COMMUNITY ASSOCIATION,,ALISO VIEJO,CA,92656.0,,,,2024.0,,0.0,RES/SINGLE FAMILY/SUBDIVISION,A1A00A,1001.0,SINGLE FAMILY RESIDENTIAL,R-1A-PUD,0.0,,2114.0,2021.0,2114.0,2,,3.0,,,,,,,CITY OF SACRAMENTO,617700315909849087,Tier 2: Zero Improvement,occupied_structure_missing_improvement_data
22524100540000,225-2410-054-0000,DEL PASO RD,SACRAMENTO,CA,95834.0,38.655435,-121.552306,CITY OF SACRAMENTO,,SACRAMENTO,CA,95814.0,,,,2024.0,20061213.0,0.0,RES/SINGLE FAMILY/SUBDIVISION,A1A00A,1001.0,SINGLE FAMILY RESIDENTIAL,R-1-PUD,1349.0,SF,1429.0,2017.0,1429.0,1.0,,2.0,,,,,20061213.0,,CITY OF SACRAMENTO,617700315852963839,Tier 2: Zero Improvement,occupied_structure_missing_improvement_data
20116200090000,201-1620-009-0000,6129 BRIDGECROSS DR,SACRAMENTO,CA,95835.0,38.681759,-121.506323,NGC NORTHPOINTE RESERVE LLC,,GOLD RIVER,CA,95670.0,44654.0,,44654.0,2024.0,,0.0,RES/SINGLE FAMILY/ROW HOUSE,A1H00A,1007.0,ROW HOUSE (RESIDENTIAL),C-1-PUD,0.0,,1409.0,,1409.0,2,,3.0,,,,,,,CITY OF SACRAMENTO,617700316137652223,Tier 2: Zero Improvement,occupied_structure_missing_improvement_data
20116200070000,201-1620-007-0000,6117 BRIDGECROSS DR,SACRAMENTO,CA,95835.0,38.681772,-121.506113,NGC NORTHPOINTE RESERVE LLC,,GOLD RIVER,CA,95670.0,44654.0,,44654.0,2024.0,,0.0,RES/SINGLE FAMILY/ROW HOUSE,A1H00A,1007.0,ROW HOUSE (RESIDENTIAL),C-1-PUD,0.0,,1414.0,,1414.0,2,,3.0,,,,,,,CITY OF SACRAMENTO,617700316137652223,Tier 2: Zero Improvement,occupied_structure_missing_improvement_data
20116200080000,201-1620-008-0000,6123 BRIDGECROSS DR,SACRAMENTO,CA,95835.0,38.681767,-121.506209,NGC NORTHPOINTE RESERVE LLC,,GOLD RIVER,CA,95670.0,44654.0,,44654.0,2024.0,,0.0,RES/SINGLE FAMILY/ROW HOUSE,A1H00A,1007.0,ROW HOUSE (RESIDENTIAL),C-1-PUD,0.0,,1409.0,,1409.0,2,,3.0,,,,,,,CITY OF SACRAMENTO,617700316137652223,Tier 2: Zero Improvement,occupied_structure_missing_improvement_data
20116200060000,201-1620-006-0000,6111 BRIDGECROSS DR,SACRAMENTO,CA,95835.0,38.681777,-121.506033,NGC NORTHPOINTE RESERVE LLC,,GOLD RIVER,CA,95670.0,44654.0,,44654.0,2024.0,,0.0,RES/SINGLE FAMILY/ROW HOUSE,A1H00A,1007.0,ROW HOUSE (RESIDENTIAL),C-1-PUD,0.0,,1414.0,,1414.0,2,,3.0,,,,,,,CITY OF SACRAMENTO,617700316137652223,Tier 2: Zero Improvement,occupied_structure_missing_improvement_data
20116200030000,201-1620-003-0000,6093 BRIDGECROSS DR,SACRAMENTO,CA,95835.0,38.68179,-121.505791,NGC NORTHPOINTE RESERVE LLC,,GOLD RIVER,CA,95670.0,44654.0,,44654.0,2024.0,,0.0,RES/SINGLE FAMILY/ROW HOUSE,A1H00A,1007.0,ROW HOUSE (RESIDENTIAL),C-1-PUD,0.0,,1414.0,,1414.0,2,,3.0,,,,,,,CITY OF SACRAMENTO,617700316137652223,Tier 2: Zero Improvement,occupied_structure_missing_improvement_data
20116200020000,201-1620-002-0000,6087 BRIDGECROSS DR,SACRAMENTO,CA,95835.0,38.681794,-121.505711,NGC NORTHPOINTE RESERVE LLC,,GOLD RIVER,CA,95670.0,44654.0,,44654.0,2024.0,,0.0,RES/SINGLE FAMILY/ROW HOUSE,A1H00A,1007.0,ROW HOUSE (RESIDENTIAL),C-1-PUD,0.0,,1414.0,,1414.0,2,,3.0,,,,,,,CITY OF SACRAMENTO,617700316137652223,Tier 2: Zero Improvement,occupied_structure_missing_improvement_data
20116200010000,201-1620-001-0000,6081 BRIDGECROSS DR,SACRAMENTO,CA,95835.0,38.681795,-121.505609,NGC NORTHPOINTE RESERVE LLC,,GOLD RIVER,CA,95670.0,44654.0,,44654.0,2024.0,,0.0,RES/SINGLE FAMILY/ROW HOUSE,A1H00A,1007.0,ROW HOUSE (RESIDENTIAL),C-1-PUD,0.0,,1409.0,,1409.0,2,,3.0,,,,,,,CITY OF SACRAMENTO,617700316137652223,Tier 2: Zero Improvement,occupied_structure_missing_improvement_data
02602510030000,026-0251-003-0000,5730 NINA WAY,SACRAMENTO,CA,95824.0,38.523599,-121.445931,HOUSING AUTHORITY OF THE COUNTY OF SACRAMENTO,,SACRAMENTO,CA,95814.0,,,,2024.0,19850125.0,0.0,MULTI/LOW RISE APARTMENT/1-3 STY,AE010A,1104.0,APARTMENT HOUSE (5+ UNITS),RD-20,6341.0,SF,6028.0,1960.0,6028.0,2,10.0,,,,,,,,UNINCORPORATED COUNTY,617700320450183167,Tier 2: Zero Improvement,occupied_structure_missing_improvement_data
02602510040000,026-0251-004-0000,5730 NINA WAY,SACRAMENTO,CA,95824.0,38.523451,-121.445931,HOUSING AUTHORITY OF THE COUNTY OF SACRAMENTO,,SACRAMENTO,CA,95814.0,,,,2024.0,19850125.0,0.0,MULTI/LOW RISE APARTMENT/1-3 STY,AE010A,1104.0,APARTMENT HOUSE (5+ UNITS),RD-20,6341.0,SF,6028.0,1960.0,6028.0,2,10.0,,,,,,,,UNINCORPORATED COUNTY,617700320450183167,Tier 2: Zero Improvement,occupied_structure_missing_improvement_data
02600710200000,026-0071-020-0000,5251 YOUNG ST,SACRAMENTO,CA,95824.0,38.524202,-121.444976,HOUSING AUTHORITY OF THE COUNTY OF SACRAMENTO,,SACRAMENTO,CA,95814.0,,,,2024.0,19921222.0,0.0,MULTI/LOW RISE APARTMENT/1-3 STY,AE011A,1104.0,APARTMENT HOUSE (5+ UNITS),RD-30,17860.0,SF,7612.0,1973.0,7612.0,2,12.0,,,,,,,,UNINCORPORATED COUNTY,617700320450183167,Tier 2: Zero Improvement,occupied_structure_missing_improvement_data
02600730030000,026-0073-003-0000,5258 YOUNG ST,SACRAMENTO,CA,95824.0,38.523316,-121.444586,HOUSING AUTHORITY OF THE COUNTY OF SACRAMENTO,,SACRAMENTO,CA,95814.0,,,,2024.0,,0.0,MULTI/COURT APTS/MORE THAN 4 UNITS,AG015A,1106.0,"GARDEN APT, COURT APT (5+ UNITS)",RD-20,1.09,AC,7704.0,1949.0,7704.0,1,,,,,,,20240531.0,123000.0,UNINCORPORATED COUNTY,617700320450183167,Tier 2: Zero Improvement,occupied_structure_missing_improvement_data
03703210060000,037-0321-006-0000,6121 MARTIN LUTHER KING JR BLVD,SACRAMENTO,CA,95824.0,38.515388,-121.463838,SOUTHGATE RECREATION & PARK DISTRICT,,SACRAMENTO,CA,95823.0,,,,2024.0,,0.0,VACANT RES (2-5 AC SITE),IAFBFE,8001.0,RESIDENTIAL-VACANT LAND,RD-20,2.1700001,AC,,,,,,,,,,,,,UNINCORPORATED COUNTY,617700320416104447,Tier 1: Coded Vacant,public_park_or_recreation_agency
03700360010000,037-0036-001-0000,4304 39TH AVE,SACRAMENTO,CA,95824.0,38.516692,-121.456136,UNITED STATES POSTAL SERVICE,,SACRAMENTO,CA,95824.0,,,,2024.0,19860113.0,0.0,SMALL RETAIL-MULTI TENANT,BAB00A,2001.0,"RETAIL STORES ( PERSONAL SERVICES, PHOTOGRAPHY, TRAVEL)",LC,3.47,AC,24384.0,1955.0,24384.0,1,,,,,,,,,UNINCORPORATED COUNTY,617700320420298751,Tier 2: Zero Improvement,occupied_structure_missing_improvement_data
02300100190000,023-0010-019-0000,FRUITRIDGE RD,SACRAMENTO,CA,95820.0,38.526913,-121.424455,HOLY ASCENSION RUSSIAN ORTH CHURCH,,SACRAMENTO,CA,95814.0,7178.0,,7178.0,2024.0,19721114.0,0.0,CEMETERY,DFC00A,9108.0,CEMETERY (EXEMPT),R-1,10889.0,SF,,,,,,,,,,,,,CITY OF SACRAMENTO,617700307959545855,Tier 2: Zero Improvement,inherently_active_use_parking_airport_cemetery
02300100230000,023-0010-023-0000,FRUITRIDGE RD,SACRAMENTO,CA,95820.0,38.526711,-121.42445,HOLY ASCENSION RUSSIAN ORTHODOX CHURCH OF SACRAMEN,,SACRAMENTO,CA,95814.0,19675.0,,19675.0,2024.0,19780616.0,0.0,CEMETERY,DFC002,9108.0,CEMETERY (EXEMPT),R-1,20473.0,SF,,,,,,,,,,,,,CITY OF SACRAMENTO,617700307959545855,Tier 2: Zero Improvement,inherently_active_use_parking_airport_cemetery
02700400670000,027-0040-067-0000,6552 FRUITRIDGE RD,SACRAMENTO,CA,95820.0,38.524773,-121.425815,IGAL VENTURES LLC,,SAN FRANCISCO,CA,94118.0,832320.0,,832320.0,2024.0,,0.0,AUTOMOTIVE USES,203,2023.0,"VEHICLE RENTALS, VEHICLE SALES (AUTO/TRUCK/RV/BOAT/ETC.)",C-2,31937.0,SF,3266.0,1981.0,3266.0,1.0,,,0.0,,,,20211005.0,1300000.0,CITY OF SACRAMENTO,617700308019838975,Tier 2: Zero Improvement,occupied_structure_missing_improvement_data
02300100140000,023-0010-014-0000,6801 FRUITRIDGE RD,SACRAMENTO,CA,95820.0,38.525431,-121.423478,ROMAN CATHOLIC BISHOP OF SACRAMENTO,,SACRAMENTO,CA,95818.0,73713.0,,73713.0,2024.0,19960906.0,0.0,CEMETERY,DFC00A,9108.0,CEMETERY (EXEMPT),R-1,1.0599999,AC,,,,,,,,,,,,,CITY OF SACRAMENTO,617700308019838975,Tier 2: Zero Improvement,inherently_active_use_parking_airport_cemetery
03800110960000,038-0011-096-0000,5892 LEMON HILL AVE,SACRAMENTO,CA,95824.0,38.516333,-121.437293,SUYING PLASKETT REVOCABLE TRUST,,SACRAMENTO,CA,95824.0,340799.0,312502.0,653301.0,2024.0,,0.0,PARKING LOT,BFH00A,2036.0,PARKING LOT,C-2-SPD,1.3099999,AC,7050.0,1960.0,7050.0,,,,0.0,,,,20170303.0,100000.0,CITY OF SACRAMENTO,617700320462766079,Tier 3: Parking/Abandoned,occupied_structure_missing_improvement_data
03800210010000,038-0021-001-0000,6000 61ST ST,SACRAMENTO,CA,95824.0,38.517303,-121.433986,CITY OF SACRAMENTO,,SACRAMENTO,CA,95814.0,,,,2024.0,20091207.0,0.0,TENNIS/SWIMMING CLUBS,FGG00A,4029.0,"RACQUET COURT, TENNIS COURT",R-1,2.5,AC,3000.0,1957.0,3000.0,1.0,,,,,,,20091207.0,,CITY OF SACRAMENTO,617700308027965439,Tier 2: Zero Improvement,occupied_structure_missing_improvement_data
03800810130000,038-0081-013-0000,6125 STOCKTON BLVD,SACRAMENTO,CA,95824.0,38.515278,-121.4363,CARA BAY APARTMENTS LLC,,SEAL BEACH,CA,90740.0,11798.0,,11798.0,2024.0,20071231.0,0.0,MULTI/LOW RISE APARTMENT/1-3 STY,AE0007,1112.0,APARTMENTS (GENERIC),R-2B-R,5227.0,SF,420.0,1963.0,420.0,1.0,,,,,,,20121130.0,,CITY OF SACRAMENTO,617700320523059199,Tier 2: Zero Improvement,occupied_structure_missing_improvement_data
03800810210000,038-0081-021-0000,6125 STOCKTON BLVD,SACRAMENTO,CA,95824.0,38.514814,-121.436357,CARA BAY APARTMENTS LLC,,SEAL BEACH,CA,90740.0,36414.0,,36414.0,2024.0,20071231.0,0.0,MULTI/LOW RISE APARTMENT/1-3 STY,AE0007,1112.0,APARTMENTS (GENERIC),C-2-SPD,16117.0,SF,760.0,1964.0,760.0,1.0,,,,,,,20121130.0,,CITY OF SACRAMENTO,617700320523059199,Tier 2: Zero Improvement,occupied_structure_missing_improvement_data
07902700050000,079-0270-005-0000,POWER INN RD,SACRAMENTO,CA,95826.0,38.546139,-121.41006,CAPITAL CYLINDER HEAD LLC,,CARMICHAEL,CA,95608.0,27690.0,,27690.0,2024.0,,0.0,LIGHT IND-PROCESSING,GAAC0A,5002.0,LIGHT INDUSTRIAL (10% IMPROVED OFFICE SPACE; MACHINE SHOP),MRD-SWR,38915.0,SF,3920.0,1965.0,3920.0,1,,,,,,,20120525.0,,CITY OF SACRAMENTO,617700307955089407,Tier 2: Zero Improvement,occupied_structure_missing_improvement_data
02101010180000,021-0101-018-0000,7501 17TH AVE,SACRAMENTO,CA,95820.0,38.537385,-121.4165,STU HEATH REVOCABLE TRUST,,SACRAMENTO,CA,95820.0,28903.0,,28903.0,2024.0,,0.0,BUILDING MATERIALS,GDGAXA,6010.0,"LUMBERYARD, BUILDING MATERIALS",R-1,5225.0,SF,744.0,1947.0,744.0,1,,,,,,,20050613.0,,CITY OF SACRAMENTO,617700307951681535,Tier 2: Zero Improvement,occupied_structure_missing_improvement_data
06100240070000,061-0024-007-0000,8009 CARLTON RD,SACRAMENTO,CA,95826.0,38.538621,-121.41012,SAYAREH SHAHUB YEN & ALAN,,SACRAMENTO,CA,95841.0,18836.0,,18836.0,2024.0,20110216.0,0.0,LIGHT INDUSTRY-CONSTRUCT,GADB0A,5019.0,CONSTRUCTION/CONTRACTING SERVICES (INDUSTRIAL),M-1-SWR,4950.0,SF,1250.0,1972.0,1250.0,1,,,,,,,20240919.0,,CITY OF SACRAMENTO,617700307955351551,Tier 2: Zero Improvement,occupied_structure_missing_improvement_data
06100520100000,061-0052-010-0000,7948 AMADOR AVE,SACRAMENTO,CA,95826.0,38.537166,-121.410274,E/V PROPS PARTNERSHIP,,WEST SACRAMENTO,CA,95691.0,37677.0,,37677.0,2024.0,20110328.0,43000.0,LIGHT INDUSTRY-CONSTRUCT,GADC0A,5019.0,CONSTRUCTION/CONTRACTING SERVICES (INDUSTRIAL),M-1-SWR,5040.0,SF,894.0,1940.0,894.0,1,,,,,,,20110328.0,43000.0,CITY OF SACRAMENTO,617700307955351551,Tier 2: Zero Improvement,occupied_structure_missing_improvement_data
06100830130000,061-0083-013-0000,8021 19TH AVE,SACRAMENTO,CA,95826.0,38.534289,-121.409643,CHIMA AMRIK & SHAMSHER & TEJINDAR & MANJIT,,SACRAMENTO,CA,95826.0,61819.0,13136.0,74955.0,2024.0,19980504.0,0.0,PARKING LOT,BFH00A,2036.0,PARKING LOT,M-1-SWR,4792.0,SF,450.0,1945.0,450.0,,,,,,,,,,CITY OF SACRAMENTO,617700307963215871,Tier 3: Parking/Abandoned,occupied_structure_missing_improvement_data
06101130140000,061-0113-014-0000,4600 POWER INN RD,SACRAMENTO,CA,95826.0,38.532846,-121.409453,HUNJAN LLC,,ELK GROVE,CA,95624.0,58026.0,10905.0,68931.0,2024.0,,0.0,PARKING LOT,BFH00A,2036.0,PARKING LOT,M-1-SWR,8577.0,SF,900.0,1950.0,900.0,,,,0.0,,,,20160316.0,230000.0,CITY OF SACRAMENTO,617700307964264447,Tier 3: Parking/Abandoned,occupied_structure_missing_improvement_data
06200900210000,062-0090-021-0000,8550 FRUITRIDGE RD,SACRAMENTO,CA,95826.0,38.522821,-121.387103,COUNTY OF SACRAMENTO,,RANCHO CORDOVA,CA,95670.0,,,,2024.0,19751204.0,0.0,LIGHT IND-PROCESSING,GAAC0A,5002.0,LIGHT INDUSTRIAL (10% IMPROVED OFFICE SPACE; MACHINE SHOP),M-2S,12.26,AC,13020.0,,13020.0,,,,,,,,,,CITY OF SACRAMENTO,617700307945914367,Tier 2: Zero Improvement,occupied_structure_missing_improvement_data
03702240470000,037-0224-047-0000,4930 EL PARAISO AVE,SACRAMENTO,CA,95824.0,38.513268,-121.447448,HOUSING AUTHORITY OF THE COUNTY OF SACRAMENTO,,SACRAMENTO,CA,95814.0,,,,2024.0,19820813.0,0.0,MULTI/LOW RISE APARTMENT/1-3 STY,AE036D,1112.0,APARTMENTS (GENERIC),RD-10,2.6099999,AC,21040.0,1984.0,21040.0,,,,,,,,,,UNINCORPORATED COUNTY,617700320518864895,Tier 2: Zero Improvement,occupied_structure_missing_improvement_data
03900520100000,039-0052-010-0000,6433 LANG AVE,SACRAMENTO,CA,95823.0,38.50925,-121.453526,HOUSING AUTHORITY OF THE COUNTY OF SACRAMENTO,,SACRAMENTO,CA,95814.0,,,,2024.0,19910125.0,0.0,MULTI/LOW RISE APARTMENT/1-3 STY,AE008A,1104.0,APARTMENT HOUSE (5+ UNITS),RD-20,19184.0,SF,7646.0,1990.0,7646.0,2,8.0,,,,,,,,UNINCORPORATED COUNTY,617700320519651327,Tier 2: Zero Improvement,occupied_structure_missing_improvement_data
04101200180000,041-0120-009-0001,3811 FLORIN RD STE 1,SACRAMENTO,CA,95823.0,38.497188,-121.462091,VO TRANG NGUYEN,,SACRAMENTO,CA,95823.0,20400.0,,20400.0,2024.0,,0.0,MEDICAL/DENTAL/LABS,213,3006.0,MEDICAL BLDG/CLINIC,C-2,0.0,,800.0,1961.0,800.0,1,,,,,,,20230111.0,,CITY OF SACRAMENTO,617700320490553343,Tier 2: Zero Improvement,occupied_structure_missing_improvement_data
04101200180000,041-0120-009-0002,3811 FLORIN RD STE 2,SACRAMENTO,CA,95823.0,38.497188,-121.462091,YAGHOUBIAN MAZYAR,,LAS VEGAS,NV,89148.0,13809.0,,13809.0,2024.0,20100922.0,535000.0,MEDICAL/DENTAL/LABS,213,3006.0,MEDICAL BLDG/CLINIC,C-2,0.0,,666.0,1961.0,666.0,1,,,,,,,20100922.0,535000.0,CITY OF SACRAMENTO,617700320490553343,Tier 2: Zero Improvement,occupied_structure_missing_improvement_data
04101200180000,041-0120-009-0003,3811 FLORIN RD STE 3,SACRAMENTO,CA,95823.0,38.497188,-121.462091,VO TRANG NGUYEN,,SACRAMENTO,CA,95823.0,20400.0,,20400.0,2024.0,,0.0,MEDICAL/DENTAL/LABS,213,3006.0,MEDICAL BLDG/CLINIC,C-2,0.0,,985.0,1961.0,985.0,1,,,,,,,20230111.0,,CITY OF SACRAMENTO,617700320490553343,Tier 2: Zero Improvement,occupied_structure_missing_improvement_data
04101200180000,041-0120-009-0004,3811 FLORIN RD STE 4,SACRAMENTO,CA,95823.0,38.497188,-121.462091,YAGHOUBIAN MAZYAR,,LAS VEGAS,NV,89148.0,21346.0,,21346.0,2024.0,20100922.0,535000.0,MEDICAL/DENTAL/LABS,213,3006.0,MEDICAL BLDG/CLINIC,C-2,0.0,,1038.0,1961.0,1038.0,1,,,,,,,20100922.0,535000.0,CITY OF SACRAMENTO,617700320490553343,Tier 2: Zero Improvement,occupied_structure_missing_improvement_data
04101200180000,041-0120-009-0005,3811 FLORIN RD STE 5,SACRAMENTO,CA,95823.0,38.497188,-121.462091,VO TRANG NGUYEN,,SACRAMENTO,CA,95823.0,20400.0,,20400.0,2024.0,,0.0,MEDICAL/DENTAL/LABS,213,3006.0,MEDICAL BLDG/CLINIC,C-2,0.0,,856.0,1961.0,856.0,1,,,,,,,20230111.0,,CITY OF SACRAMENTO,617700320490553343,Tier 2: Zero Improvement,occupied_structure_missing_improvement_data
04101200180000,041-0120-009-0006,3811 FLORIN RD STE 6,SACRAMENTO,CA,95823.0,38.497188,-121.462091,YAGHOUBIAN MAZYAR,,LAS VEGAS,NV,89148.0,17579.0,,17579.0,2024.0,20100922.0,535000.0,MEDICAL/DENTAL/LABS,213,3006.0,MEDICAL BLDG/CLINIC,C-2,0.0,,843.0,1961.0,843.0,1,,,,,,,20100922.0,535000.0,CITY OF SACRAMENTO,617700320490553343,Tier 2: Zero Improvement,occupied_structure_missing_improvement_data
04101200180000,041-0120-009-0007,3811 FLORIN RD STE 7,SACRAMENTO,CA,95823.0,38.497188,-121.462091,VO TRANG NGUYEN,,SACRAMENTO,CA,95823.0,20400.0,,20400.0,2024.0,,0.0,MEDICAL/DENTAL/LABS,213,3006.0,MEDICAL BLDG/CLINIC,C-2,0.0,,825.0,1961.0,825.0,1,,,,,,,20230111.0,,CITY OF SACRAMENTO,617700320490553343,Tier 2: Zero Improvement,occupied_structure_missing_improvement_data
04101200180000,041-0120-009-0008,3811 FLORIN RD STE 8,SACRAMENTO,CA,95823.0,38.497188,-121.462091,YAGHOUBIAN MAZYAR,,LAS VEGAS,NV,89148.0,16322.0,,16322.0,2024.0,20100922.0,535000.0,MEDICAL/DENTAL/LABS,213,3006.0,MEDICAL BLDG/CLINIC,C-2,0.0,,813.0,1961.0,813.0,1,,,,,,,20100922.0,535000.0,CITY OF SACRAMENTO,617700320490553343,Tier 2: Zero Improvement,occupied_structure_missing_improvement_data
04101200180000,041-0120-009-0009,3811 FLORIN RD STE 9,SACRAMENTO,CA,95823.0,38.497188,-121.462091,VO TRANG NGUYEN,,SACRAMENTO,CA,95823.0,20400.0,,20400.0,2024.0,,0.0,MEDICAL/DENTAL/LABS,213,3006.0,MEDICAL BLDG/CLINIC,C-2,0.0,,825.0,1961.0,825.0,1,,,,,,,20230111.0,,CITY OF SACRAMENTO,617700320490553343,Tier 2: Zero Improvement,occupied_structure_missing_improvement_data
04101200180000,041-0120-009-0010,3811 FLORIN RD STE 10,SACRAMENTO,CA,95823.0,38.497188,-121.462091,YAGHOUBIAN MAZYAR,,LAS VEGAS,NV,89148.0,16322.0,,16322.0,2024.0,20100922.0,535000.0,MEDICAL/DENTAL/LABS,213,3006.0,MEDICAL BLDG/CLINIC,C-2,0.0,,813.0,1961.0,813.0,1,,,,,,,20100922.0,535000.0,CITY OF SACRAMENTO,617700320490553343,Tier 2: Zero Improvement,occupied_structure_missing_improvement_data
04101200180000,041-0120-009-0011,3811 FLORIN RD STE 11,SACRAMENTO,CA,95823.0,38.497188,-121.462091,VO TRANG NGUYEN,,SACRAMENTO,CA,95823.0,20400.0,,20400.0,2024.0,,0.0,MEDICAL/DENTAL/LABS,213,3006.0,MEDICAL BLDG/CLINIC,C-2,0.0,,825.0,1961.0,825.0,1,,,,,,,20230111.0,,CITY OF SACRAMENTO,617700320490553343,Tier 2: Zero Improvement,occupied_structure_missing_improvement_data
04101200180000,041-0120-009-0013,3811 FLORIN RD STE 14,SACRAMENTO,CA,95823.0,38.497188,-121.462091,YAGHOUBIAN MAZYAR,,LAS VEGAS,NV,89148.0,17579.0,,17579.0,2024.0,20100922.0,535000.0,MEDICAL/DENTAL/LABS,213,3006.0,MEDICAL BLDG/CLINIC,C-2,0.0,,843.0,1961.0,843.0,1,,,,,,,20100922.0,535000.0,CITY OF SACRAMENTO,617700320490553343,Tier 2: Zero Improvement,occupied_structure_missing_improvement_data
04101200180000,041-0120-009-0014,3811 FLORIN RD STE 15,SACRAMENTO,CA,95823.0,38.497188,-121.462091,TRAN CHAY,,SACRAMENTO,CA,95817.0,12268.0,,12268.0,2024.0,,0.0,"OFFICE, GENERAL, CONDOMINIUM",CAX00E,3008.0,CONDOMINIUM OFFICES,C-2,0.0,,400.0,1961.0,400.0,1,,,,,,,20170802.0,41000.0,CITY OF SACRAMENTO,617700320490553343,Tier 2: Zero Improvement,occupied_structure_missing_improvement_data
04101200180000,041-0120-009-0015,3811 FLORIN RD STE 16,SACRAMENTO,CA,95823.0,38.497188,-121.462091,YAGHOUBIAN MAZYAR,,LAS VEGAS,NV,89148.0,33906.0,,33906.0,2024.0,20100922.0,535000.0,MEDICAL/DENTAL/LABS,213,3006.0,MEDICAL BLDG/CLINIC,C-2,0.0,,1654.0,1961.0,1654.0,1,,,,,,,20100922.0,535000.0,CITY OF SACRAMENTO,617700320490553343,Tier 2: Zero Improvement,occupied_structure_missing_improvement_data
04101200180000,041-0120-009-0016,3811 FLORIN RD STE 17,SACRAMENTO,CA,95823.0,38.497188,-121.462091,YAGHOUBIAN MAZYAR,,LAS VEGAS,NV,89148.0,26371.0,,26371.0,2024.0,20100922.0,535000.0,MEDICAL/DENTAL/LABS,213,3006.0,MEDICAL BLDG/CLINIC,C-2,0.0,,1254.0,1961.0,1254.0,1,,,,,,,20100922.0,535000.0,CITY OF SACRAMENTO,617700320490553343,Tier 2: Zero Improvement,occupied_structure_missing_improvement_data
04101200180000,041-0120-009-0017,3811 FLORIN RD STE 18,SACRAMENTO,CA,95823.0,38.497188,-121.462091,YAGHOUBIAN MAZYAR,,LAS VEGAS,NV,89148.0,16322.0,,16322.0,2024.0,20100922.0,535000.0,MEDICAL/DENTAL/LABS,213,3006.0,MEDICAL BLDG/CLINIC,C-2,0.0,,813.0,1961.0,813.0,1,,,,,,,20100922.0,535000.0,CITY OF SACRAMENTO,617700320490553343,Tier 2: Zero Improvement,occupied_structure_missing_improvement_data
04101200180000,041-0120-009-0018,3811 FLORIN RD STE 19,SACRAMENTO,CA,95823.0,38.497188,-121.462091,YAGHOUBIAN MAZYAR,,LAS VEGAS,NV,89148.0,26371.0,,26371.0,2024.0,20100922.0,535000.0,MEDICAL/DENTAL/LABS,213,3006.0,MEDICAL BLDG/CLINIC,C-2,0.0,,1301.0,1961.0,1301.0,1,,,,,,,20100922.0,535000.0,CITY OF SACRAMENTO,617700320490553343,Tier 2: Zero Improvement,occupied_structure_missing_improvement_data
04101200180000,041-0120-009-0019,3811 FLORIN RD STE 20,SACRAMENTO,CA,95823.0,38.497188,-121.462091,YAGHOUBIAN MAZYAR,,LAS VEGAS,NV,89148.0,16322.0,,16322.0,2024.0,20100922.0,535000.0,MEDICAL/DENTAL/LABS,213,3006.0,MEDICAL BLDG/CLINIC,C-2,0.0,,813.0,1961.0,813.0,1,,,,,,,20100922.0,535000.0,CITY OF SACRAMENTO,617700320490553343,Tier 2: Zero Improvement,occupied_structure_missing_improvement_data
04101200180000,041-0120-009-0020,3811 FLORIN RD STE 21A,SACRAMENTO,CA,95823.0,38.497188,-121.462091,YAGHOUBIAN MAZYAR,,LAS VEGAS,NV,89148.0,10044.0,,10044.0,2024.0,20100922.0,535000.0,MEDICAL/DENTAL/LABS,213,3006.0,MEDICAL BLDG/CLINIC,C-2,0.0,,510.0,1961.0,510.0,1,,,,,,,20100922.0,535000.0,CITY OF SACRAMENTO,617700320490553343,Tier 2: Zero Improvement,occupied_structure_missing_improvement_data
04101200180000,041-0120-009-0021,3811 FLORIN RD STE 21B,SACRAMENTO,CA,95823.0,38.497188,-121.462091,YAGHOUBIAN MAZYAR,,LAS VEGAS,NV,89148.0,10044.0,,10044.0,2024.0,20100922.0,535000.0,MEDICAL/DENTAL/LABS,213,3006.0,MEDICAL BLDG/CLINIC,C-2,0.0,,466.0,1961.0,466.0,1,,,,,,,20100922.0,535000.0,CITY OF SACRAMENTO,617700320490553343,Tier 2: Zero Improvement,occupied_structure_missing_improvement_data
04101200180000,041-0120-009-0022,3811 FLORIN RD STE 22,SACRAMENTO,CA,95823.0,38.497188,-121.462091,YAGHOUBIAN MAZYAR,,LAS VEGAS,NV,89148.0,16322.0,,16322.0,2024.0,20100922.0,535000.0,MEDICAL/DENTAL/LABS,213,3006.0,MEDICAL BLDG/CLINIC,C-2,0.0,,813.0,1961.0,813.0,1,,,,,,,20100922.0,535000.0,CITY OF SACRAMENTO,617700320490553343,Tier 2: Zero Improvement,occupied_structure_missing_improvement_data
04101200180000,041-0120-009-0023,3811 FLORIN RD STE 23,SACRAMENTO,CA,95823.0,38.497188,-121.462091,YAGHOUBIAN MAZYAR,,LAS VEGAS,NV,89148.0,26371.0,,26371.0,2024.0,20100922.0,535000.0,MEDICAL/DENTAL/LABS,213,3006.0,MEDICAL BLDG/CLINIC,C-2,0.0,,1301.0,1961.0,1301.0,1,,,,,,,20100922.0,535000.0,CITY OF SACRAMENTO,617700320490553343,Tier 2: Zero Improvement,occupied_structure_missing_improvement_data
04101200180000,041-0120-009-0024,3811 FLORIN RD STE 24,SACRAMENTO,CA,95823.0,38.497188,-121.462091,YAGHOUBIAN MAZYAR,,LAS VEGAS,NV,89148.0,16322.0,,16322.0,2024.0,20100922.0,535000.0,MEDICAL/DENTAL/LABS,213,3006.0,MEDICAL BLDG/CLINIC,C-2,0.0,,813.0,1961.0,813.0,1,,,,,,,20100922.0,535000.0,CITY OF SACRAMENTO,617700320490553343,Tier 2: Zero Improvement,occupied_structure_missing_improvement_data
04101200180000,041-0120-009-0025,3811 FLORIN RD STE 25,SACRAMENTO,CA,95823.0,38.497188,-121.462091,YAGHOUBIAN MAZYAR,,LAS VEGAS,NV,89148.0,16322.0,,16322.0,2024.0,20100922.0,535000.0,MEDICAL/DENTAL/LABS,213,3006.0,MEDICAL BLDG/CLINIC,C-2,0.0,,813.0,1961.0,813.0,1,,,,,,,20100922.0,535000.0,CITY OF SACRAMENTO,617700320490553343,Tier 2: Zero Improvement,occupied_structure_missing_improvement_data
04101200180000,041-0120-009-0026,3811 FLORIN RD STE 26,SACRAMENTO,CA,95823.0,38.497188,-121.462091,YAGHOUBIAN MAZYAR,,LAS VEGAS,NV,89148.0,16322.0,,16322.0,2024.0,20100922.0,535000.0,MEDICAL/DENTAL/LABS,213,3006.0,MEDICAL BLDG/CLINIC,C-2,0.0,,813.0,1961.0,813.0,1,,,,,,,20100922.0,535000.0,CITY OF SACRAMENTO,617700320490553343,Tier 2: Zero Improvement,occupied_structure_missing_improvement_data
04101200180000,041-0120-009-0027,3811 FLORIN RD STE 27,SACRAMENTO,CA,95823.0,38.497188,-121.462091,YAGHOUBIAN MAZYAR,,LAS VEGAS,NV,89148.0,27626.0,,27626.0,2024.0,20100922.0,535000.0,MEDICAL/DENTAL/LABS,213,3006.0,MEDICAL BLDG/CLINIC,C-2,0.0,,1332.0,1961.0,1332.0,1,,,,,,,20100922.0,535000.0,CITY OF SACRAMENTO,617700320490553343,Tier 2: Zero Improvement,occupied_structure_missing_improvement_data
04101200180000,041-0120-009-0028,3811 FLORIN RD STE 28,SACRAMENTO,CA,95823.0,38.497188,-121.462091,YAGHOUBIAN MAZYAR,,LAS VEGAS,NV,89148.0,16322.0,,16322.0,2024.0,20100922.0,535000.0,MEDICAL/DENTAL/LABS,213,3006.0,MEDICAL BLDG/CLINIC,C-2,0.0,,813.0,1961.0,813.0,1,,,,,,,20100922.0,535000.0,CITY OF SACRAMENTO,617700320490553343,Tier 2: Zero Improvement,occupied_structure_missing_improvement_data
04101200180000,041-0120-009-0029,3811 FLORIN RD STE 30,SACRAMENTO,CA,95823.0,38.497188,-121.462091,YAGHOUBIAN MAZYAR,,LAS VEGAS,NV,89148.0,17579.0,,17579.0,2024.0,20100922.0,535000.0,MEDICAL/DENTAL/LABS,213,3006.0,MEDICAL BLDG/CLINIC,C-2,0.0,,844.0,1961.0,844.0,1,,,,,,,20100922.0,535000.0,CITY OF SACRAMENTO,617700320490553343,Tier 2: Zero Improvement,occupied_structure_missing_improvement_data
03702310030000,037-0231-003-0000,EL PARAISO AVE,SACRAMENTO,CA,95824.0,38.512934,-121.442304,SACRAMENTO MEMORIAL ASSOCIATION INC,,NORTH POTOMAC,MD,20878.0,169793.0,,169793.0,2024.0,,0.0,CEMETERY,DFC00A,9108.0,CEMETERY (EXEMPT),RD-5,2.1600001,AC,,,,,,,,,,,20201104.0,2789000.0,UNINCORPORATED COUNTY,617700320522534911,Tier 2: Zero Improvement,inherently_active_use_parking_airport_cemetery
03702310040000,037-0231-004-0000,EL PARAISO AVE,SACRAMENTO,CA,95824.0,38.512941,-121.441742,SACRAMENTO MEMORIAL ASSOCIATION INC,,NORTH POTOMAC,MD,20878.0,169793.0,,169793.0,2024.0,,0.0,CEMETERY,DFC00A,9108.0,CEMETERY (EXEMPT),RD-5,2.1600001,AC,,,,,,,,,,,20201104.0,2789000.0,UNINCORPORATED COUNTY,617700320522534911,Tier 2: Zero Improvement,inherently_active_use_parking_airport_cemetery
24606200260000,246-0620-026-0000,4505 HAZEL AVE,FAIR OAKS,CA,95628.0,38.647328,-121.22583,COUNTY OF SACRAMENTO,,SACRAMENTO,CA,95827.0,,,,2024.0,20100204.0,0.0,RES/TWO FAMILY/DUPLEX,A2B00A,1101.0,"DUPLEX (2 UNITS, ANY COMBINATION)",RD-10,7405.0,SF,1865.0,1977.0,1865.0,1,,4.0,,,,,20100204.0,,UNINCORPORATED COUNTY,617700310138748927,Tier 2: Zero Improvement,occupied_structure_missing_improvement_data
06906500180000,069-0650-018-0000,12100 TRIBUTARY POINT DR,GOLD RIVER,CA,95670.0,38.628587,-121.223864,DAVIES-TORRANCE SURVIORS TRUST,,OAKLAND,CA,94611.0,742845.0,132651.0,875496.0,2024.0,,0.0,PARKING LOT,BFH00A,2036.0,PARKING LOT,SC,0.0,,,2015.0,,,,,,,,,20210122.0,14300000.0,UNINCORPORATED COUNTY,617700310087106559,Tier 3: Parking/Abandoned,occupied_structure_missing_improvement_data
06906500190000,069-0650-019-0000,12130 TRIBUTARY POINT DR,GOLD RIVER,CA,95670.0,38.628744,-121.222796,TRIBUTARY POINT LLC,,RENO,NV,89503.0,2500000.0,,2500000.0,2024.0,,0.0,PARKING LOT,BFH00A,2036.0,PARKING LOT,SC,0.0,,,2015.0,,,,,,,,,20240119.0,2500000.0,UNINCORPORATED COUNTY,617700310087106559,Tier 2: Zero Improvement,occupied_structure_missing_improvement_data
22300500510000,804-0003-020-0000,6480 MAIN AVE SPC 20,ORANGEVALE,CA,95662.0,38.682832,-121.200623,THOMAS P HAYES ADELE STURGEON,,ORANGEVALE,CA,95662.0,,,,2024.0,,0.0,MOBILE HOME/ON LEASED LAND/MH PARK,ATA00A,1006.0,MOBILE/MANUFACTURED HOME (REGARDLESS OF LAND OWNERSHIP),RM-1,0.0,,520.0,1965.0,520.0,1,,1.0,,,,,,,UNINCORPORATED COUNTY,617700278278553599,Tier 2: Zero Improvement,occupied_structure_missing_improvement_data
21302820400000,213-0282-040-0000,9871 GREENBACK LN,FOLSOM,CA,95630.0,38.684663,-121.179444,CONRAD ETHAN,,SACRAMENTO,CA,95834.0,942624.0,,942624.0,2024.0,,0.0,SERVICE STATION,BFA0BA,2041.0,GAS STATION,C-2,31929.0,SF,1224.0,1991.0,1224.0,1,,,,,,,20141119.0,8032500.0,UNINCORPORATED COUNTY,617700278313680895,Tier 2: Zero Improvement,occupied_structure_missing_improvement_data
07000510080000,070-0051-008-0000,902 RIVER WAY,FOLSOM,CA,95630.0,38.677687,-121.180598,CITY OF FOLSOM,,FOLSOM,CA,95630.0,,,,2024.0,19970730.0,0.0,"OFFICE, RES, CONVERSION 1 STORY",CJA00A,2044.0,COMMERCIAL/OFFICE/RESIDENTIAL (MIXED USE),HD,10019.0,SF,2032.0,1902.0,2032.0,1,,,,,,,,,UNINCORPORATED COUNTY,617700278314205183,Tier 2: Zero Improvement,occupied_structure_missing_improvement_data
23501000090000,235-0100-009-0000,SNIPES BLVD,ORANGEVALE,CA,95662.0,38.669452,-121.197315,ORANGEVALE RECREATION & PARK DISTRICT,,ORANGEVALE,CA,95662.0,,,,2024.0,19851127.0,0.0,VACANT RECREATIONAL UNDER 2 AC,IFEBAB,8010.0,RECREATIONAL-VACANT LAND,O (PC),42438.0,SF,,,,,,,,,,,,,UNINCORPORATED COUNTY,617700278285107199,Tier 1: Coded Vacant,public_park_or_recreation_agency
22302900310000,223-0290-031-0000,MORNINGLO LN,ORANGEVALE,CA,95662.0,38.670167,-121.195726,CA DEPT OF PARKS & RECREATION,,ORANGEVALE,CA,95662.0,384.0,,384.0,2024.0,20040203.0,0.0,"MISC, UNUSABLE-SMALL",MSMALA,8009.0,"WASTE LAND, MARSH, SWAMP, SUBMERGED-VACANT LAND",O (PC),1450.0,SF,,,,,,,,,,,,,UNINCORPORATED COUNTY,617700278283796479,Tier 2: Zero Improvement,public_park_or_recreation_agency
23501000150000,235-0100-015-0000,SNIPES BLVD,ORANGEVALE,CA,95662.0,38.669369,-121.19626,ORANGEVALE RECREATION & PARK DISTRICT,,ORANGEVALE,CA,95662.0,,,,2024.0,19851127.0,0.0,VAC RECREATION UNDER 2 AC,IFEAAB,8010.0,RECREATIONAL-VACANT LAND,O (PC),43226.0,SF,,,,,,,,,,,,,UNINCORPORATED COUNTY,617700278284845055,Tier 1: Coded Vacant,public_park_or_recreation_agency
23501000140000,235-0100-014-0000,5624 SNIPES BLVD,ORANGEVALE,CA,95662.0,38.668824,-121.196247,ORANGEVALE RECREATION & PARK DISTRICT,,ORANGEVALE,CA,95662.0,,,,2024.0,19851127.0,0.0,VAC RECREATION UNDER 2 AC,IFEAAB,8010.0,RECREATIONAL-VACANT LAND,O (PC),1.1,AC,,,,,,,,,,,,,UNINCORPORATED COUNTY,617700278284845055,Tier 1: Coded Vacant,public_park_or_recreation_agency
22302900290000,223-0290-029-0000,MORNINGLO LN,ORANGEVALE,CA,95662.0,38.66869,-121.1939,CA DEPT OF PARKS & RECREATION,,SACRAMENTO,CA,95814.0,,,,2024.0,20040203.0,0.0,VACANT RES (10-49 ACRES),IABBFE,8001.0,RESIDENTIAL-VACANT LAND,O (PC),12.34,AC,,,,,,,,,,,,,UNINCORPORATED COUNTY,617700278284845055,Tier 1: Coded Vacant,public_park_or_recreation_agency
04003200400000,040-0320-040-0000,OSMANTHUS PL,SACRAMENTO,CA,95828.0,38.504286,-121.427626,SOUTHGATE RECREATION & PARK DISTRICT,,SACRAMENTO,CA,95823.0,,,,2024.0,,0.0,"MISC, UNUSABLE-SMALL",MSMALA,8009.0,"WASTE LAND, MARSH, SWAMP, SUBMERGED-VACANT LAND",RD-10,0.0,,,,,,,,,,,,,,UNINCORPORATED COUNTY,617700308523417599,Tier 2: Zero Improvement,public_park_or_recreation_agency
04003200390000,040-0320-039-0000,OSMANTHUS PL,SACRAMENTO,CA,95828.0,38.50354,-121.427794,SOUTHGATE RECREATION & PARK DISTRICT,,SACRAMENTO,CA,95823.0,,,,2024.0,,0.0,"MISC, UNUSABLE-SMALL",MSMALA,8009.0,"WASTE LAND, MARSH, SWAMP, SUBMERGED-VACANT LAND",RD-10,0.0,,,,,,,,,,,,20201103.0,,UNINCORPORATED COUNTY,617700308523417599,Tier 2: Zero Improvement,public_park_or_recreation_agency
04902810370000,049-0281-037-0002,123 LA FRESA CT APT 2,SACRAMENTO,CA,95823.0,38.490287,-121.457099,HOUSING AUTHORITY OF THE CITY OF SACRAMENTO,,SACRAMENTO,CA,95814.0,,,,2024.0,20100630.0,0.0,RES/SINGLE FAMILY/CONDOMINIUM,A1F00A,1004.0,CONDOMINIUM UNIT (RESIDENTIAL),R-3,0.0,,840.0,1970.0,840.0,2,,2.0,,,,,20100630.0,60000.0,CITY OF SACRAMENTO,617700320487931903,Tier 2: Zero Improvement,occupied_structure_missing_improvement_data
04902810010000,049-0281-001-0002,7312 FRANKLIN BLVD APT 2,SACRAMENTO,CA,95823.0,38.490605,-121.456818,HOUSING AUTHORITY OF THE CITY OF SACRAMENTO,,SACRAMENTO,CA,95814.0,,,,2024.0,20100318.0,0.0,RES/SINGLE FAMILY/CONDOMINIUM,A1F00A,1004.0,CONDOMINIUM UNIT (RESIDENTIAL),R-3,0.0,,840.0,1970.0,840.0,2,,2.0,,,,,20100318.0,70000.0,CITY OF SACRAMENTO,617700320487931903,Tier 2: Zero Improvement,occupied_structure_missing_improvement_data
04902810040000,049-0281-004-0002,7336 FRANKLIN BLVD APT 2,SACRAMENTO,CA,95823.0,38.490161,-121.456588,HOUSING AUTHORITY OF THE CITY OF SACRAMENTO,,SACRAMENTO,CA,95814.0,,,,2024.0,20030203.0,0.0,RES/SINGLE FAMILY/CONDOMINIUM,A1F00A,1004.0,CONDOMINIUM UNIT (RESIDENTIAL),R-3,0.0,,840.0,1970.0,840.0,2,,2.0,,,,,20030203.0,1000.0,CITY OF SACRAMENTO,617700320487931903,Tier 2: Zero Improvement,occupied_structure_missing_improvement_data
04902810040000,049-0281-004-0004,7336 FRANKLIN BLVD APT 4,SACRAMENTO,CA,95823.0,38.490161,-121.456588,HOUSING AUTHORITY OF THE CITY OF SACRAMENTO,,SACRAMENTO,CA,95814.0,,,,2024.0,20020830.0,0.0,RES/SINGLE FAMILY/CONDOMINIUM,A1F00A,1004.0,CONDOMINIUM UNIT (RESIDENTIAL),R-3,0.0,,924.0,1970.0,924.0,1,,2.0,,,,,20020830.0,,CITY OF SACRAMENTO,617700320487931903,Tier 2: Zero Improvement,occupied_structure_missing_improvement_data
04902810320000,049-0281-032-0002,81 LA FRESA CT APT 2,SACRAMENTO,CA,95823.0,38.489247,-121.456617,HOUSING AUTHORITY OF THE CITY OF SACRAMENTO,,SACRAMENTO,CA,95814.0,,,,2024.0,20030203.0,0.0,RES/SINGLE FAMILY/CONDOMINIUM,A1F00A,1004.0,CONDOMINIUM UNIT (RESIDENTIAL),R-3,0.0,,840.0,1970.0,840.0,2,,2.0,,,,,20060630.0,114000.0,CITY OF SACRAMENTO,617700320487931903,Tier 2: Zero Improvement,occupied_structure_missing_improvement_data
04902820060000,049-0282-006-0001,58 LA FRESA CT APT 1,SACRAMENTO,CA,95823.0,38.488527,-121.45692,HOUSING AUTHORITY OF THE CITY OF SACRAMENTO,,SACRAMENTO,CA,95814.0,,,,2024.0,20020501.0,0.0,RES/SINGLE FAMILY/CONDOMINIUM,A1F00A,1004.0,CONDOMINIUM UNIT (RESIDENTIAL),R-3,0.0,,795.0,1970.0,795.0,1,,2.0,,,,,20020501.0,9500.0,CITY OF SACRAMENTO,617700320495796223,Tier 2: Zero Improvement,occupied_structure_missing_improvement_data
04902820060000,049-0282-006-0003,58 LA FRESA CT APT 3,SACRAMENTO,CA,95823.0,38.488527,-121.45692,CITY OF SACRAMENTO HOUSING AUTHORITY,,SACRAMENTO,CA,95814.0,,,,2024.0,20110308.0,0.0,RES/SINGLE FAMILY/CONDOMINIUM,A1F00A,1004.0,CONDOMINIUM UNIT (RESIDENTIAL),R-3,0.0,,840.0,1970.0,840.0,2,,2.0,,,,,20110308.0,115000.0,CITY OF SACRAMENTO,617700320495796223,Tier 2: Zero Improvement,occupied_structure_missing_improvement_data
04902820100000,049-0282-010-0001,25 LA PERA CT APT 1,SACRAMENTO,CA,95823.0,38.488356,-121.457491,HOUSING AUTHORITY OF THE CITY OF SACRAMENTO,,SACRAMENTO,CA,95814.0,,,,2024.0,20030213.0,0.0,RES/SINGLE FAMILY/CONDOMINIUM,A1F00A,1004.0,CONDOMINIUM UNIT (RESIDENTIAL),R-3,0.0,,795.0,1970.0,795.0,1,,2.0,,,,,20030213.0,,CITY OF SACRAMENTO,617700320495796223,Tier 2: Zero Improvement,occupied_structure_missing_improvement_data
04902820090000,049-0282-009-0001,17 LA PERA CT APT 1,SACRAMENTO,CA,95823.0,38.48824,-121.457246,HOUSING AUTHORITY OF THE CITY OF SACRAMENTO,,SACRAMENTO,CA,95814.0,,,,2024.0,20030203.0,0.0,RES/SINGLE FAMILY/CONDOMINIUM,A1F00A,1004.0,CONDOMINIUM UNIT (RESIDENTIAL),R-3,0.0,,795.0,1970.0,795.0,1,,2.0,,,,,20030203.0,1000.0,CITY OF SACRAMENTO,617700320495796223,Tier 2: Zero Improvement,occupied_structure_missing_improvement_data
04902810050000,049-0281-005-0001,7344 FRANKLIN BLVD APT 1,SACRAMENTO,CA,95823.0,38.490016,-121.456513,HOUSING AUTHORITY OF THE CITY OF SACRAMENTO,,SACRAMENTO,CA,95814.0,,,,2024.0,20030203.0,0.0,RES/SINGLE FAMILY/CONDOMINIUM,A1F00A,1004.0,CONDOMINIUM UNIT (RESIDENTIAL),R-3,0.0,,795.0,1970.0,795.0,1,,2.0,,,,,20030203.0,1000.0,CITY OF SACRAMENTO,617700320487931903,Tier 2: Zero Improvement,occupied_structure_missing_improvement_data
04902810070000,049-0281-007-0002,7360 FRANKLIN BLVD APT 2,SACRAMENTO,CA,95823.0,38.489725,-121.456362,HOUSING AUTHORITY OF THE CITY OF SACRAMENTO,,SACRAMENTO,CA,95814.0,,,,2024.0,20020612.0,0.0,RES/SINGLE FAMILY/CONDOMINIUM,A1F00A,1004.0,CONDOMINIUM UNIT (RESIDENTIAL),R-3,0.0,,840.0,1970.0,840.0,2,,2.0,,,,,20020612.0,,CITY OF SACRAMENTO,617700320487931903,Tier 2: Zero Improvement,occupied_structure_missing_improvement_data
04902810070000,049-0281-007-0003,7360 FRANKLIN BLVD APT 3,SACRAMENTO,CA,95823.0,38.489725,-121.456362,CITY OF SACRAMENTO HOUSING AUTHORITY,,SACRAMENTO,CA,95814.0,,,,2024.0,20110308.0,0.0,RES/SINGLE FAMILY/CONDOMINIUM,A1F00A,1004.0,CONDOMINIUM UNIT (RESIDENTIAL),R-3,0.0,,840.0,1970.0,840.0,2,,2.0,,,,,20110308.0,37000.0,CITY OF SACRAMENTO,617700320487931903,Tier 2: Zero Improvement,occupied_structure_missing_improvement_data
04902810070000,049-0281-007-0004,7360 FRANKLIN BLVD APT 4,SACRAMENTO,CA,95823.0,38.489725,-121.456362,HOUSING AUTHORITY OF THE CITY OF SACRAMENTO,,SACRAMENTO,CA,95814.0,,,,2024.0,20020830.0,0.0,RES/SINGLE FAMILY/CONDOMINIUM,A1F00A,1004.0,CONDOMINIUM UNIT (RESIDENTIAL),R-3,0.0,,924.0,1970.0,924.0,1,,2.0,,,,,20020830.0,,CITY OF SACRAMENTO,617700320487931903,Tier 2: Zero Improvement,occupied_structure_missing_improvement_data
04902810090000,049-0281-009-0002,7376 FRANKLIN BLVD APT 2,SACRAMENTO,CA,95823.0,38.489434,-121.45621,CITY OF SACRAMENTO HOUSING AUTHORITY,,SACRAMENTO,CA,95814.0,,,,2024.0,20110427.0,0.0,RES/SINGLE FAMILY/CONDOMINIUM,A1F00A,1004.0,CONDOMINIUM UNIT (RESIDENTIAL),R-3,0.0,,840.0,1970.0,840.0,2,,2.0,,,,,20110427.0,,CITY OF SACRAMENTO,617700320487931903,Tier 2: Zero Improvement,occupied_structure_missing_improvement_data
04902810310000,049-0281-031-0002,73 LA FRESA CT APT 2,SACRAMENTO,CA,95823.0,38.489102,-121.45654,CITY OF SACRAMENTO HOUSING AUTHORITY,,SACRAMENTO,CA,95814.0,,,,2024.0,20110308.0,0.0,RES/SINGLE FAMILY/CONDOMINIUM,A1F00A,1004.0,CONDOMINIUM UNIT (RESIDENTIAL),R-3,0.0,,840.0,1970.0,840.0,2,,2.0,,,,,20110308.0,,CITY OF SACRAMENTO,617700320495796223,Tier 2: Zero Improvement,occupied_structure_missing_improvement_data
04902810310000,049-0281-031-0004,73 LA FRESA CT APT 4,SACRAMENTO,CA,95823.0,38.489102,-121.45654,HOUSING AUTHORITY OF THE CITY OF SACRAMENTO,,SACRAMENTO,CA,95814.0,,,,2024.0,20020830.0,0.0,RES/SINGLE FAMILY/CONDOMINIUM,A1F00A,1004.0,CONDOMINIUM UNIT (RESIDENTIAL),R-3,0.0,,924.0,1970.0,924.0,1,,2.0,,,,,,,CITY OF SACRAMENTO,617700320495796223,Tier 2: Zero Improvement,occupied_structure_missing_improvement_data
04902810100000,049-0281-010-0003,7384 FRANKLIN BLVD APT 3,SACRAMENTO,CA,95823.0,38.489287,-121.456133,HOUSING AUTHORITY OF THE CITY OF SACRAMENTO,,SACRAMENTO,CA,95814.0,,,,2024.0,20030203.0,0.0,RES/SINGLE FAMILY/CONDOMINIUM,A1F00A,1004.0,CONDOMINIUM UNIT (RESIDENTIAL),R-3,0.0,,840.0,1970.0,840.0,2,,2.0,,,,,20030203.0,1000.0,CITY OF SACRAMENTO,617700320487931903,Tier 2: Zero Improvement,occupied_structure_missing_improvement_data
04902810300000,049-0281-030-0001,65 LA FRESA CT APT 1,SACRAMENTO,CA,95823.0,38.488939,-121.456464,HOUSING AUTHORITY OF THE CITY OF SACRAMENTO,,SACRAMENTO,CA,95814.0,,,,2024.0,20020605.0,0.0,RES/SINGLE FAMILY/CONDOMINIUM,A1F00A,1004.0,CONDOMINIUM UNIT (RESIDENTIAL),R-3,0.0,,795.0,1970.0,795.0,1,,2.0,,,,,20020605.0,,CITY OF SACRAMENTO,617700320495796223,Tier 2: Zero Improvement,occupied_structure_missing_improvement_data
04902810120000,049-0281-012-0004,7400 FRANKLIN BLVD APT 4,SACRAMENTO,CA,95823.0,38.488997,-121.455986,CITY OF SACRAMENTO HOUSING AUTHORITY,,SACRAMENTO,CA,95814.0,,,,2024.0,20110308.0,0.0,RES/SINGLE FAMILY/CONDOMINIUM,A1F00A,1004.0,CONDOMINIUM UNIT (RESIDENTIAL),R-3,0.0,,924.0,1969.0,924.0,1,,2.0,,,,,20110308.0,24500.0,CITY OF SACRAMENTO,617700320495796223,Tier 2: Zero Improvement,occupied_structure_missing_improvement_data
04902810130000,049-0281-013-0003,7408 FRANKLIN BLVD APT 3,SACRAMENTO,CA,95823.0,38.488851,-121.455915,CITY OF SACRAMENTO HOUSING AUTHORITY,,SACRAMENTO,CA,95814.0,,,,2024.0,20110308.0,0.0,RES/SINGLE FAMILY/CONDOMINIUM,A1F00A,1004.0,CONDOMINIUM UNIT (RESIDENTIAL),R-3,0.0,,840.0,1970.0,840.0,2,,2.0,,,,,20110308.0,60000.0,CITY OF SACRAMENTO,617700320495796223,Tier 2: Zero Improvement,occupied_structure_missing_improvement_data
04902810130000,049-0281-013-0004,7408 FRANKLIN BLVD APT 4,SACRAMENTO,CA,95823.0,38.488851,-121.455915,HOUSING AUTHORITY OF THE CITY OF SACRAMENTO,,SACRAMENTO,CA,95814.0,,,,2024.0,20020830.0,0.0,RES/SINGLE FAMILY/CONDOMINIUM,A1F00A,1004.0,CONDOMINIUM UNIT (RESIDENTIAL),R-3,0.0,,924.0,1970.0,924.0,1,,2.0,,,,,20020830.0,,CITY OF SACRAMENTO,617700320495796223,Tier 2: Zero Improvement,occupied_structure_missing_improvement_data
04902810140000,049-0281-014-0002,7416 FRANKLIN BLVD APT 2,SACRAMENTO,CA,95823.0,38.488702,-121.455847,HOUSING AUTHORITY OF THE CITY OF SACRAMENTO,,SACRAMENTO,CA,95814.0,,,,2024.0,20030203.0,0.0,RES/SINGLE FAMILY/CONDOMINIUM,A1F00A,1004.0,CONDOMINIUM UNIT (RESIDENTIAL),R-3,0.0,,840.0,1970.0,840.0,2,,2.0,,,,,20030203.0,1000.0,CITY OF SACRAMENTO,617700320495796223,Tier 2: Zero Improvement,occupied_structure_missing_improvement_data
04902810140000,049-0281-014-0003,7416 FRANKLIN BLVD APT 3,SACRAMENTO,CA,95823.0,38.488702,-121.455847,HOUSING AUTHORITY OF THE CITY OF SACRAMENTO,,SACRAMENTO,CA,95814.0,,,,2024.0,20020930.0,0.0,RES/SINGLE FAMILY/CONDOMINIUM,A1F00A,1004.0,CONDOMINIUM UNIT (RESIDENTIAL),R-3,0.0,,840.0,1970.0,840.0,2,,2.0,,,,,19950815.0,8000.0,CITY OF SACRAMENTO,617700320495796223,Tier 2: Zero Improvement,occupied_structure_missing_improvement_data
04902810150000,049-0281-015-0001,7424 FRANKLIN BLVD APT 1,SACRAMENTO,CA,95823.0,38.488553,-121.455785,HOUSING AUTHORITY OF THE CITY OF SACRAMENTO,,SACRAMENTO,CA,95814.0,,,,2024.0,20000128.0,0.0,RES/SINGLE FAMILY/CONDOMINIUM,A1F00A,1004.0,CONDOMINIUM UNIT (RESIDENTIAL),R-3,0.0,,795.0,1970.0,795.0,1,,2.0,,,,,20181203.0,35000.0,CITY OF SACRAMENTO,617700320495796223,Tier 2: Zero Improvement,occupied_structure_missing_improvement_data
04902810150000,049-0281-015-0002,7424 FRANKLIN BLVD APT 2,SACRAMENTO,CA,95823.0,38.488553,-121.455785,HOUSING AUTHORITY OF THE CITY OF SACRAMENTO,,SACRAMENTO,CA,95814.0,,,,2024.0,20021125.0,0.0,RES/SINGLE FAMILY/CONDOMINIUM,A1F00A,1004.0,CONDOMINIUM UNIT (RESIDENTIAL),R-3,0.0,,840.0,1970.0,840.0,2,,2.0,,,,,20021125.0,15500.0,CITY OF SACRAMENTO,617700320495796223,Tier 2: Zero Improvement,occupied_structure_missing_improvement_data
04902810150000,049-0281-015-0004,7424 FRANKLIN BLVD APT 4,SACRAMENTO,CA,95823.0,38.488553,-121.455785,HOUSING AUTHORITY OF THE CITY OF SACRAMENTO,,SACRAMENTO,CA,95814.0,,,,2024.0,20021125.0,0.0,RES/SINGLE FAMILY/CONDOMINIUM,A1F00A,1004.0,CONDOMINIUM UNIT (RESIDENTIAL),R-3,0.0,,924.0,1970.0,924.0,1,,2.0,,,,,20021125.0,15500.0,CITY OF SACRAMENTO,617700320495796223,Tier 2: Zero Improvement,occupied_structure_missing_improvement_data
04902810250000,049-0281-025-0004,25 LA FRESA CT APT 4,SACRAMENTO,CA,95823.0,38.488091,-121.456101,HOUSING AUTHORITY OF CITY OF SACRAMENTO,,SACRAMENTO,CA,95814.0,,,,2024.0,20090915.0,0.0,RES/SINGLE FAMILY/CONDOMINIUM,A1F00A,1004.0,CONDOMINIUM UNIT (RESIDENTIAL),R-3,0.0,,924.0,1970.0,924.0,1,,2.0,,,,,20090915.0,120000.0,CITY OF SACRAMENTO,617700320495796223,Tier 2: Zero Improvement,occupied_structure_missing_improvement_data
04902810260000,049-0281-026-0001,33 LA FRESA CT APT 1,SACRAMENTO,CA,95823.0,38.488242,-121.456157,HOUSING AUTHORITY OF THE CITY OF SACRAMENTO,,SACRAMENTO,CA,95814.0,,,,2024.0,20100111.0,0.0,RES/SINGLE FAMILY/CONDOMINIUM,A1F00A,1004.0,CONDOMINIUM UNIT (RESIDENTIAL),R-3,0.0,,795.0,1970.0,795.0,1,,2.0,,,,,20100111.0,60000.0,CITY OF SACRAMENTO,617700320495796223,Tier 2: Zero Improvement,occupied_structure_missing_improvement_data
04902810260000,049-0281-026-0003,33 LA FRESA CT APT 3,SACRAMENTO,CA,95823.0,38.488242,-121.456157,CITY OF SACRAMENTO HOUSING AUTHORITY,,SACRAMENTO,CA,95814.0,,,,2024.0,20110308.0,0.0,RES/SINGLE FAMILY/CONDOMINIUM,A1F00A,1004.0,CONDOMINIUM UNIT (RESIDENTIAL),R-3,0.0,,840.0,1969.0,840.0,2,,2.0,,,,,20110308.0,,CITY OF SACRAMENTO,617700320495796223,Tier 2: Zero Improvement,occupied_structure_missing_improvement_data
04902810160000,049-0281-016-0001,7432 FRANKLIN BLVD APT 1,SACRAMENTO,CA,95823.0,38.488402,-121.455725,HOUSING AUTHORITY OF THE CITY OF SACRAMENTO,,SACRAMENTO,CA,95814.0,,,,2024.0,20000128.0,0.0,RES/SINGLE FAMILY/CONDOMINIUM,A1F00A,1004.0,CONDOMINIUM UNIT (RESIDENTIAL),R-3,0.0,,795.0,1970.0,795.0,1,,2.0,,,,,19990831.0,26000.0,CITY OF SACRAMENTO,617700320495796223,Tier 2: Zero Improvement,occupied_structure_missing_improvement_data
04902810160000,049-0281-016-0004,7432 FRANKLIN BLVD APT 4,SACRAMENTO,CA,95823.0,38.488402,-121.455725,HOUSING AUTHORITY OF THE CITY OF SACRAMENTO,,SACRAMENTO,CA,95814.0,,,,2024.0,20020524.0,0.0,RES/SINGLE FAMILY/CONDOMINIUM,A1F00A,1004.0,CONDOMINIUM UNIT (RESIDENTIAL),R-3,0.0,,924.0,1970.0,924.0,1,,2.0,,,,,20020524.0,,CITY OF SACRAMENTO,617700320495796223,Tier 2: Zero Improvement,occupied_structure_missing_improvement_data
04902810170000,049-0281-017-0002,7440 FRANKLIN BLVD APT 2,SACRAMENTO,CA,95823.0,38.48825,-121.455664,HOUSING AUTHORITY OF THE CITY OF SACRAMENTO,,SACRAMENTO,CA,95814.0,,,,2024.0,20030407.0,0.0,RES/SINGLE FAMILY/CONDOMINIUM,A1F00A,1004.0,CONDOMINIUM UNIT (RESIDENTIAL),R-3,0.0,,840.0,1970.0,840.0,2,,2.0,,,,,20030407.0,14000.0,CITY OF SACRAMENTO,617700320495796223,Tier 2: Zero Improvement,occupied_structure_missing_improvement_data
04902810170000,049-0281-017-0004,7440 FRANKLIN BLVD APT 4,SACRAMENTO,CA,95823.0,38.48825,-121.455664,CITY OF SACRAMENTO HOUSING AUTHORITY,,SACRAMENTO,CA,95814.0,,,,2024.0,20110308.0,0.0,RES/SINGLE FAMILY/CONDOMINIUM,A1F00A,1004.0,CONDOMINIUM UNIT (RESIDENTIAL),R-3,0.0,,924.0,1970.0,924.0,1,,2.0,,,,,20110308.0,45000.0,CITY OF SACRAMENTO,617700320495796223,Tier 2: Zero Improvement,occupied_structure_missing_improvement_data
04902810180000,049-0281-018-0001,7448 FRANKLIN BLVD APT 1,SACRAMENTO,CA,95823.0,38.488097,-121.455606,HOUSING AUTHORITY OF THE CITY OF SACRAMENTO,,SACRAMENTO,CA,95814.0,,,,2024.0,20030203.0,0.0,RES/SINGLE FAMILY/CONDOMINIUM,A1F00A,1004.0,CONDOMINIUM UNIT (RESIDENTIAL),R-3,0.0,,795.0,1970.0,795.0,1,,2.0,,,,,20030203.0,1000.0,CITY OF SACRAMENTO,617700320495796223,Tier 2: Zero Improvement,occupied_structure_missing_improvement_data
04902810180000,049-0281-018-0004,7448 FRANKLIN BLVD APT 4,SACRAMENTO,CA,95823.0,38.488097,-121.455606,CITY OF SACRAMENTO HOUSING AUTHORITY,,SACRAMENTO,CA,95814.0,,,,2024.0,20110308.0,0.0,RES/SINGLE FAMILY/CONDOMINIUM,A1F00A,1004.0,CONDOMINIUM UNIT (RESIDENTIAL),R-3,0.0,,924.0,1970.0,924.0,1,,2.0,,,,,20110308.0,,CITY OF SACRAMENTO,617700320495796223,Tier 2: Zero Improvement,occupied_structure_missing_improvement_data
04902830080000,049-0283-008-0003,4335 SHINING STAR DR APT 3,SACRAMENTO,CA,95823.0,38.487459,-121.457685,HOUSING AUTHORITY OF THE CITY OF SACRAMENTO,,SACRAMENTO,CA,95814.0,,,,2024.0,19990629.0,0.0,RES/SINGLE FAMILY/CONDOMINIUM,A1F00A,1004.0,CONDOMINIUM UNIT (RESIDENTIAL),R-3,0.0,,840.0,1969.0,840.0,2,,2.0,,,,,19990401.0,,CITY OF SACRAMENTO,617700320495796223,Tier 2: Zero Improvement,occupied_structure_missing_improvement_data
04902830110000,049-0283-011-0004,18 LA PERA CT APT 4,SACRAMENTO,CA,95823.0,38.487777,-121.457024,HOUSING AUTHORITY OF THE CITY OF SACRAMENTO,,SACRAMENTO,CA,95814.0,,,,2024.0,19990629.0,0.0,RES/SINGLE FAMILY/CONDOMINIUM,A1F00A,1004.0,CONDOMINIUM UNIT (RESIDENTIAL),R-3,0.0,,924.0,1970.0,924.0,1,,2.0,,,,,19960412.0,2000.0,CITY OF SACRAMENTO,617700320495796223,Tier 2: Zero Improvement,occupied_structure_missing_improvement_data
04902830070000,049-0283-007-0004,4343 SHINING STAR DR APT 4,SACRAMENTO,CA,95823.0,38.48743,-121.457477,CITY OF SACRAMENTO HOUSING AUTHORITY,,SACRAMENTO,CA,95814.0,,,,2024.0,20110519.0,0.0,RES/SINGLE FAMILY/CONDOMINIUM,A1F00A,1004.0,CONDOMINIUM UNIT (RESIDENTIAL),R-3,0.0,,924.0,1970.0,924.0,1,,2.0,,,,,20110519.0,105000.0,CITY OF SACRAMENTO,617700320495796223,Tier 2: Zero Improvement,occupied_structure_missing_improvement_data
04902830050000,049-0283-005-0001,4359 SHINING STAR DR APT 1,SACRAMENTO,CA,95823.0,38.487406,-121.457061,CITY OF SACRAMENTO HOUSING AUTHORITY,,SACRAMENTO,CA,95814.0,,,,2024.0,20110308.0,0.0,RES/SINGLE FAMILY/CONDOMINIUM,A1F00A,1004.0,CONDOMINIUM UNIT (RESIDENTIAL),R-3,0.0,,795.0,1970.0,795.0,1,,2.0,,,,,20110308.0,70000.0,CITY OF SACRAMENTO,617700320495796223,Tier 2: Zero Improvement,occupied_structure_missing_improvement_data
04902830060000,049-0283-006-0001,4351 SHINING STAR DR APT 1,SACRAMENTO,CA,95823.0,38.487411,-121.45727,HOUSING AUTHORITY OF THE CITY OF SACRAMENTO,,SACRAMENTO,CA,95814.0,,,,2024.0,20030203.0,0.0,RES/SINGLE FAMILY/CONDOMINIUM,A1F00A,1004.0,CONDOMINIUM UNIT (RESIDENTIAL),R-3,0.0,,795.0,1970.0,795.0,1,,2.0,,,,,20030203.0,1000.0,CITY OF SACRAMENTO,617700320495796223,Tier 2: Zero Improvement,occupied_structure_missing_improvement_data
04902830060000,049-0283-006-0002,4351 SHINING STAR DR APT 2,SACRAMENTO,CA,95823.0,38.487411,-121.45727,HOUSING AUTHORITY OF THE CITY OF SACRAMENTO,,SACRAMENTO,CA,95814.0,,,,2024.0,20020426.0,0.0,RES/SINGLE FAMILY/CONDOMINIUM,A1F00A,1004.0,CONDOMINIUM UNIT (RESIDENTIAL),R-3,0.0,,840.0,1970.0,840.0,2,,2.0,,,,,20020426.0,17500.0,CITY OF SACRAMENTO,617700320495796223,Tier 2: Zero Improvement,occupied_structure_missing_improvement_data
04902830060000,049-0283-006-0004,4351 SHINING STAR DR APT 4,SACRAMENTO,CA,95823.0,38.487411,-121.45727,CITY OF SACRAMENTO HOUSING AUTHORITY,,SACRAMENTO,CA,95814.0,,,,2024.0,20110308.0,0.0,RES/SINGLE FAMILY/CONDOMINIUM,A1F00A,1004.0,CONDOMINIUM UNIT (RESIDENTIAL),R-3,0.0,,924.0,1970.0,924.0,1,,2.0,,,,,20110308.0,84000.0,CITY OF SACRAMENTO,617700320495796223,Tier 2: Zero Improvement,occupied_structure_missing_improvement_data
04902830030000,049-0283-003-0002,4375 SHINING STAR DR APT 2,SACRAMENTO,CA,95823.0,38.487428,-121.456641,HOUSING AUTHORITY OF THE CITY OF SACRAMENTO,,SACRAMENTO,CA,95814.0,,,,2024.0,20030203.0,0.0,RES/SINGLE FAMILY/CONDOMINIUM,A1F00A,1004.0,CONDOMINIUM UNIT (RESIDENTIAL),R-3,0.0,,840.0,1970.0,840.0,2,,2.0,,,,,20030203.0,1000.0,CITY OF SACRAMENTO,617700320495796223,Tier 2: Zero Improvement,occupied_structure_missing_improvement_data
04902830040000,049-0283-004-0004,4367 SHINING STAR DR APT 4,SACRAMENTO,CA,95823.0,38.48741,-121.45685,CITY OF SACRAMENTO HOUSING AUTHORITY,,SACRAMENTO,CA,95814.0,,,,2024.0,20110308.0,0.0,RES/SINGLE FAMILY/CONDOMINIUM,A1F00A,1004.0,CONDOMINIUM UNIT (RESIDENTIAL),R-3,0.0,,924.0,1970.0,924.0,1,,2.0,,,,,20110308.0,40000.0,CITY OF SACRAMENTO,617700320495796223,Tier 2: Zero Improvement,occupied_structure_missing_improvement_data
04902810230000,049-0281-023-0003,9 LA FRESA CT APT 3,SACRAMENTO,CA,95823.0,38.487764,-121.455983,HOUSING AUTHORITY OF THE CITY OF SACRAMENTO,,SACRAMENTO,CA,95814.0,,,,2024.0,20000128.0,0.0,RES/SINGLE FAMILY/CONDOMINIUM,A1F00A,1004.0,CONDOMINIUM UNIT (RESIDENTIAL),R-3,0.0,,840.0,1970.0,840.0,2,,2.0,,,,,19990713.0,27016.0,CITY OF SACRAMENTO,617700320495796223,Tier 2: Zero Improvement,occupied_structure_missing_improvement_data
04902810240000,049-0281-024-0002,17 LA FRESA CT APT 2,SACRAMENTO,CA,95823.0,38.487935,-121.456043,CITY OF SACRAMENTO HOUSING AUTHORITY,,SACRAMENTO,CA,95814.0,,,,2024.0,20110308.0,0.0,RES/SINGLE FAMILY/CONDOMINIUM,A1F00A,1004.0,CONDOMINIUM UNIT (RESIDENTIAL),R-3,0.0,,840.0,1969.0,840.0,2,,2.0,,,,,20110308.0,,CITY OF SACRAMENTO,617700320495796223,Tier 2: Zero Improvement,occupied_structure_missing_improvement_data
04902810220000,049-0281-022-0002,1 LA FRESA CT APT 2,SACRAMENTO,CA,95823.0,38.487528,-121.455849,HOUSING AUTHORITY OF THE CITY OF SACRAMENTO,,SACRAMENTO,CA,95814.0,,,,2024.0,20020930.0,0.0,RES/SINGLE FAMILY/CONDOMINIUM,A1F00A,1004.0,CONDOMINIUM UNIT (RESIDENTIAL),R-3,0.0,,840.0,1970.0,840.0,2,,2.0,,,,,19960823.0,9500.0,CITY OF SACRAMENTO,617700320495796223,Tier 2: Zero Improvement,occupied_structure_missing_improvement_data
04902810220000,049-0281-022-0003,1 LA FRESA CT APT 3,SACRAMENTO,CA,95823.0,38.487528,-121.455849,CITY OF SACRAMENTO HOUSING AUTHORITY,,SACRAMENTO,CA,95814.0,,,,2024.0,20110308.0,0.0,RES/SINGLE FAMILY/CONDOMINIUM,A1F00A,1004.0,CONDOMINIUM UNIT (RESIDENTIAL),R-3,0.0,,840.0,1970.0,840.0,2,,2.0,,,,,20110308.0,70000.0,CITY OF SACRAMENTO,617700320495796223,Tier 2: Zero Improvement,occupied_structure_missing_improvement_data
04902810220000,049-0281-022-0004,1 LA FRESA CT APT 4,SACRAMENTO,CA,95823.0,38.487528,-121.455849,HOUSING AUTHORITY OF THE CITY OF SACRAMENTO,,SACRAMENTO,CA,95814.0,,,,2024.0,20030203.0,0.0,RES/SINGLE FAMILY/CONDOMINIUM,A1F00A,1004.0,CONDOMINIUM UNIT (RESIDENTIAL),R-3,0.0,,924.0,1970.0,924.0,1,,2.0,,,,,20030203.0,1000.0,CITY OF SACRAMENTO,617700320495796223,Tier 2: Zero Improvement,occupied_structure_missing_improvement_data
04902810190000,049-0281-019-0002,7456 FRANKLIN BLVD APT 2,SACRAMENTO,CA,95823.0,38.487947,-121.455546,CITY OF SACRAMENTO HOUSING AUTHORITY,,SACRAMENTO,CA,95814.0,,,,2024.0,20110308.0,0.0,RES/SINGLE FAMILY/CONDOMINIUM,A1F00A,1004.0,CONDOMINIUM UNIT (RESIDENTIAL),R-3,0.0,,840.0,1970.0,840.0,2,,2.0,,,,,20110308.0,10500.0,CITY OF SACRAMENTO,617700320495796223,Tier 2: Zero Improvement,occupied_structure_missing_improvement_data
04902830020000,049-0283-002-0004,4383 SHINING STAR DR APT 4,SACRAMENTO,CA,95823.0,38.487459,-121.456406,HOUSING AUTHORITY OF THE CITY OF SACRAMENTO,,SACRAMENTO,CA,95814.0,,,,2024.0,20100126.0,0.0,RES/SINGLE FAMILY/CONDOMINIUM,A1F00A,1004.0,CONDOMINIUM UNIT (RESIDENTIAL),R-3,0.0,,924.0,1970.0,924.0,1,,2.0,,,,,20100126.0,78500.0,CITY OF SACRAMENTO,617700320495796223,Tier 2: Zero Improvement,occupied_structure_missing_improvement_data
04902830120000,049-0283-012-0004,10 LA PERA CT APT 4,SACRAMENTO,CA,95823.0,38.487787,-121.456804,HOUSING AUTHORITY OF THE CITY OF SACRAMENTO,,SACRAMENTO,CA,95814.0,,,,2024.0,20030203.0,0.0,RES/SINGLE FAMILY/CONDOMINIUM,A1F00A,1004.0,CONDOMINIUM UNIT (RESIDENTIAL),R-3,0.0,,924.0,1970.0,924.0,1,,2.0,,,,,20030203.0,1000.0,CITY OF SACRAMENTO,617700320495796223,Tier 2: Zero Improvement,occupied_structure_missing_improvement_data
04903100450000,049-0310-045-0000,4050 WEYMOUTH LN,SACRAMENTO,CA,95823.0,38.483874,-121.45807,HOUSING AUTHORITY OF THE CITY OF SACRAMENTO,,SACRAMENTO,CA,95814.0,,,,2024.0,19990629.0,0.0,RES/SINGLE FAMILY/PUD,A1G00A,1009.0,PLANNED UNIT DEVELOPMENT (PUD) (RESIDENTIAL),R-3,436.0,SF,558.0,1979.0,558.0,1,,2.0,,,,,20080226.0,,CITY OF SACRAMENTO,617700320496844799,Tier 2: Zero Improvement,occupied_structure_missing_improvement_data
04903500010000,049-0350-001-0000,7551 BURGOYNE LN,SACRAMENTO,CA,95823.0,38.483707,-121.456695,HOUSING AUTHORITY OF THE CITY OF SACRAMENTO,,SACRAMENTO,CA,95814.0,,,,2024.0,19990629.0,0.0,RES/SINGLE FAMILY/PUD,A1G00A,1009.0,PLANNED UNIT DEVELOPMENT (PUD) (RESIDENTIAL),R-3,436.0,SF,1116.0,1971.0,1116.0,2,,2.0,,,,,19990305.0,,CITY OF SACRAMENTO,617700320496844799,Tier 2: Zero Improvement,occupied_structure_missing_improvement_data
04903400380000,049-0340-038-0000,12 CREEKS EDGE WAY,SACRAMENTO,CA,95823.0,38.483785,-121.455411,HOUSING AUTHORITY OF THE CITY OF SACRAMENTO,,SACRAMENTO,CA,95814.0,,,,2024.0,19990629.0,0.0,RES/SINGLE FAMILY/PUD,A1G00A,1009.0,PLANNED UNIT DEVELOPMENT (PUD) (RESIDENTIAL),R-3,1307.0,SF,1344.0,1971.0,1344.0,2,,4.0,,,,,19980629.0,,CITY OF SACRAMENTO,617700320496844799,Tier 2: Zero Improvement,occupied_structure_missing_improvement_data
04903400330000,049-0340-033-0000,7556 PHOENIX PARK DR,SACRAMENTO,CA,95823.0,38.483709,-121.455088,HOUSING AUTHORITY OF THE CITY OF SACRAMENTO,,SACRAMENTO,CA,95814.0,,,,2024.0,20001127.0,0.0,RES/SINGLE FAMILY/PUD,A1G00A,1009.0,PLANNED UNIT DEVELOPMENT (PUD) (RESIDENTIAL),R-3,1307.0,SF,1344.0,1971.0,1344.0,2,,4.0,,,,,20000525.0,,CITY OF SACRAMENTO,617700308498251775,Tier 2: Zero Improvement,occupied_structure_missing_improvement_data
04903100140000,049-0310-014-0000,4076 WEYMOUTH LN,SACRAMENTO,CA,95823.0,38.483258,-121.45842,HOUSING AUTHORITY OF THE CITY OF SACRAMENTO,,SACRAMENTO,CA,95814.0,,,,2024.0,19990629.0,0.0,RES/SINGLE FAMILY/PUD,A1G00A,1009.0,PLANNED UNIT DEVELOPMENT (PUD) (RESIDENTIAL),R-3,1307.0,SF,1344.0,1979.0,1344.0,2,,3.0,,,,,19981201.0,,CITY OF SACRAMENTO,617700320496844799,Tier 2: Zero Improvement,occupied_structure_missing_improvement_data
04903500140000,049-0350-014-0000,72 CREEKS EDGE WAY,SACRAMENTO,CA,95823.0,38.483669,-121.457486,HOUSING AUTHORITY OF THE CITY OF SACRAMENTO,,SACRAMENTO,CA,95814.0,,,,2024.0,19990629.0,0.0,RES/SINGLE FAMILY/PUD,A1G00A,1009.0,PLANNED UNIT DEVELOPMENT (PUD) (RESIDENTIAL),R-3,1307.0,SF,1344.0,1979.0,1344.0,2,,3.0,,,,,19990225.0,,CITY OF SACRAMENTO,617700320496844799,Tier 2: Zero Improvement,occupied_structure_missing_improvement_data
04903500160000,049-0350-016-0000,76 CREEKS EDGE WAY,SACRAMENTO,CA,95823.0,38.483683,-121.457632,HOUSING AUTHORITY OF THE CITY OF SACRAMENTO,,SACRAMENTO,CA,95814.0,,,,2024.0,20000128.0,0.0,RES/SINGLE FAMILY/PUD,A1G00A,1009.0,PLANNED UNIT DEVELOPMENT (PUD) (RESIDENTIAL),R-3,1307.0,SF,1344.0,1979.0,1344.0,2,,3.0,,,,,20000128.0,,CITY OF SACRAMENTO,617700320496844799,Tier 2: Zero Improvement,occupied_structure_missing_improvement_data
04903500130000,049-0350-013-0000,70 CREEKS EDGE WAY,SACRAMENTO,CA,95823.0,38.483662,-121.457412,HOUSING AUTHORITY OF THE CITY OF SACRAMENTO,,SACRAMENTO,CA,95814.0,,,,2024.0,19990629.0,0.0,RES/SINGLE FAMILY/PUD,A1G00A,1009.0,PLANNED UNIT DEVELOPMENT (PUD) (RESIDENTIAL),R-3,1307.0,SF,1302.0,1979.0,1302.0,2,,3.0,,,,,19990611.0,34499.0,CITY OF SACRAMENTO,617700320496844799,Tier 2: Zero Improvement,occupied_structure_missing_improvement_data
04903500180000,049-0350-018-0000,4071 SAVANNAH LN,SACRAMENTO,CA,95823.0,38.48343,-121.45757,HOUSING AUTHORITY OF THE CITY OF SACRAMENTO,,SACRAMENTO,CA,95814.0,,,,2024.0,20001127.0,0.0,RES/SINGLE FAMILY/PUD,A1G00A,1009.0,PLANNED UNIT DEVELOPMENT (PUD) (RESIDENTIAL),R-3,436.0,SF,1116.0,1979.0,1116.0,2,,2.0,,,,,20001127.0,,CITY OF SACRAMENTO,617700320496844799,Tier 2: Zero Improvement,occupied_structure_missing_improvement_data
04903100230000,049-0310-023-0000,4074 SAVANNAH LN,SACRAMENTO,CA,95823.0,38.483232,-121.45774,HOUSING AUTHORITY OF THE CITY OF SACRAMENTO,,SACRAMENTO,CA,95814.0,,,,2024.0,19990629.0,0.0,RES/SINGLE FAMILY/PUD,A1G00A,1009.0,PLANNED UNIT DEVELOPMENT (PUD) (RESIDENTIAL),R-3,436.0,SF,1116.0,1979.0,1116.0,2,,2.0,,,,,19980827.0,,CITY OF SACRAMENTO,617700320496844799,Tier 2: Zero Improvement,occupied_structure_missing_improvement_data
04903500200000,049-0350-020-0000,4075 SAVANNAH LN,SACRAMENTO,CA,95823.0,38.483413,-121.457425,HOUSING AUTHORITY OF THE CITY OF SACRAMENTO,,SACRAMENTO,CA,95814.0,,,,2024.0,19990629.0,0.0,RES/SINGLE FAMILY/PUD,A1G00A,1009.0,PLANNED UNIT DEVELOPMENT (PUD) (RESIDENTIAL),R-3,1307.0,SF,1323.0,1979.0,1323.0,2,,3.0,,,,,19980115.0,,CITY OF SACRAMENTO,617700320496844799,Tier 2: Zero Improvement,occupied_structure_missing_improvement_data
04903500090000,049-0350-009-0000,62 CREEKS EDGE WAY,SACRAMENTO,CA,95823.0,38.483649,-121.457074,HOUSING AUTHORITY OF THE CITY OF SACRAMENTO,,SACRAMENTO,CA,95814.0,,,,2024.0,19990629.0,0.0,RES/SINGLE FAMILY/PUD,A1G00A,1009.0,PLANNED UNIT DEVELOPMENT (PUD) (RESIDENTIAL),R-3,1307.0,SF,1323.0,1979.0,1323.0,2,,3.0,,,,,19970721.0,,CITY OF SACRAMENTO,617700320496844799,Tier 2: Zero Improvement,occupied_structure_missing_improvement_data
04903500030000,049-0350-003-0000,7555 BURGOYNE LN,SACRAMENTO,CA,95823.0,38.483593,-121.456701,HOUSING AUTHORITY OF THE CITY OF SACRAMENTO,,SACRAMENTO,CA,95814.0,,,,2024.0,19990629.0,0.0,RES/SINGLE FAMILY/PUD,A1G00A,1009.0,PLANNED UNIT DEVELOPMENT (PUD) (RESIDENTIAL),R-3,1307.0,SF,1344.0,1971.0,1344.0,2,,4.0,,,,,19960502.0,,CITY OF SACRAMENTO,617700320496844799,Tier 2: Zero Improvement,occupied_structure_missing_improvement_data
04903500220000,049-0350-022-0000,4079 SAVANNAH LN,SACRAMENTO,CA,95823.0,38.483401,-121.457236,HOUSING AUTHORITY OF THE CITY OF SACRAMENTO,,SACRAMENTO,CA,95814.0,,,,2024.0,20000128.0,0.0,RES/SINGLE FAMILY/PUD,A1G00A,1009.0,PLANNED UNIT DEVELOPMENT (PUD) (RESIDENTIAL),R-3,1307.0,SF,1323.0,1979.0,1323.0,2,,3.0,,,,,19991027.0,,CITY OF SACRAMENTO,617700320496844799,Tier 2: Zero Improvement,occupied_structure_missing_improvement_data
04903500230000,049-0350-023-0000,4081 SAVANNAH LN,SACRAMENTO,CA,95823.0,38.483398,-121.457163,HOUSING AUTHORITY OF THE CITY OF SACRAMENTO,,SACRAMENTO,CA,95814.0,,,,2024.0,19990629.0,0.0,RES/SINGLE FAMILY/PUD,A1G00A,1009.0,PLANNED UNIT DEVELOPMENT (PUD) (RESIDENTIAL),R-3,1307.0,SF,1344.0,1979.0,1344.0,2,,3.0,,,,,19980408.0,,CITY OF SACRAMENTO,617700320496844799,Tier 2: Zero Improvement,occupied_structure_missing_improvement_data
04903500240000,049-0350-024-0000,4083 SAVANNAH LN,SACRAMENTO,CA,95823.0,38.483395,-121.457089,HOUSING AUTHORITY OF THE CITY OF SACRAMENTO,,SACRAMENTO,CA,95814.0,,,,2024.0,19990629.0,0.0,RES/SINGLE FAMILY/PUD,A1G00A,1009.0,PLANNED UNIT DEVELOPMENT (PUD) (RESIDENTIAL),R-3,1307.0,SF,1323.0,1979.0,1323.0,2,,3.0,,,,,19970312.0,,CITY OF SACRAMENTO,617700320496844799,Tier 2: Zero Improvement,occupied_structure_missing_improvement_data
04903500250000,049-0350-025-0000,4085 SAVANNAH LN,SACRAMENTO,CA,95823.0,38.483396,-121.457018,HOUSING AUTHORITY OF THE CITY OF SACRAMENTO,,SACRAMENTO,CA,95814.0,,,,2024.0,19990629.0,0.0,RES/SINGLE FAMILY/PUD,A1G00A,1009.0,PLANNED UNIT DEVELOPMENT (PUD) (RESIDENTIAL),R-3,436.0,SF,1116.0,1979.0,1116.0,2,,2.0,,,,,19970807.0,,CITY OF SACRAMENTO,617700320496844799,Tier 2: Zero Improvement,occupied_structure_missing_improvement_data
04903100260000,049-0310-026-0000,4080 SAVANNAH LN,SACRAMENTO,CA,95823.0,38.483062,-121.45777,HOUSING AUTHORITY OF THE CITY OF SACRAMENTO,,SACRAMENTO,CA,95814.0,,,,2024.0,19990629.0,0.0,RES/SINGLE FAMILY/PUD,A1G00A,1009.0,PLANNED UNIT DEVELOPMENT (PUD) (RESIDENTIAL),R-3,1307.0,SF,1344.0,1979.0,1344.0,2,,3.0,,,,,19980402.0,,CITY OF SACRAMENTO,617700320496844799,Tier 2: Zero Improvement,occupied_structure_missing_improvement_data
04903500390000,049-0350-039-0000,4090 SAVANNAH LN,SACRAMENTO,CA,95823.0,38.483031,-121.45744,HOUSING AUTHORITY OF THE CITY OF SACRAMENTO,,SACRAMENTO,CA,95814.0,,,,2024.0,19990629.0,0.0,RES/SINGLE FAMILY/PUD,A1G00A,1009.0,PLANNED UNIT DEVELOPMENT (PUD) (RESIDENTIAL),R-3,1307.0,SF,1323.0,1979.0,1323.0,2,,3.0,,,,,19971119.0,,CITY OF SACRAMENTO,617700320496844799,Tier 2: Zero Improvement,occupied_structure_missing_improvement_data
04903500370000,049-0350-037-0000,4086 SAVANNAH LN,SACRAMENTO,CA,95823.0,38.482919,-121.457457,HOUSING AUTHORITY OF THE CITY OF SACRAMENTO,,SACRAMENTO,CA,95814.0,,,,2024.0,19990629.0,0.0,RES/SINGLE FAMILY/PUD,A1G00A,1009.0,PLANNED UNIT DEVELOPMENT (PUD) (RESIDENTIAL),R-3,436.0,SF,1116.0,1979.0,1116.0,2,,2.0,,,,,19960628.0,,CITY OF SACRAMENTO,617700320496844799,Tier 2: Zero Improvement,occupied_structure_missing_improvement_data
04903100290000,049-0310-029-0000,4111 WEYMOUTH LN,SACRAMENTO,CA,95823.0,38.482864,-121.457818,HOUSING AUTHORITY OF THE CITY OF SACRAMENTO,,SACRAMENTO,CA,95814.0,,,,2024.0,20020315.0,0.0,RES/SINGLE FAMILY/PUD,A1G00A,1009.0,PLANNED UNIT DEVELOPMENT (PUD) (RESIDENTIAL),R-3,436.0,SF,1116.0,1979.0,1116.0,2,,2.0,,,,,20020315.0,,CITY OF SACRAMENTO,617700320496844799,Tier 2: Zero Improvement,occupied_structure_missing_improvement_data
04903100300000,049-0310-030-0000,4109 WEYMOUTH LN,SACRAMENTO,CA,95823.0,38.482809,-121.457823,HOUSING AUTHORITY OF THE CITY OF SACRAMENTO,,SACRAMENTO,CA,95814.0,,,,2024.0,20000505.0,0.0,RES/SINGLE FAMILY/PUD,A1G00A,1009.0,PLANNED UNIT DEVELOPMENT (PUD) (RESIDENTIAL),R-3,1307.0,SF,1344.0,1979.0,1344.0,2,,3.0,,,,,20000107.0,,CITY OF SACRAMENTO,617700320496844799,Tier 2: Zero Improvement,occupied_structure_missing_improvement_data
04903200490000,049-0320-049-0000,4097 WEYMOUTH LN,SACRAMENTO,CA,95823.0,38.482562,-121.458193,HOUSING AUTHORITY OF THE CITY OF SACRAMENTO,,SACRAMENTO,CA,95814.0,,,,2024.0,19990629.0,0.0,RES/SINGLE FAMILY/PUD,A1G00A,1009.0,PLANNED UNIT DEVELOPMENT (PUD) (RESIDENTIAL),R-3,871.0,SF,1116.0,1982.0,1116.0,2,,2.0,,,,,19980507.0,,CITY OF SACRAMENTO,617700308497727487,Tier 2: Zero Improvement,occupied_structure_missing_improvement_data
04903200250000,049-0320-025-0000,4125 BROOKFIELD DR,SACRAMENTO,CA,95823.0,38.482138,-121.457902,HOUSING AUTHORITY OF THE CITY OF SACRAMENTO,,SACRAMENTO,CA,95814.0,,,,2024.0,19990629.0,0.0,RES/SINGLE FAMILY/PUD,A1G00A,1009.0,PLANNED UNIT DEVELOPMENT (PUD) (RESIDENTIAL),R-3,1307.0,SF,1323.0,1984.0,1323.0,2,,2.0,,,,,19980422.0,,CITY OF SACRAMENTO,617700308497727487,Tier 2: Zero Improvement,occupied_structure_missing_improvement_data
04903300140000,049-0330-014-0000,4195 BROOKFIELD DR,SACRAMENTO,CA,95823.0,38.482478,-121.456615,HOUSING AUTHORITY OF THE CITY OF SACRAMENTO,,SACRAMENTO,CA,95814.0,,,,2024.0,20000417.0,0.0,RES/SINGLE FAMILY/PUD,A1G00A,1009.0,PLANNED UNIT DEVELOPMENT (PUD) (RESIDENTIAL),R-3,1307.0,SF,1323.0,1984.0,1323.0,2,,2.0,,,,,19961125.0,12500.0,CITY OF SACRAMENTO,617700308497727487,Tier 2: Zero Improvement,occupied_structure_missing_improvement_data
04903300030000,049-0330-003-0000,4173 BROOKFIELD DR,SACRAMENTO,CA,95823.0,38.482331,-121.456916,HOUSING AUTHORITY OF THE CITY OF SACRAMENTO,,SACRAMENTO,CA,95814.0,,,,2024.0,19990629.0,0.0,RES/SINGLE FAMILY/PUD,A1G00A,1009.0,PLANNED UNIT DEVELOPMENT (PUD) (RESIDENTIAL),R-3,1307.0,SF,1323.0,1984.0,1323.0,2,,2.0,,,,,19981209.0,,CITY OF SACRAMENTO,617700308497727487,Tier 2: Zero Improvement,occupied_structure_missing_improvement_data
04903400530000,049-0340-053-0000,42 CREEKS EDGE WAY,SACRAMENTO,CA,95823.0,38.48343,-121.4564,HOUSING AUTHORITY OF THE CITY OF SACRAMENTO,,SACRAMENTO,CA,95814.0,,,,2024.0,19990629.0,0.0,RES/SINGLE FAMILY/PUD,A1G00A,1009.0,PLANNED UNIT DEVELOPMENT (PUD) (RESIDENTIAL),R-3,1307.0,SF,1323.0,1971.0,1323.0,2,,3.0,,,,,19970325.0,,CITY OF SACRAMENTO,617700320496844799,Tier 2: Zero Improvement,occupied_structure_missing_improvement_data
04903400540000,049-0340-054-0000,44 CREEKS EDGE WAY,SACRAMENTO,CA,95823.0,38.483488,-121.456402,HOUSING AUTHORITY OF THE CITY OF SACRAMENTO,,SACRAMENTO,CA,95814.0,,,,2024.0,19990629.0,0.0,RES/SINGLE FAMILY/PUD,A1G00A,1009.0,PLANNED UNIT DEVELOPMENT (PUD) (RESIDENTIAL),R-3,1307.0,SF,1344.0,1971.0,1344.0,2,,3.0,,,,,19970430.0,,CITY OF SACRAMENTO,617700320496844799,Tier 2: Zero Improvement,occupied_structure_missing_improvement_data
04903400550000,049-0340-055-0000,46 CREEKS EDGE WAY,SACRAMENTO,CA,95823.0,38.483545,-121.456404,HOUSING AUTHORITY OF THE CITY OF SACRAMENTO,,SACRAMENTO,CA,95814.0,,,,2024.0,19990629.0,0.0,RES/SINGLE FAMILY/PUD,A1G00A,1009.0,PLANNED UNIT DEVELOPMENT (PUD) (RESIDENTIAL),R-3,1307.0,SF,1323.0,1971.0,1323.0,2,,3.0,,,,,20080506.0,,CITY OF SACRAMENTO,617700320496844799,Tier 2: Zero Improvement,occupied_structure_missing_improvement_data
04903400490000,049-0340-049-0000,34 CREEKS EDGE WAY,SACRAMENTO,CA,95823.0,38.483595,-121.456037,HOUSING AUTHORITY OF THE CITY OF SACRAMENTO,,SACRAMENTO,CA,95814.0,,,,2024.0,19990629.0,0.0,RES/SINGLE FAMILY/PUD,A1G00A,1009.0,PLANNED UNIT DEVELOPMENT (PUD) (RESIDENTIAL),R-3,1307.0,SF,1323.0,1971.0,1323.0,2,,3.0,,,,,19960703.0,,CITY OF SACRAMENTO,617700320496844799,Tier 2: Zero Improvement,occupied_structure_missing_improvement_data
04903400510000,049-0340-051-0000,38 CREEKS EDGE WAY,SACRAMENTO,CA,95823.0,38.483317,-121.456399,HOUSING AUTHORITY OF THE CITY OF SACRAMENTO,,SACRAMENTO,CA,95814.0,,,,2024.0,19990629.0,0.0,RES/SINGLE FAMILY/PUD,A1G00A,1009.0,PLANNED UNIT DEVELOPMENT (PUD) (RESIDENTIAL),R-3,436.0,SF,1116.0,1971.0,1116.0,2,,2.0,,,,,19970529.0,,CITY OF SACRAMENTO,617700320496844799,Tier 2: Zero Improvement,occupied_structure_missing_improvement_data
04903400420000,049-0340-042-0000,20 CREEKS EDGE WAY,SACRAMENTO,CA,95823.0,38.483614,-121.45572,HOUSING AUTHORITY OF THE CITY OF SACRAMENTO,,SACRAMENTO,CA,95814.0,,,,2024.0,20020524.0,0.0,RES/SINGLE FAMILY/PUD,A1G00A,1009.0,PLANNED UNIT DEVELOPMENT (PUD) (RESIDENTIAL),R-3,1307.0,SF,1323.0,1971.0,1323.0,2,,3.0,,,,,20020524.0,,CITY OF SACRAMENTO,617700320496844799,Tier 2: Zero Improvement,occupied_structure_missing_improvement_data
04903400430000,049-0340-043-0000,22 CREEKS EDGE WAY,SACRAMENTO,CA,95823.0,38.483671,-121.455726,HOUSING AUTHORITY OF THE CITY OF SACRAMENTO,,SACRAMENTO,CA,95814.0,,,,2024.0,20000505.0,0.0,RES/SINGLE FAMILY/PUD,A1G00A,1009.0,PLANNED UNIT DEVELOPMENT (PUD) (RESIDENTIAL),R-3,1307.0,SF,1344.0,1971.0,1344.0,2,,4.0,,,,,20000306.0,,CITY OF SACRAMENTO,617700320496844799,Tier 2: Zero Improvement,occupied_structure_missing_improvement_data
04903400610000,049-0340-061-0000,18 CREEKS EDGE WAY,SACRAMENTO,CA,95823.0,38.483557,-121.455728,HOUSING AUTHORITY OF THE CITY OF SACRAMENTO,,SACRAMENTO,CA,95814.0,,,,2024.0,19990629.0,0.0,RES/SINGLE FAMILY/PUD,A1G00A,1009.0,PLANNED UNIT DEVELOPMENT (PUD) (RESIDENTIAL),R-3,436.0,SF,1116.0,1971.0,1116.0,2,,2.0,,,,,19970108.0,,CITY OF SACRAMENTO,617700320496844799,Tier 2: Zero Improvement,occupied_structure_missing_improvement_data
04903400250000,049-0340-025-0000,4225 SAVANNAH LN,SACRAMENTO,CA,95823.0,38.483487,-121.455403,HOUSING AUTHORITY OF THE CITY OF SACRAMENTO,,SACRAMENTO,CA,95814.0,,,,2024.0,19990629.0,0.0,RES/SINGLE FAMILY/PUD,A1G00A,1009.0,PLANNED UNIT DEVELOPMENT (PUD) (RESIDENTIAL),R-3,1307.0,SF,1323.0,1971.0,1323.0,2,,3.0,,,,,19981202.0,,CITY OF SACRAMENTO,617700308498251775,Tier 2: Zero Improvement,occupied_structure_missing_improvement_data
04903400120000,049-0340-012-0000,4208 SAVANNAH LN,SACRAMENTO,CA,95823.0,38.483051,-121.456095,HOUSING AUTHORITY OF THE CITY OF SACRAMENTO,,SACRAMENTO,CA,95814.0,,,,2024.0,19990629.0,0.0,RES/SINGLE FAMILY/PUD,A1G00A,1009.0,PLANNED UNIT DEVELOPMENT (PUD) (RESIDENTIAL),R-3,1307.0,SF,1323.0,1971.0,1323.0,2,,3.0,,,,,19960510.0,,CITY OF SACRAMENTO,617700320496844799,Tier 2: Zero Improvement,occupied_structure_missing_improvement_data
04903300530000,049-0330-053-0000,4202 SAVANNAH LN,SACRAMENTO,CA,95823.0,38.482771,-121.456394,HOUSING AUTHORITY OF THE CITY OF SACRAMENTO,,SACRAMENTO,CA,95814.0,,,,2024.0,19990629.0,0.0,RES/SINGLE FAMILY/PUD,A1G00A,1009.0,PLANNED UNIT DEVELOPMENT (PUD) (RESIDENTIAL),R-3,1307.0,SF,1323.0,1971.0,1323.0,2,,3.0,,,,,19970128.0,,CITY OF SACRAMENTO,617700308497727487,Tier 2: Zero Improvement,occupied_structure_missing_improvement_data
04903300430000,049-0330-043-0000,4215 WEYMOUTH LN,SACRAMENTO,CA,95823.0,38.482808,-121.45599,HOUSING AUTHORITY OF THE CITY OF SACRAMENTO,,SACRAMENTO,CA,95814.0,,,,2024.0,19990629.0,0.0,RES/SINGLE FAMILY/PUD,A1G00A,1009.0,PLANNED UNIT DEVELOPMENT (PUD) (RESIDENTIAL),R-3,1307.0,SF,1323.0,1971.0,1323.0,2,,3.0,,,,,19970519.0,,CITY OF SACRAMENTO,617700308497727487,Tier 2: Zero Improvement,occupied_structure_missing_improvement_data
04903400090000,049-0340-009-0000,4214 SAVANNAH LN,SACRAMENTO,CA,95823.0,38.483062,-121.455866,HOUSING AUTHORITY OF THE CITY OF SACRAMENTO,,SACRAMENTO,CA,95814.0,,,,2024.0,19990629.0,0.0,RES/SINGLE FAMILY/PUD,A1G00A,1009.0,PLANNED UNIT DEVELOPMENT (PUD) (RESIDENTIAL),R-3,436.0,SF,1116.0,1971.0,1116.0,2,,2.0,,,,,19971113.0,,CITY OF SACRAMENTO,617700320496844799,Tier 2: Zero Improvement,occupied_structure_missing_improvement_data
04903400400000,049-0340-040-0000,16 CREEKS EDGE WAY,SACRAMENTO,CA,95823.0,38.483675,-121.45539,HOUSING AUTHORITY OF THE CITY OF SACRAMENTO,,SACRAMENTO,CA,95814.0,,,,2024.0,19990629.0,0.0,RES/SINGLE FAMILY/PUD,A1G00A,1009.0,PLANNED UNIT DEVELOPMENT (PUD) (RESIDENTIAL),R-3,436.0,SF,896.0,1971.0,896.0,2,,2.0,,,,,19960430.0,,CITY OF SACRAMENTO,617700320496844799,Tier 2: Zero Improvement,occupied_structure_missing_improvement_data
04903400030000,049-0340-003-0000,4226 SAVANNAH LN,SACRAMENTO,CA,95823.0,38.4831,-121.455361,HOUSING AUTHORITY OF THE CITY OF SACRAMENTO,,SACRAMENTO,CA,95814.0,,,,2024.0,19990629.0,0.0,RES/SINGLE FAMILY/PUD,A1G00A,1009.0,PLANNED UNIT DEVELOPMENT (PUD) (RESIDENTIAL),R-3,1307.0,SF,1323.0,1971.0,1323.0,2,,3.0,,,,,19981007.0,,CITY OF SACRAMENTO,617700308498251775,Tier 2: Zero Improvement,occupied_structure_missing_improvement_data
04903400110000,049-0340-011-0000,4210 SAVANNAH LN,SACRAMENTO,CA,95823.0,38.483056,-121.456018,HOUSING AUTHORITY OF THE CITY OF SACRAMENTO,,SACRAMENTO,CA,95814.0,,,,2024.0,19990629.0,0.0,RES/SINGLE FAMILY/PUD,A1G00A,1009.0,PLANNED UNIT DEVELOPMENT (PUD) (RESIDENTIAL),R-3,1307.0,SF,1344.0,1971.0,1344.0,2,,4.0,,,,,19970527.0,,CITY OF SACRAMENTO,617700320496844799,Tier 2: Zero Improvement,occupied_structure_missing_improvement_data
04903400010000,049-0340-001-0000,4230 SAVANNAH LN,SACRAMENTO,CA,95823.0,38.483105,-121.45521,HOUSING AUTHORITY OF THE CITY OF SACRAMENTO,,SACRAMENTO,CA,95814.0,,,,2024.0,20000505.0,0.0,RES/SINGLE FAMILY/PUD,A1G00A,1009.0,PLANNED UNIT DEVELOPMENT (PUD) (RESIDENTIAL),R-3,436.0,SF,1116.0,1971.0,1116.0,2,,2.0,,,,,20000309.0,,CITY OF SACRAMENTO,617700308498251775,Tier 2: Zero Improvement,occupied_structure_missing_improvement_data
04903300100000,049-0330-010-0000,4187 BROOKFIELD DR,SACRAMENTO,CA,95823.0,38.482239,-121.456585,HOUSING AUTHORITY OF THE CITY OF SACRAMENTO,,SACRAMENTO,CA,95814.0,,,,2024.0,20000417.0,0.0,RES/SINGLE FAMILY/PUD,A1G00A,1009.0,PLANNED UNIT DEVELOPMENT (PUD) (RESIDENTIAL),R-3,1307.0,SF,1323.0,1984.0,1323.0,2,,2.0,,,,,20000417.0,12500.0,CITY OF SACRAMENTO,617700308497727487,Tier 2: Zero Improvement,occupied_structure_missing_improvement_data
05003010060000,050-0301-006-0000,66TH AVE,SACRAMENTO,CA,95823.0,38.48993,-121.43528,SOUTHGATE RECREATION & PARK DISTRICT,,SACRAMENTO,CA,95823.0,,,,2024.0,19810701.0,0.0,VACANT RESIDENTIAL UNDER 2 AC,IAEAAA,8001.0,RESIDENTIAL-VACANT LAND,RD-5 (NPA),2.5,AC,,,,,,,,,,,,,UNINCORPORATED COUNTY,617700308494843903,Tier 1: Coded Vacant,public_park_or_recreation_agency
04302100230000,043-0210-023-0000,7124 CHANDLER DR,SACRAMENTO,CA,95828.0,38.496387,-121.42446,MURRAY SONYA DENISE,,SACRAMENTO,CA,95828.0,510.0,,510.0,2024.0,,0.0,RES/SINGLE FAMILY/PUD,A1G00A,1009.0,PLANNED UNIT DEVELOPMENT (PUD) (RESIDENTIAL),RD-20,30.0,SF,,1971.0,,,,,,,,,20221019.0,248000.0,UNINCORPORATED COUNTY,617700308523679743,Tier 2: Zero Improvement,occupied_structure_missing_improvement_data
04302100220000,043-0210-022-0000,CHANDLER DR,SACRAMENTO,CA,95828.0,38.496463,-121.424461,ROBERT J ROUSSET REVOCABLE TRUST,,ELK GROVE,CA,95758.0,142.0,,142.0,2024.0,19980629.0,0.0,RES/SINGLE FAMILY,A10002,1001.0,SINGLE FAMILY RESIDENTIAL,RD-20,30.0,SF,,1971.0,,,,,,,,,,,UNINCORPORATED COUNTY,617700308523679743,Tier 2: Zero Improvement,occupied_structure_missing_improvement_data
05003110250000,814-0005-065-0000,6435 ORANGE AVE SPC 13C,SACRAMENTO,CA,95823.0,38.489761,-121.428386,DAMIAN GARCIA ALEJANDRA GARCIA,,SACRAMENTO,CA,95823.0,,,,2024.0,,0.0,MOBILE HOME/ON LEASED LAND/MH PARK,ATA00A,1006.0,MOBILE/MANUFACTURED HOME (REGARDLESS OF LAND OWNERSHIP),RM-1,0.0,,720.0,1968.0,720.0,1.0,,3.0,,,,,,,UNINCORPORATED COUNTY,617700308532068351,Tier 2: Zero Improvement,occupied_structure_missing_improvement_data
05003110250000,814-0005-066-0000,6435 ORANGE AVE,SACRAMENTO,CA,95823.0,38.489761,-121.428386,LINDAMOOD PATRICIA ANN & STANLEY GOODNIGHT,,SACRAMENTO,CA,95823.0,,,,2024.0,,0.0,MOBILE HOME/ON LEASED LAND/MH PARK,ATA00A,1006.0,MOBILE/MANUFACTURED HOME (REGARDLESS OF LAND OWNERSHIP),RM-1,0.0,,672.0,1970.0,672.0,1.0,,2.0,,,,,,,UNINCORPORATED COUNTY,617700308532068351,Tier 2: Zero Improvement,occupied_structure_missing_improvement_data
05003110250000,814-0005-094-0000,6435 ORANGE AVE,SACRAMENTO,CA,95823.0,38.489761,-121.428386,LUGO GUTIERREZ VICTOR DANIEL,,SACRAMENTO,CA,95823.0,,,,2024.0,,0.0,MOBILE HOME/ON LEASED LAND/MH PARK,ATA00A,1006.0,MOBILE/MANUFACTURED HOME (REGARDLESS OF LAND OWNERSHIP),RM-1,0.0,,666.0,1966.0,666.0,1.0,,2.0,,,,,,,UNINCORPORATED COUNTY,617700308532068351,Tier 2: Zero Improvement,occupied_structure_missing_improvement_data
05003110250000,814-0005-124-0000,6435 ORANGE AVE,SACRAMENTO,CA,95823.0,38.489761,-121.428386,MANZO FRANCISCO S CECILIA AVALOS ANA A,,SACRAMENTO,CA,95823.0,,,,2024.0,,0.0,MOBILE HOME/ON LEASED LAND/MH PARK,ATA00A,1006.0,MOBILE/MANUFACTURED HOME (REGARDLESS OF LAND OWNERSHIP),RM-1,0.0,,550.0,1961.0,550.0,1.0,,2.0,,,,,,,UNINCORPORATED COUNTY,617700308532068351,Tier 2: Zero Improvement,occupied_structure_missing_improvement_data
05003310030000,050-0331-003-0000,6130 ORANGE AVE,SACRAMENTO,CA,95823.0,38.487849,-121.431469,SOUTHGATE RECREATION & PARK DISTRICT,,SACRAMENTO,CA,95823.0,,,,2024.0,,0.0,VACANT RES (2-5 AC SITE),IAFBFA,8001.0,RESIDENTIAL-VACANT LAND,RD-5,871.0,SF,,,,,,,,,,,20170123.0,780000.0,UNINCORPORATED COUNTY,617700308491960319,Tier 1: Coded Vacant,public_park_or_recreation_agency
05003510130000,050-0351-013-0000,6601 POMEGRANATE AVE,SACRAMENTO,CA,95823.0,38.485677,-121.425682,THE HOUSING AUTHORITY OF THE COUNTY OF SACRAMENTO,,SACRAMENTO,CA,95814.0,,,,2024.0,19820805.0,0.0,MULTI/LOW RISE APARTMENT/1-3 STY,AE020A,1112.0,APARTMENTS (GENERIC),RD-20,41160.0,SF,16776.0,1983.0,16776.0,2.0,,,,,,,,,UNINCORPORATED COUNTY,617700308530233343,Tier 2: Zero Improvement,occupied_structure_missing_improvement_data
03803420140000,038-0342-014-0000,7201 ELDER CREEK RD,SACRAMENTO,CA,95824.0,38.511086,-121.418528,FLORIN-ELDER CREEK CEMETERY,,ELK GROVE,CA,95759.0,,,,2024.0,,0.0,CEMETERY,DFC00A,9108.0,CEMETERY (EXEMPT),R-1,34010.0,SF,,,,,,,,,,,,,CITY OF SACRAMENTO,617700308026130431,Tier 2: Zero Improvement,inherently_active_use_parking_airport_cemetery
03803420110000,038-0342-011-0000,ELDER CREEK RD,SACRAMENTO,CA,95824.0,38.511104,-121.418186,ELDER CREEK CEMETERY ASSN,,SACRAMENTO,CA,95826.0,,,,2024.0,19700810.0,0.0,CEMETERY,DFC00A,9108.0,CEMETERY (EXEMPT),R-1,26787.0,SF,,,,,,,,,,,,,CITY OF SACRAMENTO,617700308026130431,Tier 2: Zero Improvement,inherently_active_use_parking_airport_cemetery
04302300200000,043-0230-020-0000,MCCURDY LN,SACRAMENTO,CA,95828.0,38.498875,-121.40291,SOUTHGATE RECREATION & PARK DISTRICT,,SACRAMENTO,CA,95823.0,,,,2024.0,,0.0,VAC INDUSTRIAL 10-49 ACRE,IGBAFA,8003.0,INDUSTRIAL-VACANT LAND,SPA,10.33,AC,,,,,,,,,,,20171122.0,,UNINCORPORATED COUNTY,617700308525252607,Tier 1: Coded Vacant,public_park_or_recreation_agency
04302300230000,043-0230-023-0000,FLORIN RD,SACRAMENTO,CA,95828.0,38.49729,-121.400575,SOUTHGATE RECREATION & PARK DISTRICT,,SACRAMENTO,CA,95823.0,,,,2024.0,,0.0,VACANT INDUSTRIAL 2-5 AC,IGFAFA,8003.0,INDUSTRIAL-VACANT LAND,SPA,2.1099999,AC,,,,,,,,,,,20171122.0,,UNINCORPORATED COUNTY,617700308010139647,Tier 1: Coded Vacant,public_park_or_recreation_agency
06401100010000,064-0110-001-0000,6501 FLORIN PERKINS RD,SACRAMENTO,CA,95828.0,38.508411,-121.389869,JORGENSEN KENNETH V & KATHLEEN F,,GOLD RIVER,CA,95670.0,369174.0,,369174.0,2024.0,20021025.0,0.0,LIGHT INDUSTRY-CONSTRUCT,GADC0B,5019.0,CONSTRUCTION/CONTRACTING SERVICES (INDUSTRIAL),M-2S,2.1900001,AC,2685.0,1940.0,2685.0,1,,,0.0,,,,20021025.0,,CITY OF SACRAMENTO,617700308000964607,Tier 2: Zero Improvement,occupied_structure_missing_improvement_data
06401500030000,064-0150-003-0000,8565 MORRISON CREEK DR,SACRAMENTO,CA,95828.0,38.50632,-121.387394,PW FUND B LIMITED PARTNERSHIP,,SACRAMENTO,CA,95814.0,,,,2024.0,,0.0,LIGHT INDUSTRIAL,GAGB0A,5002.0,LIGHT INDUSTRIAL (10% IMPROVED OFFICE SPACE; MACHINE SHOP),M-2S,17860.0,SF,4800.0,2008.0,4800.0,1,,,,,,,20171113.0,1457000.0,CITY OF SACRAMENTO,617700308013809663,Tier 2: Zero Improvement,occupied_structure_missing_improvement_data
06401600230000,064-0160-023-0000,8651 MORRISON CREEK DR,SACRAMENTO,CA,95828.0,38.506825,-121.383491,PW FUND B LP (PG & E),,SACRAMENTO,CA,95814.0,,,,2024.0,,0.0,DISTRIBUTUION & WAREHOUSES,GCKB0A,6002.0,DISTRIBUTION WAREHOUSE (REGIONAL),M-2S,1.79,AC,20000.0,2007.0,20000.0,1,,,,,,,20170928.0,195754.0,CITY OF SACRAMENTO,617700308005683199,Tier 2: Zero Improvement,occupied_structure_missing_improvement_data
06400500200000,064-0050-020-0000,7118 MCCOMBER ST,SACRAMENTO,CA,95828.0,38.497202,-121.396537,SOUTHGATE RECREATION & PARK DISTRICT,,SACRAMENTO,CA,95823.0,,,,2024.0,,0.0,VAC INDUSTRIAL UNDER 2AC,IGEAEA,8003.0,INDUSTRIAL-VACANT LAND,SPA,2981.0,SF,,,,,,,,,,,20170123.0,,UNINCORPORATED COUNTY,617700308009877503,Tier 1: Coded Vacant,public_park_or_recreation_agency
06400500120000,064-0050-012-0000,7118 MCCOMBER ST,SACRAMENTO,CA,95828.0,38.497119,-121.396525,SOUTHGATE RECREATION & PARK DISTRICT,,SACRAMENTO,CA,95823.0,,,,2024.0,,0.0,VAC INDUSTRIAL UNDER 2AC,IGEAEA,8003.0,INDUSTRIAL-VACANT LAND,SPA,14571.0,SF,,,,,,,,,,,20170123.0,,UNINCORPORATED COUNTY,617700308009877503,Tier 1: Coded Vacant,public_park_or_recreation_agency
06400400280000,064-0040-028-0000,FLORIN RD,SACRAMENTO,CA,95828.0,38.497391,-121.394082,SOUTHGATE RECREATION & PARK DISTRICT,,SACRAMENTO,CA,95823.0,,,,2024.0,19810303.0,0.0,VACANT RETAIL 5+ ACRES,IBGAAA,8002.0,COMMERCIAL-VACANT LAND,SPA,6.0799999,AC,,,,,,,,,,,,,UNINCORPORATED COUNTY,617700308010401791,Tier 1: Coded Vacant,public_park_or_recreation_agency
06400400240000,064-0040-024-0000,6932 FLORIN PERKINS RD,SACRAMENTO,CA,95828.0,38.500036,-121.391168,MICHAEL A THOMAS LIVING TRUST ETAL,,ELK GROVE,CA,95624.0,175581.0,114624.0,290205.0,2024.0,20091119.0,0.0,PARKING LOT,BFH00A,2036.0,PARKING LOT,SPA,3.05,AC,5889.0,1955.0,5889.0,,,,,,,,20231220.0,,UNINCORPORATED COUNTY,617700308014333951,Tier 3: Parking/Abandoned,occupied_structure_missing_improvement_data
05105600500000,051-0560-050-0000,GERBER RD,SACRAMENTO,CA,95828.0,38.481803,-121.404183,SOUTHGATE RECREATION & PARK DISTRICT,,SACRAMENTO,CA,95823.0,,,,2024.0,19880608.0,0.0,"MISC, UNUSABLE-SMALL",MSMALA,8009.0,"WASTE LAND, MARSH, SWAMP, SUBMERGED-VACANT LAND",RD-5,1011.0,SF,,,,,,,,,,,,,UNINCORPORATED COUNTY,617700308514242559,Tier 2: Zero Improvement,public_park_or_recreation_agency
06400500090000,064-0050-009-0000,8377 FLORIN RD,SACRAMENTO,CA,95828.0,38.496344,-121.39625,SOUTHGATE RECREATION & PARK DISTRICT,,SACRAMENTO,CA,95823.0,,,,2024.0,20080929.0,0.0,VAC INDUSTRIAL UNDER 2AC,IGEBFA,8003.0,INDUSTRIAL-VACANT LAND,SPA,17190.0,SF,,,,,,,,,,,20080929.0,,UNINCORPORATED COUNTY,617700308009877503,Tier 1: Coded Vacant,public_park_or_recreation_agency
06400500250000,064-0050-025-0000,8383 FLORIN RD,SACRAMENTO,CA,95828.0,38.496398,-121.395507,COUNTY OF SACRAMENTO,,SACRAMENTO,CA,95827.0,,,,2024.0,,0.0,GENERAL OFFICE,CAA00A,3003.0,OFFICE BLDG (GENERAL),SPA,34336.0,SF,4083.0,2013.0,4083.0,1.0,,,,,,,20180709.0,,UNINCORPORATED COUNTY,617700308009877503,Tier 2: Zero Improvement,occupied_structure_missing_improvement_data
06500410750000,065-0041-075-0000,FLETCHER FARM DR,SACRAMENTO,CA,95828.0,38.493822,-121.381951,SOUTHGATE RECREATION & PARK DISTRICT,,SACRAMENTO,CA,95823.0,,,,2024.0,19981019.0,0.0,VACANT RESIDENTIAL UNDER 2 AC,IAEDFA,8001.0,RESIDENTIAL-VACANT LAND,RD-5,28394.0,SF,,,,,,,,,,,,,UNINCORPORATED COUNTY,617700307827687423,Tier 1: Coded Vacant,public_park_or_recreation_agency
06504600200000,065-0460-020-0000,8757 HARBOR HILLS WAY,SACRAMENTO,CA,95828.0,38.493276,-121.378703,DRP CA 7 LLC,,ROSEVILLE,CA,95678.0,121940.0,,121940.0,2024.0,,0.0,RES/SINGLE FAMILY/SUBDIVISION,A1A00A,1001.0,SINGLE FAMILY RESIDENTIAL,RD-5,0.0,,1991.0,,1991.0,1.0,,3.0,,,,,20240814.0,610000.0,UNINCORPORATED COUNTY,617700307827425279,Tier 2: Zero Improvement,occupied_structure_missing_improvement_data
06504600190000,065-0460-019-0000,8761 HARBOR HILLS WAY,SACRAMENTO,CA,95828.0,38.493275,-121.378483,DRP CA 7 LLC,,ROSEVILLE,CA,95678.0,121940.0,,121940.0,2024.0,,0.0,RES/SINGLE FAMILY/SUBDIVISION,A1A00A,1001.0,SINGLE FAMILY RESIDENTIAL,RD-5,0.0,,2704.0,,2704.0,2.0,,4.0,,,,,20240813.0,700500.0,UNINCORPORATED COUNTY,617700307827425279,Tier 2: Zero Improvement,occupied_structure_missing_improvement_data
06504600180000,065-0460-018-0000,8765 HARBOR HILLS WAY,SACRAMENTO,CA,95828.0,38.493276,-121.378294,DRP CA 7 LLC,,ROSEVILLE,CA,95678.0,121940.0,,121940.0,2024.0,,0.0,RES/SINGLE FAMILY/SUBDIVISION,A1A00A,1001.0,SINGLE FAMILY RESIDENTIAL,RD-5,0.0,,2520.0,,2520.0,2.0,,3.0,,,,,20240906.0,615000.0,UNINCORPORATED COUNTY,617700307827425279,Tier 2: Zero Improvement,occupied_structure_missing_improvement_data
06504600160000,065-0460-016-0000,8773 HARBOR HILLS WAY,SACRAMENTO,CA,95828.0,38.493278,-121.377917,DRP CA 7 LLC,,ROSEVILLE,CA,95678.0,121940.0,,121940.0,2024.0,,0.0,RES/SINGLE FAMILY/SUBDIVISION,A1A00A,1001.0,SINGLE FAMILY RESIDENTIAL,RD-5,0.0,,2520.0,,2520.0,2.0,,3.0,,,,,20240813.0,681000.0,UNINCORPORATED COUNTY,617700307827425279,Tier 2: Zero Improvement,occupied_structure_missing_improvement_data
06504600150000,065-0460-015-0000,8777 HARBOR HILLS WAY,SACRAMENTO,CA,95828.0,38.49328,-121.377728,DRP CA 7 LLC,,ROSEVILLE,CA,95678.0,121940.0,,121940.0,2024.0,,0.0,RES/SINGLE FAMILY/SUBDIVISION,A1A00A,1001.0,SINGLE FAMILY RESIDENTIAL,RD-5,0.0,,1991.0,,1991.0,1.0,,3.0,,,,,20240806.0,580000.0,UNINCORPORATED COUNTY,617700307827425279,Tier 2: Zero Improvement,occupied_structure_missing_improvement_data
06504600220000,065-0460-022-0000,8770 HARBOR HILLS WAY,SACRAMENTO,CA,95828.0,38.492847,-121.37806,DRP CA 7 LLC,,ROSEVILLE,CA,95678.0,121940.0,,121940.0,2024.0,,0.0,RES/SINGLE FAMILY/SUBDIVISION,A1A00A,1001.0,SINGLE FAMILY RESIDENTIAL,RD-5,0.0,,2704.0,,2704.0,2.0,,4.0,,,,,20240808.0,665000.0,UNINCORPORATED COUNTY,617700307827425279,Tier 2: Zero Improvement,occupied_structure_missing_improvement_data
06504600210000,065-0460-021-0000,8766 HARBOR HILLS WAY,SACRAMENTO,CA,95828.0,38.492851,-121.378282,DRP CA 7 LLC,,ROSEVILLE,CA,95678.0,121940.0,,121940.0,2024.0,,0.0,RES/SINGLE FAMILY/SUBDIVISION,A1A00A,1001.0,SINGLE FAMILY RESIDENTIAL,RD-5,0.0,,3025.0,,3025.0,2.0,,4.0,,,,,20240807.0,725000.0,UNINCORPORATED COUNTY,617700307827425279,Tier 2: Zero Improvement,occupied_structure_missing_improvement_data
06504600140000,065-0460-014-0000,8781 HARBOR HILLS WAY,SACRAMENTO,CA,95828.0,38.493281,-121.37754,DRP CA 7 LLC,,ROSEVILLE,CA,95678.0,121940.0,,121940.0,2024.0,,0.0,RES/SINGLE FAMILY/SUBDIVISION,A1A00A,1001.0,SINGLE FAMILY RESIDENTIAL,RD-5,0.0,,2704.0,,2704.0,2.0,,4.0,,,,,20240806.0,666000.0,UNINCORPORATED COUNTY,617700307827425279,Tier 2: Zero Improvement,occupied_structure_missing_improvement_data
06504600130000,065-0460-013-0000,8785 HARBOR HILLS WAY,SACRAMENTO,CA,95828.0,38.493282,-121.377351,DRP CA 7 LLC,,ROSEVILLE,CA,95678.0,121940.0,,121940.0,2024.0,,0.0,RES/SINGLE FAMILY/SUBDIVISION,A1A00A,1001.0,SINGLE FAMILY RESIDENTIAL,RD-5,0.0,,1991.0,,1991.0,1.0,,3.0,,,,,20240806.0,550000.0,UNINCORPORATED COUNTY,617700307827425279,Tier 2: Zero Improvement,occupied_structure_missing_improvement_data
06504600120000,065-0460-012-0000,8789 HARBOR HILLS WAY,SACRAMENTO,CA,95828.0,38.493287,-121.377144,DRP CA 7 LLC,,ROSEVILLE,CA,95678.0,121940.0,,121940.0,2024.0,,0.0,RES/SINGLE FAMILY/SUBDIVISION,A1A00A,1001.0,SINGLE FAMILY RESIDENTIAL,RD-5,0.0,,2520.0,,2520.0,2.0,,3.0,,,,,20240806.0,600000.0,UNINCORPORATED COUNTY,617700307827425279,Tier 2: Zero Improvement,occupied_structure_missing_improvement_data
06504600250000,065-0460-025-0000,7295 FAWNBAR WAY,SACRAMENTO,CA,95828.0,38.492923,-121.377602,LENNAR HOMES OF CALIFORNIA LLC,,ROSEVILLE,CA,95678.0,121940.0,,121940.0,2024.0,,0.0,RES/SINGLE FAMILY/SUBDIVISION,A1A00A,1001.0,SINGLE FAMILY RESIDENTIAL,RD-5,0.0,,2520.0,,2520.0,2.0,,3.0,,,,,20240802.0,600000.0,UNINCORPORATED COUNTY,617700307827425279,Tier 2: Zero Improvement,occupied_structure_missing_improvement_data
06504600260000,065-0460-026-0000,7294 EDGELAND WAY,SACRAMENTO,CA,95828.0,38.492925,-121.377216,LENNAR HOMES OF CALIFORNIA LLC,,ROSEVILLE,CA,95678.0,121940.0,,121940.0,2024.0,,0.0,RES/SINGLE FAMILY/SUBDIVISION,A1A00A,1001.0,SINGLE FAMILY RESIDENTIAL,RD-5,0.0,,1991.0,,1991.0,1.0,,3.0,,,,,20240910.0,593000.0,UNINCORPORATED COUNTY,617700307827425279,Tier 2: Zero Improvement,occupied_structure_missing_improvement_data
06504600230000,065-0460-023-0000,7300 FAWNBAR WAY,SACRAMENTO,CA,95828.0,38.492605,-121.378145,DRP CA 7 LLC,,ROSEVILLE,CA,95678.0,121940.0,,121940.0,2024.0,,0.0,RES/SINGLE FAMILY/SUBDIVISION,A1A00A,1001.0,SINGLE FAMILY RESIDENTIAL,RD-5,0.0,,3025.0,,3025.0,2.0,,4.0,,,,,20240805.0,724500.0,UNINCORPORATED COUNTY,617700307827425279,Tier 2: Zero Improvement,occupied_structure_missing_improvement_data
06504600240000,065-0460-024-0000,7299 FAWNBAR WAY,SACRAMENTO,CA,95828.0,38.492734,-121.377589,LENNAR HOMES OF CALIFORNIA LLC,,ROSEVILLE,CA,95678.0,121940.0,,121940.0,2024.0,,0.0,RES/SINGLE FAMILY/SUBDIVISION,A1A00A,1001.0,SINGLE FAMILY RESIDENTIAL,RD-5,0.0,,2704.0,,2704.0,2.0,,4.0,,,,,20240802.0,676500.0,UNINCORPORATED COUNTY,617700307827425279,Tier 2: Zero Improvement,occupied_structure_missing_improvement_data
06504600270000,065-0460-027-0000,7298 EDGELAND WAY,SACRAMENTO,CA,95828.0,38.492734,-121.377215,LENNAR HOMES OF CALIFORNIA LLC,,ROSEVILLE,CA,95678.0,121940.0,,121940.0,2024.0,,0.0,RES/SINGLE FAMILY/SUBDIVISION,A1A00A,1001.0,SINGLE FAMILY RESIDENTIAL,RD-5,0.0,,3025.0,,3025.0,2.0,,4.0,,,,,20240731.0,688000.0,UNINCORPORATED COUNTY,617700307827425279,Tier 2: Zero Improvement,occupied_structure_missing_improvement_data
06504600170000,065-0460-017-0000,8769 HARBOR HILLS WAY,SACRAMENTO,CA,95828.0,38.493277,-121.378106,DRP CA 7 LLC,,ROSEVILLE,CA,95678.0,121940.0,,121940.0,2024.0,,0.0,RES/SINGLE FAMILY/SUBDIVISION,A1A00A,1001.0,SINGLE FAMILY RESIDENTIAL,RD-5,0.0,,1991.0,,1991.0,1.0,,3.0,,,,,20240815.0,580000.0,UNINCORPORATED COUNTY,617700307827425279,Tier 2: Zero Improvement,occupied_structure_missing_improvement_data
06805800050000,068-0580-005-0000,9646 BUTTERFIELD WAY,SACRAMENTO,CA,95827.0,38.564141,-121.346102,STATE OF CALIFORNIA,,WEST SACRAMENTO,CA,95605.0,,,,2024.0,19890726.0,0.0,OFFICE - SINGLE TENANT,CBB00A,3004.0,OFFICE BLDG (MULTI-STORY),MP M-2,41.419998,AC,469910.0,1984.0,469910.0,2.0,,,,,,,,,UNINCORPORATED COUNTY,617700308225097727,Tier 2: Zero Improvement,occupied_structure_missing_improvement_data
06802600370000,068-0260-037-0000,3224 HUNTSMAN DR,SACRAMENTO,CA,95826.0,38.557818,-121.352237,CORDOVA RECREATION & PARK DISTRICT,,RANCHO CORDOVA,CA,95670.0,,,,2024.0,19821022.0,0.0,VACANT RESIDENTIAL UNDER 2 AC,IAEDFA,8001.0,RESIDENTIAL-VACANT LAND,O,33106.0,SF,,,,,,,,,,,,,UNINCORPORATED COUNTY,617700308221689855,Tier 1: Coded Vacant,public_park_or_recreation_agency
06802900450000,068-0290-045-0000,HUNTSMAN DR,SACRAMENTO,CA,95826.0,38.558109,-121.351612,CORDOVA RECREATION & PARK DISTRICT,,RANCHO CORDOVA,CA,95670.0,,,,2024.0,19801229.0,0.0,VACANT RESIDENTIAL UNDER 2 AC,IAEDFA,8001.0,RESIDENTIAL-VACANT LAND,O,1.05,AC,,,,,,,,,,,,,UNINCORPORATED COUNTY,617700308218806271,Tier 1: Coded Vacant,public_park_or_recreation_agency
07700100010000,077-0010-001-0000,9978 FOLSOM BLVD,SACRAMENTO,CA,95827.0,38.578635,-121.323511,SAC-PLCRVLE TRANSPORTATION CORR JOINT POWERS AUTHO,,SACRAMENTO,CA,95825.0,,,,2024.0,19960906.0,0.0,GENERAL OFFICE,CAA00A,3003.0,OFFICE BLDG (GENERAL),T (FBSP),5.27,AC,1745.0,1856.0,1745.0,,,,,,,,,,UNINCORPORATED COUNTY,617700308258652159,Tier 2: Zero Improvement,occupied_structure_missing_improvement_data
06801601040000,068-0160-104-0000,9823 OLD WINERY PL,SACRAMENTO,CA,95827.0,38.573366,-121.33099,DARLYNE FITE TRUST & FITE (NON EXEMPT) MARTIAL TRUST,,SACRAMENTO,CA,95827.0,917578.0,,917578.0,2024.0,,0.0,GENERAL OFFICE,CAA00A,3003.0,OFFICE BLDG (GENERAL),OIMU (FBSP,4.9299998,AC,81660.0,1990.0,81660.0,1,,,,,,,20230209.0,,UNINCORPORATED COUNTY,617700308254195711,Tier 2: Zero Improvement,occupied_structure_missing_improvement_data
07703100590000,077-0310-059-0000,3300 GLENMOOR DR,SACRAMENTO,CA,95827.0,38.572366,-121.31427,CORDOVA RECREATION & PARK DISTRICT,,RANCHO CORDOVA,CA,95670.0,,,,2024.0,19830103.0,0.0,VACANT RESIDENTIAL UNDER 2 AC,IAEBEA,8001.0,RESIDENTIAL-VACANT LAND,RD 5,2.1300001,AC,,,,,,,,,,,,,UNINCORPORATED COUNTY,617700308256555007,Tier 1: Coded Vacant,public_park_or_recreation_agency
07703600270000,077-0360-027-0000,10233 SYSTEMS PKWY,SACRAMENTO,CA,95827.0,38.566368,-121.313138,STATE OF CALIFORNIA,,WEST SACRAMENTO,CA,95798.0,,,,2024.0,19941114.0,0.0,DISTRIBUTION & WAREHOUSE,GC0B0A,5003.0,WAREHOUSE (INDUSTRIAL),OIMU,2.51,AC,32000.0,1991.0,32000.0,1,,,,,,,19941114.0,,UNINCORPORATED COUNTY,617700308265467903,Tier 2: Zero Improvement,occupied_structure_missing_improvement_data
07703600180000,077-0360-018-0000,10230 SYSTEMS PKWY,SACRAMENTO,CA,95827.0,38.565381,-121.312049,SACRAMENTO COUNTY FIRE COMMUNICATIONS CENTER,,SACRAMENTO,CA,95827.0,,,,2024.0,19861231.0,0.0,MULTI-TENANT INDUSTRIAL,GM000A,5013.0,MULTI-TENANT INDUSTRIAL BLDG.,OIMU,20473.0,SF,6072.0,1984.0,6072.0,1,,,,,,,,,UNINCORPORATED COUNTY,617700308265205759,Tier 2: Zero Improvement,occupied_structure_missing_improvement_data
07700500770000,077-0050-077-0000,3755 SCHRIEVER AVE,MATHER,CA,95655.0,38.571656,-121.301235,CORDOVA RECREATION & PARK DISTRICT,,RANCHO CORDOVA,CA,95670.0,,,,2024.0,19940915.0,0.0,PRIVATE CLUB,FH000A,4007.0,"CLUBS, LODGES, PROFESSIONAL ASSOCIATIONS",SPA (MFSPA,25.129999,AC,,,,,,,,,,,,,UNINCORPORATED COUNTY,617700322639609855,Tier 2: Zero Improvement,public_park_or_recreation_agency
07700500780000,077-0050-078-0000,3700 SCHRIEVER AVE,MATHER,CA,95655.0,38.571225,-121.303237,CORDOVA RECREATION & PARK DIST,,RANCHO CORDOVA,CA,95670.0,,,,2024.0,20080228.0,0.0,PRIVATE CLUB,FH000A,4007.0,"CLUBS, LODGES, PROFESSIONAL ASSOCIATIONS",SPA (MFSPA,2.47,AC,,,,,,,,,,,20080228.0,,UNINCORPORATED COUNTY,617700322639871999,Tier 2: Zero Improvement,public_park_or_recreation_agency
07700500790000,077-0050-079-0000,OLD PLACERVLE RD,MATHER,CA,95655.0,38.570396,-121.303209,CORDOVA RECREATION AND PARK DISTRICT,,RANCHO CORDOVA,CA,95670.0,,,,2024.0,20111107.0,0.0,PARKING LOT,BFH00A,2036.0,PARKING LOT,SPA (MFSPA,4298.0,SF,,,,,,,,,,,20111107.0,,UNINCORPORATED COUNTY,617700322639609855,Tier 2: Zero Improvement,public_park_or_recreation_agency
07700500860000,077-0050-086-0000,3700 SCHRIEVER AVE,MATHER,CA,95655.0,38.570123,-121.302279,CORDOVA RECREATION & PARK DISTRICT,,RANCHO CORDOVA,CA,95670.0,,,,2024.0,20061026.0,0.0,PRIVATE CLUB,FH000A,4007.0,"CLUBS, LODGES, PROFESSIONAL ASSOCIATIONS",SPA (MFSPA,4.4099998,AC,,,,,,,,,,,,,UNINCORPORATED COUNTY,617700322639609855,Tier 2: Zero Improvement,public_park_or_recreation_agency
06710100010000,067-1010-001-0000,10545 ARMSTRONG AVE,MATHER,CA,95655.0,38.569594,-121.296087,SACTO METROPOLITAN FIRE DISTRICT,,MATHER,CA,95655.0,,,,2024.0,20101101.0,0.0,OFFICE - SINGLE TENANT,CBB00A,3004.0,OFFICE BLDG (MULTI-STORY),SPA (MFSPA,5.29,AC,84022.0,2001.0,84022.0,2,,,,,,,,,UNINCORPORATED COUNTY,617700308241874943,Tier 2: Zero Improvement,occupied_structure_missing_improvement_data
06710400020000,067-1040-002-0000,3607 BLECKELY ST,MATHER,CA,95655.0,38.570961,-121.293082,COUNTY OF SACRAMENTO (CITY OF RANCHO CORDOVA),,RANCHO CORDOVA,CA,95670.0,,,,2024.0,,0.0,APARTMENTS,104,1112.0,APARTMENTS (GENERIC),SPA (MFSPA,1.1900001,AC,29834.0,2019.0,29834.0,3,,,,,,,,,UNINCORPORATED COUNTY,617700308242399231,Tier 2: Zero Improvement,occupied_structure_missing_improvement_data
06710400010000,067-1040-001-0000,3615 BLECKELY ST,MATHER,CA,95655.0,38.570391,-121.29339,COUNTY OF SACRAMENTO (CITY OF RANCHO CORDOVA),,RANCHO CORDOVA,CA,95670.0,,,,2024.0,,0.0,MULTI/LOW RISE APARTMENT/1-3 STY,AE050D,1112.0,APARTMENTS (GENERIC),SPA (MFSPA,1.11,AC,39563.0,2016.0,39563.0,3,,,,,,,,,UNINCORPORATED COUNTY,617700308242399231,Tier 2: Zero Improvement,occupied_structure_missing_improvement_data
06710400080000,067-1040-008-0000,10621 SCHIRRA AVE,MATHER,CA,95655.0,38.570546,-121.292719,COUNTY OF SACRAMENTO (MATHER VETERANS VILLAGE PHASE),,RANCHO CORDOVA,CA,95670.0,,,,2024.0,,0.0,MULTI/LOW RISE APARTMENT/1-3 STY,AE060E,1112.0,APARTMENTS (GENERIC),SPA (MFSPA,1.33,AC,24093.0,1964.0,24093.0,,,,,,,,,,UNINCORPORATED COUNTY,617700308242399231,Tier 2: Zero Improvement,occupied_structure_missing_improvement_data
06700100380000,067-0010-038-0000,10474 MATHER BLVD,MATHER,CA,95655.0,38.566167,-121.29916,SACRAMENTO COUNTY BOARD OF EDUCATION,,SACRAMENTO,CA,95826.0,,,,2024.0,20020725.0,0.0,GENERAL OFFICE,CAB00A,3004.0,OFFICE BLDG (MULTI-STORY),SPA (MFSPA,3.1400001,AC,63503.0,2002.0,63503.0,2,,,,,,,20020618.0,,UNINCORPORATED COUNTY,617700308242923519,Tier 2: Zero Improvement,occupied_structure_missing_improvement_data
06700101050000,067-0010-105-0000,10035 MISSILE WAY,MATHER,CA,95655.0,38.554539,-121.315004,COUNTY OF SACRAMENTO,,SACRAMENTO,CA,95837.0,,,,2024.0,,0.0,PRIVATE AIRPORT,GI0AGA,6501.0,AIRPORT & RELATED,SPA (NPA),202.89999,AC,,,,,,,,,,,,,UNINCORPORATED COUNTY,617700308209631231,Tier 2: Zero Improvement,inherently_active_use_parking_airport_cemetery
06701600650000,067-0160-065-0000,3791 BRADVIEW DR,SACRAMENTO,CA,95827.0,38.554391,-121.323383,STATE OF CALIFORNIA,,MATHER,CA,95655.0,,,,2024.0,,0.0,LIGHT INDUSTRIAL,GAGA0A,5002.0,LIGHT INDUSTRIAL (10% IMPROVED OFFICE SPACE; MACHINE SHOP),M-1,2.1900001,AC,18200.0,1991.0,18200.0,1,,,0.0,,,,20210930.0,,UNINCORPORATED COUNTY,617700308204388351,Tier 2: Zero Improvement,occupied_structure_missing_improvement_data
06701800120000,067-0180-012-0000,3930 KRISTI CT,SACRAMENTO,CA,95827.0,38.550918,-121.32765,BT OH LLC,,ATLANTA,GA,30328.0,1600000.0,,1600000.0,2024.0,20070228.0,0.0,PARKING LOT,BFH00A,2036.0,PARKING LOT,MP,5.0,AC,450.0,2009.0,450.0,,,,,,,,20070228.0,,UNINCORPORATED COUNTY,617700308203864063,Tier 2: Zero Improvement,occupied_structure_missing_improvement_data
06701800070000,067-0180-007-0000,10030 GOETHE RD,SACRAMENTO,CA,95827.0,38.551144,-121.329605,BRALEY LLC,,PORTLAND,OR,97298.0,,,,2024.0,,0.0,GENERAL OFFICE,CAA0CA,3003.0,OFFICE BLDG (GENERAL),MP,2.5599999,AC,30000.0,1994.0,30000.0,1,,,,,,,20140902.0,,UNINCORPORATED COUNTY,617700308203864063,Tier 2: Zero Improvement,occupied_structure_missing_improvement_data
20404310470000,204-0431-047-0000,7600 CEDAR DR,CITRUS HEIGHTS,CA,95610.0,38.710903,-121.285463,COUNTY OF SACRAMENTO,,SACRAMENTO,CA,95814.0,,,,2024.0,20020826.0,0.0,RES/SINGLE FAMILY/NON-SUBDIVISION,A1B00A,1001.0,SINGLE FAMILY RESIDENTIAL,RD3,16995.0,SF,1588.0,1951.0,1588.0,1,,3.0,,,,,20020826.0,85000.0,UNINCORPORATED COUNTY,617700278491414527,Tier 2: Zero Improvement,occupied_structure_missing_improvement_data
21602910230000,216-0291-023-0000,7753 WATSON WAY,CITRUS HEIGHTS,CA,95610.0,38.707861,-121.278674,PATRICIA R NEAL TRUST,,ROSEVILLE,CA,95661.0,15109.0,,15109.0,2024.0,19990312.0,0.0,RES/SINGLE FAMILY/NON-SUBDIVISION,A1B00A,1001.0,SINGLE FAMILY RESIDENTIAL,RD2,15682.0,SF,1048.0,1930.0,1048.0,1,,2.0,,,,,19990312.0,,UNINCORPORATED COUNTY,617700278490103807,Tier 2: Zero Improvement,occupied_structure_missing_improvement_data
22406200010000,224-0620-001-0000,WACHTEL WAY,CITRUS HEIGHTS,CA,95610.0,38.707921,-121.246303,SUNRISE RECREATION & PARK DISTRICT,,CITRUS HEIGHTS,CA,95610.0,,,,2024.0,19790904.0,0.0,"MISC, UNUSABLE-SMALL",MSMALA,8009.0,"WASTE LAND, MARSH, SWAMP, SUBMERGED-VACANT LAND",O RD5,2.4100001,AC,,,,,,,,,,,,,UNINCORPORATED COUNTY,617700278419062783,Tier 2: Zero Improvement,public_park_or_recreation_agency
21100440380000,211-0044-038-0000,7337 SYLVAN GROVE WAY,CITRUS HEIGHTS,CA,95610.0,38.699387,-121.287038,NEWREZ LLC,,GREENVILLE,SC,29601.0,,,,2024.0,,0.0,RES/SINGLE FAMILY/NON-SUBDIVISION,A1B00A,1001.0,SINGLE FAMILY RESIDENTIAL,RD5,16875.0,SF,1519.0,1984.0,1519.0,1,,2.0,,,,,20240419.0,360000.0,UNINCORPORATED COUNTY,617700278497968127,Tier 2: Zero Improvement,occupied_structure_missing_improvement_data
11521600600000,115-2160-060-0000,8497 BRUSHWOOD WAY,ELK GROVE,CA,95624.0,38.440063,-121.390514,AG EHC II (NWHM) CA 2 LIMITED PARTNERSHIP,,IRVINE,CA,92618.0,178701.0,,178701.0,2024.0,,0.0,RES/SINGLE FAMILY/SUBDIVISION,A1A00A,1001.0,SINGLE FAMILY RESIDENTIAL,RD-7,0.0,,2238.0,2023.0,2238.0,2,,3.0,2.0,,,,20241018.0,3166000.0,UNINCORPORATED COUNTY,617700308352761855,Tier 2: Zero Improvement,occupied_structure_missing_improvement_data
11600300250000,116-0030-025-0000,STOCKTON BLVD,ELK GROVE,CA,95624.0,38.431837,-121.393937,EAST LAWN INC,,SACRAMENTO,CA,95819.0,11500.0,,11500.0,2024.0,19651231.0,0.0,CEMETERY,DFC005,9108.0,CEMETERY (EXEMPT),PS,3.8599999,AC,,,,,,,,,,,,,UNINCORPORATED COUNTY,617700308361150463,Tier 2: Zero Improvement,inherently_active_use_parking_airport_cemetery
11600220010000,116-0022-001-0000,SHELDON RD,ELK GROVE,CA,95624.0,38.431909,-121.390999,EAST LAWN INC,,SACRAMENTO,CA,95819.0,32416.0,,32416.0,2024.0,19651231.0,0.0,CEMETERY,DFC005,9108.0,CEMETERY (EXEMPT),PS,10.61,AC,,,,,,,,,,,,,UNINCORPORATED COUNTY,617700308362723327,Tier 2: Zero Improvement,inherently_active_use_parking_airport_cemetery
11600410010000,116-0041-001-0000,BOND RD,ELK GROVE,CA,95624.0,38.42886,-121.387823,EAST LAWN INC,,SACRAMENTO,CA,95819.0,74486.0,,74486.0,2024.0,19680910.0,0.0,CEMETERY,DFC005,9108.0,CEMETERY (EXEMPT),PS,40.220001,AC,,,,,,,,,,,,,UNINCORPORATED COUNTY,617700308426948607,Tier 2: Zero Improvement,inherently_active_use_parking_airport_cemetery
11608600560000,116-0860-056-0000,8400 LAGUNA PALMS WAY,ELK GROVE,CA,95758.0,38.417276,-121.394756,CITY OF ELK GROVE,,ELK GROVE,CA,95758.0,,,,2024.0,,0.0,GENERAL OFFICE,CAA00A,3003.0,OFFICE BLDG (GENERAL),MP,0.0,,8923.0,1997.0,8923.0,1.0,,,,,,,,,UNINCORPORATED COUNTY,617700308421181439,Tier 2: Zero Improvement,occupied_structure_missing_improvement_data
11608600480000,116-0860-048-0000,8401 LAGUNA PALMS WAY,ELK GROVE,CA,95758.0,38.418224,-121.395004,CITY OF ELK GROVE,,ELK GROVE,CA,95758.0,,,,2024.0,20070621.0,0.0,GENERAL OFFICE,CAB00A,3004.0,OFFICE BLDG (MULTI-STORY),MP,3.0899999,AC,45000.0,2004.0,45000.0,2.0,,,,,,,20070621.0,,UNINCORPORATED COUNTY,617700308430880767,Tier 2: Zero Improvement,occupied_structure_missing_improvement_data
11608600470000,116-0860-047-0000,8380 LAGUNA PALMS WAY,ELK GROVE,CA,95758.0,38.417046,-121.395623,CITY OF ELK GROVE,,ELK GROVE,CA,95758.0,,,,2024.0,20020613.0,0.0,GENERAL OFFICE,CAA00A,3003.0,OFFICE BLDG (GENERAL),MP,2.2,AC,24526.0,2001.0,24526.0,1.0,,,,,,,,,UNINCORPORATED COUNTY,617700308430880767,Tier 2: Zero Improvement,occupied_structure_missing_improvement_data
11517000410000,115-1700-041-0000,TIOGAWOODS DR,SACRAMENTO,CA,95828.0,38.477481,-121.372822,SOUTHGATE RECREATION & PARK DISTRICT,,SACRAMENTO,CA,95823.0,,,,2024.0,20021205.0,0.0,"MISC, UNUSABLE-SMALL",MSMALA,8009.0,"WASTE LAND, MARSH, SWAMP, SUBMERGED-VACANT LAND",RD-7,4560.0,SF,,,,,,,,,,,,,UNINCORPORATED COUNTY,617700307883261951,Tier 2: Zero Improvement,public_park_or_recreation_agency
11500400740000,115-0040-074-0000,ELK GROVE FLORIN RD,SACRAMENTO,CA,95829.0,38.477791,-121.372091,SOUTHGATE RECREATION & PARK DISTRICT,,SACRAMENTO,CA,95823.0,,,,2024.0,20021205.0,0.0,"MISC, UNUSABLE-SMALL",MSMALA,8009.0,"WASTE LAND, MARSH, SWAMP, SUBMERGED-VACANT LAND",RD-7,4055.0,SF,,,,,,,,,,,,,UNINCORPORATED COUNTY,617700307883261951,Tier 2: Zero Improvement,public_park_or_recreation_agency
11517101120000,115-1710-112-0000,ELK GROVE FLORIN RD,SACRAMENTO,CA,95828.0,38.475408,-121.37211,SOUTHGATE RECREATION & PARK DISTRICT,,SACRAMENTO,CA,95823.0,,,,2024.0,20021205.0,0.0,"MISC, UNUSABLE-SMALL",MSMALA,8009.0,"WASTE LAND, MARSH, SWAMP, SUBMERGED-VACANT LAND",RD-7 RD-5,11599.0,SF,,,,,,,,,,,,,UNINCORPORATED COUNTY,617700307884310527,Tier 2: Zero Improvement,public_park_or_recreation_agency
11517000420000,115-1700-042-0000,TIOGAWOODS DR,SACRAMENTO,CA,95828.0,38.477289,-121.372814,SOUTHGATE RECREATION & PARK DISTRICT,,SACRAMENTO,CA,95823.0,,,,2024.0,20021205.0,0.0,"MISC, UNUSABLE-SMALL",MSMALA,8009.0,"WASTE LAND, MARSH, SWAMP, SUBMERGED-VACANT LAND",RD-5,4052.0,SF,,,,,,,,,,,,,UNINCORPORATED COUNTY,617700307883261951,Tier 2: Zero Improvement,public_park_or_recreation_agency
11517000430000,115-1700-043-0000,TIOGAWOODS DR,SACRAMENTO,CA,95828.0,38.477283,-121.372338,SOUTHGATE RECREATION & PARK DISTRICT,,SACRAMENTO,CA,95823.0,,,,2024.0,20021205.0,0.0,"MISC, UNUSABLE-SMALL",MSMALA,8009.0,"WASTE LAND, MARSH, SWAMP, SUBMERGED-VACANT LAND",RD-5,3119.0,SF,,,,,,,,,,,,,UNINCORPORATED COUNTY,617700307883261951,Tier 2: Zero Improvement,public_park_or_recreation_agency
12100100200000,121-0010-020-0000,7729 ELK GROVE FLORIN RD,SACRAMENTO,CA,95829.0,38.477104,-121.369476,STOP AND SHOP FOOD MART LLC,,EL DORADO HILLS,CA,95762.0,1040400.0,,1040400.0,2024.0,,0.0,RES/SINGLE FAMILY/RURAL HOME(OVER 5 AC),A1E00A,1008.0,RURAL/AGRICULTURAL RESIDENCE,AR-5,6.46,AC,1877.0,1986.0,1877.0,1,,3.0,,,,,20210914.0,1000000.0,UNINCORPORATED COUNTY,617700307883261951,Tier 2: Zero Improvement,occupied_structure_missing_improvement_data
12100100290000,121-0010-029-0000,7690 FLORENCIA LN,SACRAMENTO,CA,95829.0,38.478562,-121.364112,A & C REAL ESTATE DEVELOPMENT LLC,,SACRAMENTO,CA,95829.0,1846814.0,,1846814.0,2024.0,,0.0,RES/TWO FAMILY/2 SFU,A2A00A,1024.0,,AR-10,12.43,AC,2732.0,1955.0,2732.0,1,2.0,7.0,,,,,20211220.0,6873500.0,UNINCORPORATED COUNTY,617700307883524095,Tier 2: Zero Improvement,occupied_structure_missing_improvement_data
12100400210000,121-0040-021-0000,9206 GERBER RD,SACRAMENTO,CA,95829.0,38.478961,-121.356833,SINGH HARPREET,,SACRAMENTO,CA,95828.0,728280.0,,728280.0,2024.0,,0.0,RES/SINGLE FAMILY/RURAL HOME(OVER 5 AC),A1E00A,1008.0,RURAL/AGRICULTURAL RESIDENCE,AR-10,9.9399996,AC,1026.0,1935.0,1026.0,1,,2.0,,,,,20220106.0,700000.0,UNINCORPORATED COUNTY,617700307887194111,Tier 2: Zero Improvement,occupied_structure_missing_improvement_data
12100100300000,121-0010-030-0000,7700 FLORENCIA LN,SACRAMENTO,CA,95829.0,38.476948,-121.364108,A & C REAL ESTATE DEVELOPMENT LLC,,SACRAMENTO,CA,95829.0,2531355.0,,2531355.0,2024.0,,0.0,RES/SINGLE FAMILY/RURAL HOME(OVER 5 AC),A1E00A,1008.0,RURAL/AGRICULTURAL RESIDENCE,AR-10,10.4,AC,1121.0,1954.0,1121.0,1,,3.0,,,,,20211220.0,6873500.0,UNINCORPORATED COUNTY,617700307883524095,Tier 2: Zero Improvement,occupied_structure_missing_improvement_data
11506101100000,115-0610-110-0000,ELK GROVE FLORIN RD,SACRAMENTO,CA,95828.0,38.4681,-121.372056,SOUTHGATE RECREATION & PARK DISTRICT,,SACRAMENTO,CA,95823.0,,,,2024.0,19910321.0,0.0,"MISC, UNUSABLE-SMALL",MSMALA,8009.0,"WASTE LAND, MARSH, SWAMP, SUBMERGED-VACANT LAND",RD-7 RD-2,19602.0,SF,,,,,,,,,,,,,UNINCORPORATED COUNTY,617700307891388415,Tier 2: Zero Improvement,public_park_or_recreation_agency
12102900880000,121-0290-088-0000,VINTAGE PARK DR,SACRAMENTO,CA,95829.0,38.465442,-121.368313,SOUTHGATE RECREATION & PARK DISTRICT,,SACRAMENTO,CA,95823.0,,,,2024.0,19890209.0,0.0,VACANT RESIDENTIAL UNDER 2 AC,IAEAAA,8001.0,RESIDENTIAL-VACANT LAND,RD-5,6895.0,SF,,,,,,,,,,,,,UNINCORPORATED COUNTY,617700307892961279,Tier 1: Coded Vacant,public_park_or_recreation_agency
12103200670000,121-0320-067-0000,VINTAGE PARK DR,SACRAMENTO,CA,95829.0,38.464808,-121.364735,SOUTHGATE RECREATION & PARK DISTRICT,,SACRAMENTO,CA,95823.0,,,,2024.0,19890209.0,0.0,"MISC, UNUSABLE-SMALL",MSMALA,8009.0,"WASTE LAND, MARSH, SWAMP, SUBMERGED-VACANT LAND",RD-5,683.0,SF,,,,,,,,,,,,,UNINCORPORATED COUNTY,617700308393394175,Tier 2: Zero Improvement,public_park_or_recreation_agency
12103200680000,121-0320-068-0000,VINTAGE PARK DR,SACRAMENTO,CA,95829.0,38.464797,-121.363387,SOUTHGATE RECREATION & PARK DISTRICT,,SACRAMENTO,CA,95823.0,,,,2024.0,19890209.0,0.0,"MISC, UNUSABLE-SMALL",MSMALA,8009.0,"WASTE LAND, MARSH, SWAMP, SUBMERGED-VACANT LAND",RD-5,3197.0,SF,,,,,,,,,,,,,UNINCORPORATED COUNTY,617700308393394175,Tier 2: Zero Improvement,public_park_or_recreation_agency
12107100660000,121-0710-066-0000,VINTAGE PARK DR,SACRAMENTO,CA,95829.0,38.464138,-121.355808,SOUTHGATE RECREATIONAL & PARK DISTRICTS,,SACRAMENTO,CA,95823.0,,,,2024.0,,0.0,"MISC, UNUSABLE-SMALL",MSMALA,8009.0,"WASTE LAND, MARSH, SWAMP, SUBMERGED-VACANT LAND",RD-7,1579.0,SF,,,,,,,,,,,20120925.0,,UNINCORPORATED COUNTY,617700307878019071,Tier 2: Zero Improvement,public_park_or_recreation_agency
12109300910000,121-0930-091-0000,WATERMAN RD,SACRAMENTO,CA,95829.0,38.474313,-121.353534,SOUTHGATE RECREATION & PARK DISTRICT,,SACRAMENTO,CA,95823.0,,,,2024.0,20020814.0,0.0,"MISC, UNUSABLE-SMALL",MSMALA,8009.0,"WASTE LAND, MARSH, SWAMP, SUBMERGED-VACANT LAND",RD-7,1454.0,SF,,,,,,,,,,,,,UNINCORPORATED COUNTY,617700307868581887,Tier 2: Zero Improvement,public_park_or_recreation_agency
12109300920000,121-0930-092-0000,WATERMAN RD,SACRAMENTO,CA,95829.0,38.473232,-121.35353,SOUTHGATE RECREATION & PARK DISTRICT,,SACRAMENTO,CA,95823.0,,,,2024.0,20020814.0,0.0,"MISC, UNUSABLE-SMALL",MSMALA,8009.0,"WASTE LAND, MARSH, SWAMP, SUBMERGED-VACANT LAND",RD-7,6132.0,SF,,,,,,,,,,,,,UNINCORPORATED COUNTY,617700307868581887,Tier 2: Zero Improvement,public_park_or_recreation_agency
12109201140000,121-0920-114-0000,WATERMAN RD,SACRAMENTO,CA,95829.0,38.471803,-121.353518,SOUTHGATE RECREATION & PARK DISTRICT,,SACRAMENTO,CA,95823.0,,,,2024.0,20020814.0,0.0,"MISC, UNUSABLE-SMALL",MSMALA,8009.0,"WASTE LAND, MARSH, SWAMP, SUBMERGED-VACANT LAND",RD-7,8810.0,SF,,,,,,,,,,,,,UNINCORPORATED COUNTY,617700307869630463,Tier 2: Zero Improvement,public_park_or_recreation_agency
12107100670000,121-0710-067-0000,WATERMAN RD,SACRAMENTO,CA,95829.0,38.464078,-121.355445,SOUTHGATE RECREATIONAL & PARK DISTRICTS,,SACRAMENTO,CA,95823.0,,,,2024.0,,0.0,"MISC, UNUSABLE-SMALL",MSMALA,8009.0,"WASTE LAND, MARSH, SWAMP, SUBMERGED-VACANT LAND",RD-7,16500.0,SF,,,,,,,,,,,,,UNINCORPORATED COUNTY,617700307878019071,Tier 2: Zero Improvement,public_park_or_recreation_agency
12112500480000,121-1250-048-0000,SCRIMSHAW WAY,SACRAMENTO,CA,95829.0,38.462869,-121.344238,SOUTHGATE RECREATION AND PARK DISTRICT,,SACRAMENTO,CA,95823.0,,,,2024.0,,0.0,"MISC, UNUSABLE-SMALL",MSMALA,8009.0,"WASTE LAND, MARSH, SWAMP, SUBMERGED-VACANT LAND",RD-5,0.0,,,,,,,,,,,,20230516.0,,UNINCORPORATED COUNTY,617700307875397631,Tier 2: Zero Improvement,public_park_or_recreation_agency
12207300760000,122-0730-076-0000,BRADSHAW RD,SACRAMENTO,CA,95829.0,38.466981,-121.334549,SOUTHGATE RECREATION & PARK DISTRICT,,SACRAMENTO,CA,95823.0,,,,2024.0,20090424.0,0.0,"MISC, UNUSABLE-SMALL",MSMALA,8009.0,"WASTE LAND, MARSH, SWAMP, SUBMERGED-VACANT LAND",RD-5,2898.0,SF,,,,,,,,,,,20090424.0,,UNINCORPORATED COUNTY,617700307871727615,Tier 2: Zero Improvement,public_park_or_recreation_agency
12112500490000,121-1250-049-0000,SCRIMSHAW WAY,SACRAMENTO,CA,95829.0,38.463009,-121.342778,SOUTHGATE RECREATION AND PARK DISTRICT,,SACRAMENTO,CA,95823.0,,,,2024.0,,0.0,"MISC, UNUSABLE-SMALL",MSMALA,8009.0,"WASTE LAND, MARSH, SWAMP, SUBMERGED-VACANT LAND",RD-5,0.0,,,,,,,,,,,,20230516.0,,UNINCORPORATED COUNTY,617700307867271167,Tier 2: Zero Improvement,public_park_or_recreation_agency
12207300770000,122-0730-077-0000,BRADSHAW RD,SACRAMENTO,CA,95829.0,38.4659,-121.334542,SOUTHGATE RECREATION & PARK DISTRICT,,SACRAMENTO,CA,95823.0,,,,2024.0,20090424.0,0.0,"MISC, UNUSABLE-SMALL",MSMALA,8009.0,"WASTE LAND, MARSH, SWAMP, SUBMERGED-VACANT LAND",RD-5,7974.0,SF,,,,,,,,,,,20090424.0,,UNINCORPORATED COUNTY,617700307871727615,Tier 2: Zero Improvement,public_park_or_recreation_agency
12207400700000,122-0740-070-0000,VINTAGE PARK DR,SACRAMENTO,CA,95829.0,38.464793,-121.334541,SOUTHGATE RECREATION & PARK DISTRICT,,SACRAMENTO,CA,95823.0,,,,2024.0,20090424.0,0.0,"MISC, UNUSABLE-SMALL",MSMALA,8009.0,"WASTE LAND, MARSH, SWAMP, SUBMERGED-VACANT LAND",RD-5,14246.0,SF,,,,,,,,,,,20090424.0,,UNINCORPORATED COUNTY,617700307879591935,Tier 2: Zero Improvement,public_park_or_recreation_agency
12207400690000,122-0740-069-0000,BRADSHAW RD,SACRAMENTO,CA,95829.0,38.463779,-121.334199,SOUTHGATE RECREATION & PARK DISTRICT,,SACRAMENTO,CA,95823.0,,,,2024.0,20090424.0,0.0,"MISC, UNUSABLE-SMALL",MSMALA,8009.0,"WASTE LAND, MARSH, SWAMP, SUBMERGED-VACANT LAND",RD-4,3302.0,SF,,,,,,,,,,,,,UNINCORPORATED COUNTY,617700307879591935,Tier 2: Zero Improvement,public_park_or_recreation_agency
12101200010000,121-0120-001-0000,8207 ELK GROVE FLORIN RD,SACRAMENTO,CA,95829.0,38.459623,-121.370522,SOUTHGATE REC & PARK DISTRICT,,SACRAMENTO,CA,95823.0,,,,2024.0,20101105.0,0.0,RES/SINGLE FAMILY/RURAL HOME(2-5 AC),A1D00A,1008.0,RURAL/AGRICULTURAL RESIDENCE,UR,2.4200001,AC,2246.0,1980.0,2246.0,1,,3.0,,,,,20101105.0,,UNINCORPORATED COUNTY,617700308389986303,Tier 2: Zero Improvement,public_park_or_recreation_agency
12101200020000,121-0120-002-0000,8225 ELK GROVE FLORIN RD,SACRAMENTO,CA,95829.0,38.459171,-121.370529,SOUTHGATE RECREATION AND PARK DISTRICT,,SACRAMENTO,CA,95823.0,,,,2024.0,20071227.0,0.0,VACANT RESIDENTIAL (2-5 AC SITE),IAFDAA,8001.0,RESIDENTIAL-VACANT LAND,UR,2.3900001,AC,,,,,,,,,,,20071227.0,,UNINCORPORATED COUNTY,617700308389986303,Tier 1: Coded Vacant,public_park_or_recreation_agency
07119800460000,071-1980-046-0000,FOLSOM MEADOWS CIR,FOLSOM,CA,95630.0,38.686267,-121.118315,NEW HOME COMPANY NORTHERN CA LLC,,ROSEVILLE,CA,95661.0,64.0,,64.0,2024.0,,0.0,RES/SINGLE FAMILY/SUBDIVISION,A1A00A,1001.0,SINGLE FAMILY RESIDENTIAL,SP-RM-17 (,5229.0,SF,2275.0,2014.0,2275.0,2,,4.0,,,,,,,UNINCORPORATED COUNTY,617700278553804799,Tier 2: Zero Improvement,occupied_structure_missing_improvement_data
07112100310000,071-1210-031-0000,NATOMA ST,FOLSOM,CA,95630.0,38.695411,-121.109246,EMPIRE RANCH GOLF CLUB LLC (EMPIRE RANCH LLC),,LINCOLN,CA,95648.0,934169.0,,934169.0,2024.0,20020601.0,0.0,GOLF COURSE (PUBLIC),FAB00A,4028.0,GOLF COURSE,SP-GOLF (S,24.280001,AC,,2002.0,,1,,,,,,,,,UNINCORPORATED COUNTY,617700278582640639,Tier 2: Zero Improvement,occupied_structure_missing_improvement_data
24301700040000,243-0170-004-0000,6321 MARIPOSA AVE,CITRUS HEIGHTS,CA,95610.0,38.680738,-121.285182,SAN JUAN UNIFIED SCHOOL DISTRICT,,CARMICHAEL,CA,95609.0,,,,2024.0,19840906.0,0.0,RES/SINGLE FAMILY/NON-SUBDIVISION,A1B00A,1001.0,SINGLE FAMILY RESIDENTIAL,RD5,28456.0,SF,1534.0,1939.0,1534.0,2,,3.0,,,,,,,UNINCORPORATED COUNTY,617700322088583167,Tier 2: Zero Improvement,occupied_structure_missing_improvement_data
24301500350000,243-0150-035-0000,6250 MARIPOSA AVE,CITRUS HEIGHTS,CA,95610.0,38.679694,-121.284258,THE HOUSING AUTHORITY OF THE COUNTY OF SACRAMENTO,,SACRAMENTO,CA,95814.0,,,,2024.0,19860108.0,0.0,RES/SINGLE FAMILY/SUBDIVISION,A1A00A,1001.0,SINGLE FAMILY RESIDENTIAL,RD20,1.99,AC,816.0,1950.0,816.0,1,,2.0,,,,,,,UNINCORPORATED COUNTY,617700322088583167,Tier 2: Zero Improvement,occupied_structure_missing_improvement_data
24301100030000,243-0110-003-0000,7562 GREENBACK LN,CITRUS HEIGHTS,CA,95610.0,38.677264,-121.288438,CUBESMART LIMITED PARTNERSHIP,,ALEXANDRIA,VA,22320.0,451500.0,,451500.0,2024.0,,0.0,MINI-STORAGE,GL0C0A,2031.0,"MINI-WAREHOUSE, SELF-STORAGE",LC,33703.0,SF,81311.0,1987.0,81311.0,1,,,,,,,20151217.0,,UNINCORPORATED COUNTY,617700322088058879,Tier 2: Zero Improvement,occupied_structure_missing_improvement_data
24302760040000,243-0276-004-0000,7804 SAYONARA DR,CITRUS HEIGHTS,CA,95610.0,38.685067,-121.275956,COMMUNITY REDEVELOPMENT AGCY CITY CITRUS HEIGHTS,,CITRUS HEIGHTS,CA,95621.0,,,,2024.0,20090327.0,0.0,RES/FOUR FAMILY/FOURPLEX,A4E00A,1103.0,"QUADRUPLEX (4 UNITS, ANY COMBINATION)",RD20,7487.0,SF,3666.0,1963.0,3666.0,,,8.0,,,,,20090327.0,200000.0,UNINCORPORATED COUNTY,617700322077048831,Tier 2: Zero Improvement,occupied_structure_missing_improvement_data
24302760050000,243-0276-005-0000,7808 SAYONARA DR,CITRUS HEIGHTS,CA,95610.0,38.68507,-121.275721,COMMUNITY REDEVELOPMENT AGCY CITRUS HEIGHTS,,CITRUS HEIGHTS,CA,95621.0,,,,2024.0,20090327.0,0.0,RES/FOUR FAMILY/FOURPLEX,A4E00A,1103.0,"QUADRUPLEX (4 UNITS, ANY COMBINATION)",RD20,7487.0,SF,3666.0,1963.0,3666.0,,,8.0,,,,,20090327.0,200000.0,UNINCORPORATED COUNTY,617700322077048831,Tier 2: Zero Improvement,occupied_structure_missing_improvement_data
24302820040000,243-0282-004-0000,7824 SAYONARA DR,CITRUS HEIGHTS,CA,95610.0,38.685082,-121.274805,CITRUS HEIGHTS REDEVELOPMENT AGENCY,,CITRUS HEIGHTS,CA,95621.0,,,,2024.0,20090923.0,0.0,RES/FOUR FAMILY/FOURPLEX,A4E00A,1103.0,"QUADRUPLEX (4 UNITS, ANY COMBINATION)",RD20,7362.0,SF,916.0,1963.0,916.0,,,8.0,,,,,20090923.0,202000.0,UNINCORPORATED COUNTY,617700322077048831,Tier 2: Zero Improvement,occupied_structure_missing_improvement_data
24302830020000,243-0283-002-0000,6550 MING WAY,CITRUS HEIGHTS,CA,95610.0,38.68515,-121.273478,SUNRISE RECREATION AND PARKS DISTRICT,,CITRUS HEIGHTS,CA,95610.0,,,,2024.0,,0.0,RES/FOUR FAMILY/FOURPLEX,A4E00A,1103.0,"QUADRUPLEX (4 UNITS, ANY COMBINATION)",RD20,7167.0,SF,3576.0,1963.0,3576.0,2,,8.0,,,,,20201204.0,200000.0,UNINCORPORATED COUNTY,617700322077048831,Tier 2: Zero Improvement,public_park_or_recreation_agency
24301910530000,243-0191-053-0000,7804 GREENBACK LN,CITRUS HEIGHTS,CA,95610.0,38.678011,-121.275442,J J/J Z CORDANO FAMLY CHILDRENS TRUST,,SACRAMENTO,CA,95811.0,630186.0,,630186.0,2024.0,,0.0,FAST FOOD/DRIVE-THRU,BCE00A,2013.0,FAST FOOD RESTAURANT / DRIVE-THRU,SC,0.0,,3172.0,2021.0,3172.0,1,,,,,,,,,UNINCORPORATED COUNTY,617700322089369599,Tier 2: Zero Improvement,occupied_structure_missing_improvement_data
24301910470000,243-0191-047-0000,6191 SUNRISE BLVD,CITRUS HEIGHTS,CA,95610.0,38.676138,-121.274047,BIRDCAGE GRF2 LLC (COST PLUS),,SOLANA BEACH,CA,92075.0,2971096.0,,2971096.0,2024.0,,0.0,COMMUNITY SHOPPING CENTER,BEC00A,2008.0,"COMMUNITY: SHOPPING PLAZA, SHOPPING CENTER, MINI-MALL",SC,25260.0,SF,18000.0,1980.0,18000.0,,,,,,,,20150715.0,76300000.0,UNINCORPORATED COUNTY,617700322090418175,Tier 2: Zero Improvement,occupied_structure_missing_improvement_data
26103300230000,261-0330-023-0000,MANANA WAY,FAIR OAKS,CA,95628.0,38.671692,-121.248944,FAIR OAKS RECREATION & PARK DISTRICT,,FAIR OAKS,CA,95628.0,,,,2024.0,,0.0,"MISC, UNUSABLE-SMALL",MSMALA,8009.0,"WASTE LAND, MARSH, SWAMP, SUBMERGED-VACANT LAND",RD-2,206.0,SF,,,,,,,,,,,20230404.0,,UNINCORPORATED COUNTY,617700322061320191,Tier 2: Zero Improvement,public_park_or_recreation_agency
24901420070000,249-0142-007-0000,5326 CHICAGO AVE,FAIR OAKS,CA,95628.0,38.662872,-121.253702,E & S READ FAMILY TRUST ETAL,,SACRAMENTO,CA,95864.0,39904.0,,39904.0,2024.0,,0.0,RES/SINGLE FAMILY/SUBDIVISION,A1A00A,1001.0,SINGLE FAMILY RESIDENTIAL,RD-5,8276.0,SF,1179.0,1972.0,1179.0,1,,3.0,,,,,20230515.0,25000.0,UNINCORPORATED COUNTY,617700322069184511,Tier 2: Zero Improvement,occupied_structure_missing_improvement_data
26106300840000,261-0630-084-0000,ALMOND AVE,FAIR OAKS,CA,95628.0,38.673147,-121.23978,ORANGEVALE REC & PARK DIST,,ORANGEVALE,CA,95662.0,,,,2024.0,20091202.0,0.0,"MISC, UNUSABLE-SMALL",MSMALA,8009.0,"WASTE LAND, MARSH, SWAMP, SUBMERGED-VACANT LAND",RD-4,80.0,SF,,,,,,,,,,,,,UNINCORPORATED COUNTY,617700322064990207,Tier 2: Zero Improvement,public_park_or_recreation_agency
03001820040000,030-0182-004-0000,6745 BENHAM WAY,SACRAMENTO,CA,95831.0,38.504295,-121.555381,FELLOWS WILLIAM,,SACRAMENTO,CA,95821.0,98508.0,,98508.0,2024.0,20120516.0,265000.0,RES/TWO FAMILY/DUPLEX,A2B00A,1101.0,"DUPLEX (2 UNITS, ANY COMBINATION)",R-1,16200.0,SF,2812.0,1971.0,2812.0,1,,5.0,,,,,20120516.0,265000.0,CITY OF SACRAMENTO,617700320149503999,Tier 2: Zero Improvement,occupied_structure_missing_improvement_data
01601610420000,016-0161-042-0000,1000 RIO LN,SACRAMENTO,CA,95822.0,38.533328,-121.520727,HOUSING AUTHORITY OF THE CITY OF SACRAMENTO,,SACRAMENTO,CA,95814.0,,,,2024.0,19881202.0,0.0,MULTI/LOW RISE APARTMENT/1-3 STY,AE000A,1112.0,APARTMENTS (GENERIC),R-2A,2.98,AC,,,,1,,1.0,,,,,,,CITY OF SACRAMENTO,617700319677382655,Tier 2: Zero Improvement,occupied_structure_missing_improvement_data
01601610400000,016-0161-040-0000,1002 RIO LN,SACRAMENTO,CA,95822.0,38.533201,-121.521166,CITY OF SACRAMENTO,,SACRAMENTO,CA,95814.0,,,,2024.0,19921029.0,0.0,MULTI/COURT APTS/MORE THAN 4 UNITS,AG006B,1106.0,"GARDEN APT, COURT APT (5+ UNITS)",R-2A,3276.0,SF,1225.0,1958.0,1225.0,2,6.0,,,,,,19940919.0,,CITY OF SACRAMENTO,617700319677382655,Tier 2: Zero Improvement,occupied_structure_missing_improvement_data
02900210550000,029-0021-055-0000,5704 SURF WAY,SACRAMENTO,CA,95822.0,38.52398,-121.524261,SACRAMENTO AREA FLOOD CONTROL AGENCY,,SACRAMENTO,CA,95814.0,,,,2024.0,,0.0,RES/SINGLE FAMILY/SUBDIVISION,A1A00A,1001.0,SINGLE FAMILY RESIDENTIAL,R-1A,1.55,AC,4130.0,2004.0,4130.0,1,,4.0,,,,,20181031.0,250000.0,CITY OF SACRAMENTO,617700319685771263,Tier 2: Zero Improvement,occupied_structure_missing_improvement_data
02900210110000,029-0021-011-0000,5890 RIVERSIDE BLVD,SACRAMENTO,CA,95822.0,38.520901,-121.522779,SACRAMENTO AREA FLOOD CONTROL AGENCY,,SACRAMENTO,CA,95814.0,,,,2024.0,,0.0,RES/SINGLE FAMILY/NON-SUBDIVISION,A1B00A,1001.0,SINGLE FAMILY RESIDENTIAL,R-1,16087.0,SF,972.0,1920.0,972.0,1,,2.0,,,,,20190531.0,,CITY OF SACRAMENTO,617700319686819839,Tier 2: Zero Improvement,occupied_structure_missing_improvement_data
02901840170000,029-0184-017-0000,1043 43RD AVE,SACRAMENTO,CA,95822.0,38.516941,-121.519824,HOUSING AUTHORITY CITY OF SACRAMENTO,,SACRAMENTO,CA,95814.0,,,,2024.0,,0.0,MULTI/LOW RISE APARTMENT/1-3 STY,AE028D,1112.0,APARTMENTS (GENERIC),R-2A,1.15,AC,666.0,1968.0,666.0,,,1.0,,,,,,,CITY OF SACRAMENTO,617700320188301311,Tier 2: Zero Improvement,occupied_structure_missing_improvement_data
01300100020000,013-0010-002-0000,2338 9TH AVE,SACRAMENTO,CA,95818.0,38.543487,-121.486548,LOS RIOS COMMUNITY COLLEGE DISTRICT,,SACRAMENTO,CA,95825.0,,,,2024.0,19930122.0,0.0,PARKING STRUCTURE,BFI00A,2035.0,"PARKING GARAGE, PARKING STRUCTURE",M-1,9.8000002,AC,,,,,,,,,,,,,CITY OF SACRAMENTO,617700319716179967,Tier 2: Zero Improvement,inherently_active_use_parking_airport_cemetery
01302810300000,013-0281-030-0000,3235 FRANKLIN BLVD,SACRAMENTO,CA,95818.0,38.545047,-121.475514,HERNANDEZ ELVIRA (EST OF),,SACRAMENTO,CA,95818.0,191017.0,,191017.0,2024.0,19710806.0,0.0,RES/SINGLE FAMILY/SUBDIVISION,A1A00A,1001.0,SINGLE FAMILY RESIDENTIAL,R-1,3862.0,SF,721.0,1918.0,721.0,1,,1.0,,,,,,,CITY OF SACRAMENTO,617700320468533247,Tier 2: Zero Improvement,occupied_structure_missing_improvement_data
01800930050000,018-0093-005-0000,4550 24TH ST,SACRAMENTO,CA,95822.0,38.533506,-121.483611,PACIFIC GAS & ELEC COMPANY,,OAKLAND,CA,94604.0,10.0,,10.0,2024.0,,0.0,LIGHT INDUSTRY-CONSTRUCT,GADC0B,5019.0,CONSTRUCTION/CONTRACTING SERVICES (INDUSTRIAL),C-4,9150.0,SF,1080.0,1948.0,1080.0,1,,,,,,,20160830.0,280000.0,CITY OF SACRAMENTO,617700320477708287,Tier 2: Zero Improvement,occupied_structure_missing_improvement_data
02001110070000,020-0111-007-0000,4313 FRANKLIN BLVD,SACRAMENTO,CA,95820.0,38.535624,-121.474091,RUIZ LIVING TRUST,,CHULA VISTA,CA,91915.0,13824.0,,13824.0,2024.0,,0.0,AUTO REPAIR GARAGE,BFC0A2,2024.0,"AUTO REPAIR (& RELATED), GARAGE",C-2,3469.0,SF,1168.0,1945.0,1168.0,1,,,,,,,20200612.0,,CITY OF SACRAMENTO,617700320467222527,Tier 2: Zero Improvement,occupied_structure_missing_improvement_data
02001330100000,020-0133-010-0000,4308 MARTIN LUTHER KING JR BLVD,SACRAMENTO,CA,95820.0,38.536011,-121.46506,CHRISTIAN BROS HIGH SCH SACRAMENTO INCORPORATED,,SACRAMENTO,CA,95820.0,293806.0,,293806.0,2024.0,20041221.0,0.0,RES/SINGLE FAMILY/SUBDIVISION,A1A00A,1001.0,SINGLE FAMILY RESIDENTIAL,R-1,16117.0,SF,630.0,1918.0,630.0,1,,2.0,,,,,20041221.0,215000.0,CITY OF SACRAMENTO,617700320471416831,Tier 2: Zero Improvement,occupied_structure_missing_improvement_data
02002020080000,020-0202-008-0000,4513 FRANKLIN BLVD,SACRAMENTO,CA,95820.0,38.533922,-121.473605,MARTHA L VELASCO TRUST,,SACRAMENTO,CA,95820.0,36214.0,,36214.0,2024.0,,0.0,LIGHT INDUSTRIAL,GAKC0A,5002.0,LIGHT INDUSTRIAL (10% IMPROVED OFFICE SPACE; MACHINE SHOP),C-2,4795.0,SF,4000.0,1963.0,4000.0,1,,,,,,,20231019.0,,CITY OF SACRAMENTO,617700320467222527,Tier 2: Zero Improvement,occupied_structure_missing_improvement_data
02002130140000,020-0213-014-0000,3732 19TH AVE,SACRAMENTO,CA,95820.0,38.53514,-121.466293,PHONG SAM S,,MILPITAS,CA,95035.0,53384.0,,53384.0,2024.0,,0.0,RES/SINGLE FAMILY/SUBDIVISION,A1A00A,1001.0,SINGLE FAMILY RESIDENTIAL,R-1,5227.0,SF,340.0,1921.0,340.0,1,,1.0,,,,,20150729.0,92000.0,CITY OF SACRAMENTO,617700320467484671,Tier 2: Zero Improvement,occupied_structure_missing_improvement_data
03500100490000,035-0010-049-0000,24TH ST,SACRAMENTO,CA,95822.0,38.519296,-121.489631,SACRAMENTO CITY FINANCING AUTHORITY,,SACRAMENTO,CA,95814.0,,,,2024.0,19891128.0,0.0,PRIVATE AIRPORT,GI0C0A,6501.0,AIRPORT & RELATED,R-1-EA-4 R,54.25,AC,,,,,,,,,,,,,CITY OF SACRAMENTO,617700320445202431,Tier 2: Zero Improvement,inherently_active_use_parking_airport_cemetery
22307300050000,804-0001-023-0000,9127 GREENBACK LN SPC 22,ORANGEVALE,CA,95662.0,38.679274,-121.215049,LORA JUNE WILLIAMS EDWARD JOHN WILLIAMS,,ORANGEVALE,CA,95662.0,,,,2024.0,,0.0,MOBILE HOME/ON LEASED LAND/MH PARK,ATA00A,1006.0,MOBILE/MANUFACTURED HOME (REGARDLESS OF LAND OWNERSHIP),SPA,0.0,,576.0,1964.0,576.0,1,,2.0,,,,,,,UNINCORPORATED COUNTY,617700278282485759,Tier 2: Zero Improvement,occupied_structure_missing_improvement_data
22300420490000,223-0042-049-0000,6519 MAIN AVE,ORANGEVALE,CA,95662.0,38.683816,-121.203333,HOUSING AUTHORITY OF THE COUNTY OF SACRAMENTO,,SACRAMENTO,CA,95814.0,,,,2024.0,19930409.0,0.0,RES/SINGLE FAMILY/SUBDIVISION,A1A00A,1001.0,SINGLE FAMILY RESIDENTIAL,RD-30,2.6500001,AC,625.0,1947.0,625.0,1,,1.0,,,,,,,UNINCORPORATED COUNTY,617700278278815743,Tier 2: Zero Improvement,occupied_structure_missing_improvement_data
22301100050000,223-0110-005-0000,6235 MAIN AVE,ORANGEVALE,CA,95662.0,38.679404,-121.20266,RIGGS FAMILY REVOCABLE TRUST,,ROSEVILLE,CA,95661.0,45035.0,,45035.0,2024.0,,0.0,STORE/OFFICE COMBINATION,BBB002,2003.0,STORE/OFFICE (MIXED USE),GC,6800.0,SF,2064.0,1948.0,2064.0,1,,,0.0,,,,20210514.0,125000.0,UNINCORPORATED COUNTY,617700278271999999,Tier 2: Zero Improvement,occupied_structure_missing_improvement_data
22301900180000,223-0190-018-0000,9400 GREENBACK LN,ORANGEVALE,CA,95662.0,38.677791,-121.201971,ZANDIDOLABI MAJID,,FOLSOM,CA,95630.0,347689.0,,347689.0,2024.0,20080401.0,0.0,AUTO REPAIR GARAGE,BFC002,2024.0,"AUTO REPAIR (& RELATED), GARAGE",SPA,16350.0,SF,1527.0,1965.0,1527.0,1,,,,,,,,,UNINCORPORATED COUNTY,617700278271213567,Tier 2: Zero Improvement,occupied_structure_missing_improvement_data
22301900030000,223-0190-003-0000,9418 GREENBACK LN,ORANGEVALE,CA,95662.0,38.677791,-121.201703,ZANDIDOLABI MAJID,,FOLSOM,CA,95630.0,128768.0,,128768.0,2024.0,20080401.0,0.0,AUTO REPAIR GARAGE,BFC00A,2024.0,"AUTO REPAIR (& RELATED), GARAGE",SPA,6160.0,SF,1800.0,1954.0,1800.0,1,,,,,,,20080401.0,,UNINCORPORATED COUNTY,617700278271213567,Tier 2: Zero Improvement,occupied_structure_missing_improvement_data
25301600780000,253-0160-078-0000,5304 ARBARDEE DR,FAIR OAKS,CA,95628.0,38.662402,-121.230059,FAIR OAKS RECREATION & PARK DISTRICT,,FAIR OAKS,CA,95628.0,,,,2024.0,20080715.0,0.0,MULTI/LOW RISE APARTMENT/1-3 STY,AE000A,1112.0,APARTMENTS (GENERIC),RD-20,19297.0,SF,,,,,,,,,,,20080715.0,,UNINCORPORATED COUNTY,617700278356410367,Tier 2: Zero Improvement,public_park_or_recreation_agency
23501910680000,235-0191-068-0000,8900 MADISON AVE,FAIR OAKS,CA,95628.0,38.663576,-121.225196,NANCY E NEBEKER REVOCABLE TRUST,,SAN FRANCISCO,CA,94109.0,720914.0,,720914.0,2024.0,20020117.0,0.0,SERVICE STATION,BFA00A,2041.0,GAS STATION,LC,21226.0,SF,2079.0,1998.0,2079.0,1,,,,,,,20020117.0,,UNINCORPORATED COUNTY,617700278356672511,Tier 2: Zero Improvement,occupied_structure_missing_improvement_data
23502010090000,235-0201-009-0000,5201 TUCSON CIR,FAIR OAKS,CA,95628.0,38.660569,-121.224945,ECOBOAEA VICTOR & NICOLETA,,FAIR OAKS,CA,95628.0,,,,2024.0,,0.0,RES/SINGLE FAMILY/SUBDIVISION,A1A00A,1001.0,SINGLE FAMILY RESIDENTIAL,RD-5,10454.0,SF,987.0,1956.0,987.0,1,,3.0,,,,,20240412.0,,UNINCORPORATED COUNTY,617700278367944703,Tier 2: Zero Improvement,occupied_structure_missing_improvement_data
24600800070000,246-0080-007-0000,8572 SUNSET AVE,FAIR OAKS,CA,95628.0,38.652151,-121.240672,BENVENUTI DANIEL JR,,CARMICHAEL,CA,95608.0,1697932.0,,1697932.0,2024.0,,0.0,RES/SINGLE FAMILY/RURAL HOME(OVER 5 AC),A1E00B,1008.0,RURAL/AGRICULTURAL RESIDENCE,RD-2,9.2399998,AC,1618.0,1955.0,1618.0,1,,4.0,,,,,20210526.0,1600000.0,UNINCORPORATED COUNTY,617700322132099071,Tier 2: Zero Improvement,occupied_structure_missing_improvement_data
23502110010000,235-0211-001-0000,5046 HAZEL AVE,FAIR OAKS,CA,95628.0,38.658455,-121.225375,COUNTY OF SACRAMENTO,,SACRAMENTO,CA,95827.0,,,,2024.0,20100615.0,0.0,RES/SINGLE FAMILY/SUBDIVISION,A1A00A,1001.0,SINGLE FAMILY RESIDENTIAL,RD-5,10454.0,SF,1008.0,1959.0,1008.0,1,,3.0,,,,,20030606.0,79000.0,UNINCORPORATED COUNTY,617700278364012543,Tier 2: Zero Improvement,occupied_structure_missing_improvement_data
23506600770000,235-0660-077-0000,MADISON AVE,FAIR OAKS,CA,95628.0,38.66378,-121.220737,FAIR OAKS RECREATION & PARK DISTRICT,,FAIR OAKS,CA,95628.0,,,,2024.0,19940921.0,0.0,"MISC, UNUSABLE-SMALL",MSMALA,8009.0,"WASTE LAND, MARSH, SWAMP, SUBMERGED-VACANT LAND",RD-5,2178.0,SF,,,,,,,,,,,,,UNINCORPORATED COUNTY,617700278360604671,Tier 2: Zero Improvement,public_park_or_recreation_agency
23506600780000,235-0660-078-0000,MADISON AVE,FAIR OAKS,CA,95628.0,38.66378,-121.218218,FAIR OAKS RECREATION & PARK DISTRICT,,FAIR OAKS,CA,95628.0,,,,2024.0,19940921.0,0.0,"MISC, UNUSABLE-SMALL",MSMALA,8009.0,"WASTE LAND, MARSH, SWAMP, SUBMERGED-VACANT LAND",RD-5 RD-4,29185.0,SF,,,,,,,,,,,19940921.0,,UNINCORPORATED COUNTY,617700278360342527,Tier 2: Zero Improvement,public_park_or_recreation_agency
23501800150000,235-0180-015-0000,PHOENIX AVE,FAIR OAKS,CA,95628.0,38.660956,-121.218852,FAIR OAKS RECREATION & PARK DISTRICT,,FAIR OAKS,CA,95628.0,,,,2024.0,19890629.0,0.0,RES/SINGLE FAMILY/SUBDIVISION,A1A00A,1001.0,SINGLE FAMILY RESIDENTIAL,RD-3,41382.0,SF,,,,,,,,,,,19981105.0,,UNINCORPORATED COUNTY,617700278368468991,Tier 2: Zero Improvement,public_park_or_recreation_agency
24803400870000,248-0340-087-0000,SUNSET AVE,FAIR OAKS,CA,95628.0,38.653371,-121.220581,FAIR OAKS RECREATION & PARK DISTRICT,,FAIR OAKS,CA,95628.0,,,,2024.0,19930426.0,0.0,"MISC, UNUSABLE-SMALL",MSMALA,8009.0,"WASTE LAND, MARSH, SWAMP, SUBMERGED-VACANT LAND",RD-4 RD-5,7596.0,SF,,,,,,,,,,,,,UNINCORPORATED COUNTY,617700310137962495,Tier 2: Zero Improvement,public_park_or_recreation_agency
24803400880000,248-0340-088-0000,SUNSET AVE,FAIR OAKS,CA,95628.0,38.653388,-121.219283,FAIR OAKS RECREATION & PARK DISTRICT,,FAIR OAKS,CA,95628.0,,,,2024.0,19930426.0,0.0,"MISC, UNUSABLE-SMALL",MSMALA,8009.0,"WASTE LAND, MARSH, SWAMP, SUBMERGED-VACANT LAND",RD-4,1959.0,SF,,,,,,,,,,,,,UNINCORPORATED COUNTY,617700310137962495,Tier 2: Zero Improvement,public_park_or_recreation_agency
24803500490000,248-0350-049-0000,SUNSET AVE,FAIR OAKS,CA,95628.0,38.653394,-121.218424,FAIR OAKS RECREATION & PARK DISTRICT,,FAIR OAKS,CA,95628.0,9.0,,9.0,2024.0,19990621.0,0.0,"MISC, UNUSABLE-SMALL",MSMALA,8009.0,"WASTE LAND, MARSH, SWAMP, SUBMERGED-VACANT LAND",RD-3,5315.0,SF,,,,,,,,,,,,,UNINCORPORATED COUNTY,617700310137962495,Tier 2: Zero Improvement,public_park_or_recreation_agency
24803500560000,248-0350-056-0000,SUNSET AVE,FAIR OAKS,CA,95628.0,38.656044,-121.216508,FAIR OAKS RECREATION & PARK DISTRICT,,,,,2.0,,2.0,2024.0,,0.0,"MISC, UNUSABLE-SMALL",MSMALA,8009.0,"WASTE LAND, MARSH, SWAMP, SUBMERGED-VACANT LAND",RD-3,0.0,,,,,,,,,,,,,,UNINCORPORATED COUNTY,617700278369255423,Tier 2: Zero Improvement,public_park_or_recreation_agency
24803500550000,248-0350-055-0000,SUNSET AVE,FAIR OAKS,CA,95628.0,38.653681,-121.21714,FAIR OAKS RECREATION & PARK DISTRICT,,,,,4.0,,4.0,2024.0,,0.0,VACANT RESIDENTIAL UNDER 2 AC,IAEAEA,8001.0,RESIDENTIAL-VACANT LAND,RD-3,0.0,,,,,,,,,,,,,,UNINCORPORATED COUNTY,617700278349070335,Tier 1: Coded Vacant,public_park_or_recreation_agency
23504400250000,235-0440-025-0000,WINDING OAK DR,FAIR OAKS,CA,95628.0,38.658223,-121.204498,ORANGEVALE RECREATION & PARK DISTRICT,,ORANGEVALE,CA,95662.0,,,,2024.0,19851127.0,0.0,"MISC, UNUSABLE-SMALL",MSMALA,8009.0,"WASTE LAND, MARSH, SWAMP, SUBMERGED-VACANT LAND",O (PC),6.9200001,AC,,,,,,,,,,,,,UNINCORPORATED COUNTY,617700278341992447,Tier 2: Zero Improvement,public_park_or_recreation_agency
24204600200000,242-0460-020-0000,7780 OLIVE ST,FAIR OAKS,CA,95628.0,38.649317,-121.27938,FAIR OAKS CEMETERY,,FAIR OAKS,CA,95628.0,,,,2024.0,19650302.0,0.0,CEMETERY,DFC00A,9108.0,CEMETERY (EXEMPT),RD-2,7.3400002,AC,5707.0,1993.0,5707.0,1,,,,,,,19940118.0,302500.0,UNINCORPORATED COUNTY,617700322035630079,Tier 2: Zero Improvement,occupied_structure_missing_improvement_data
24200810120000,242-0081-012-0000,OLIVE ST,FAIR OAKS,CA,95628.0,38.650369,-121.278919,FAIR OAKS CEMETERY,,FAIR OAKS,CA,95628.0,,,,2024.0,19650302.0,0.0,CEMETERY,DFC002,9108.0,CEMETERY (EXEMPT),RD-5,1.86,AC,,,,,,,,,,,19960418.0,,UNINCORPORATED COUNTY,617700322035630079,Tier 2: Zero Improvement,inherently_active_use_parking_airport_cemetery
24403700320000,244-0370-032-0000,4400 SUNRISE BLVD,FAIR OAKS,CA,95628.0,38.645078,-121.271535,ACE INVESTMENTERPRISE ENTERPRISES L P,,HOUSTON,TX,77094.0,2334657.0,,2334657.0,2024.0,,0.0,SERVICE STATION,BFA0BA,2041.0,GAS STATION,LC,19440.0,SF,1582.0,1967.0,1582.0,,,,,,,,20210430.0,2200000.0,UNINCORPORATED COUNTY,617700322100641791,Tier 2: Zero Improvement,occupied_structure_missing_improvement_data
24401740360000,244-0174-036-0000,10326 FAIR OAKS BLVD,FAIR OAKS,CA,95628.0,38.64323,-121.269076,FAIR OAKS WATER DISTRICT,,FAIR OAKS,CA,95628.0,,,,2024.0,20061221.0,0.0,GENERAL OFFICE,CAB00A,3004.0,OFFICE BLDG (MULTI-STORY),SPA,21600.0,SF,6000.0,2009.0,6000.0,2,,,,,,,20061221.0,780000.0,UNINCORPORATED COUNTY,617700322097758207,Tier 2: Zero Improvement,occupied_structure_missing_improvement_data
24401740140000,244-0174-014-0000,10340 FAIR OAKS BLVD,FAIR OAKS,CA,95628.0,38.643237,-121.268531,FAIR OAKS WATER DISTRICT,,FAIR OAKS,CA,95628.0,,,,2024.0,20100604.0,0.0,SMALL RETAIL-ONE TENANT,BAA00A,2001.0,"RETAIL STORES ( PERSONAL SERVICES, PHOTOGRAPHY, TRAVEL)",SPA,4977.0,SF,692.0,1950.0,692.0,1,,,,,,,20100604.0,220000.0,UNINCORPORATED COUNTY,617700322097758207,Tier 2: Zero Improvement,occupied_structure_missing_improvement_data
24401710200000,244-0171-020-0000,7995 CALIFORNIA AVE,FAIR OAKS,CA,95628.0,38.642218,-121.269068,FAIR OAKS RECREATION & PARK DISTRICT,,FAIR OAKS,CA,95628.0,,,,2024.0,,0.0,STORE/OFFICE COMBINATION,BBB00A,2003.0,STORE/OFFICE (MIXED USE),SPA,3465.0,SF,1465.0,1950.0,1465.0,1,,,,,,,20190820.0,,UNINCORPORATED COUNTY,617700322097758207,Tier 2: Zero Improvement,public_park_or_recreation_agency
24402110010000,244-0211-001-0000,4150 TEMESCAL ST,FAIR OAKS,CA,95628.0,38.641546,-121.268015,FAIR OAKS RECREATION & PARK DISTRICT,,FAIR OAKS,CA,95628.0,,,,2024.0,19920914.0,0.0,GENERAL OFFICE,CAA00A,3003.0,OFFICE BLDG (GENERAL),LC (NPA) R,12197.0,SF,,,,,,,,,,,,,UNINCORPORATED COUNTY,617700322097758207,Tier 2: Zero Improvement,public_park_or_recreation_agency
24401510060000,244-0151-006-0000,10644 FAIR OAKS BLVD,FAIR OAKS,CA,95628.0,38.644151,-121.264484,BIJAN BIJAN,,SACRAMENTO,CA,95816.0,416506.0,,416506.0,2024.0,,0.0,RES/SINGLE FAMILY/NON-SUBDIVISION,A1B00E,1001.0,SINGLE FAMILY RESIDENTIAL,RD-30,1.25,AC,2125.0,1936.0,2125.0,1,,3.0,,,,,20240711.0,345000.0,UNINCORPORATED COUNTY,617700322098282495,Tier 2: Zero Improvement,occupied_structure_missing_improvement_data
06900200040000,069-0020-004-0000,CITRUS RD,RANCHO CORDOVA,CA,95670.0,38.634703,-121.261768,COUNTY OF SACRAMENTO,,SACRAMENTO,CA,95827.0,,,,2024.0,19890131.0,0.0,RES/SINGLE FAMILY/NON-SUBDIVISION,A1B00B,1001.0,SINGLE FAMILY RESIDENTIAL,SPA,13939.0,SF,916.0,1932.0,916.0,1,,2.0,,,,,,,UNINCORPORATED COUNTY,617700310101000191,Tier 2: Zero Improvement,occupied_structure_missing_improvement_data
05603600080000,056-0360-008-0000,11120 MOOSE RIVER CT,RANCHO CORDOVA,CA,95670.0,38.624878,-121.272568,CORDOVA RECREATION & PARK DISTRICT,,RANCHO CORDOVA,CA,95670.0,,,,2024.0,19810116.0,0.0,VACANT RES (2-5 AC SITE),IAFDFA,8001.0,RESIDENTIAL-VACANT LAND,RD 5,4.79,AC,,,,,,,,,,,,,UNINCORPORATED COUNTY,617700322602909695,Tier 1: Coded Vacant,public_park_or_recreation_agency
00500100150000,005-0010-015-0000,5613 ELVAS AVE,SACRAMENTO,CA,95819.0,38.569242,-121.432779,SOUTHERN PACIFIC TRANSPORTATION CO,,OMAHA,NE,68179.0,,,,2024.0,19691209.0,0.0,BUILDING MATERIALS,GDAC0A,6010.0,"LUMBERYARD, BUILDING MATERIALS",C-4,2.02,AC,4000.0,1977.0,4000.0,1,,,,,,,,,CITY OF SACRAMENTO,617700319981731839,Tier 2: Zero Improvement,occupied_structure_missing_improvement_data
00800830030000,008-0083-003-0000,836 57TH ST,SACRAMENTO,CA,95819.0,38.566595,-121.4334,SENTINEL EQUITY LLC,,SACRAMENTO,CA,95819.0,177480.0,,177480.0,2024.0,,0.0,PARKING LOT,BFH00A,2036.0,PARKING LOT,C-4,10500.0,SF,3440.0,1937.0,3440.0,,,,0.0,,,,20180316.0,300000.0,CITY OF SACRAMENTO,617700319982780415,Tier 2: Zero Improvement,occupied_structure_missing_improvement_data
01000720280000,010-0072-028-0000,1919 35TH ST,SACRAMENTO,CA,95816.0,38.561009,-121.464253,MARIANNA N SAVARINO FAMILY TRUST ETAL,,GRANITE BAY,CA,95746.0,17549.0,,17549.0,2024.0,20041116.0,0.0,AUTO REPAIR GARAGE,BFC00A,2024.0,"AUTO REPAIR (& RELATED), GARAGE",C-2-R,4490.0,SF,2772.0,1971.0,2772.0,1,,,,,,,20040330.0,,CITY OF SACRAMENTO,617700319967051775,Tier 2: Zero Improvement,occupied_structure_missing_improvement_data
01400130260000,014-0013-026-0000,2040 STOCKTON BLVD,SACRAMENTO,CA,95817.0,38.558577,-121.46201,KUMIVA GROUP LLC,,PASADENA,CA,91106.0,105975.0,,105975.0,2024.0,20080328.0,0.0,AUTO REPAIR GARAGE,BFC00A,2024.0,"AUTO REPAIR (& RELATED), GARAGE",C-2,26789.0,SF,8600.0,1978.0,8600.0,1,,,,,,,20080328.0,,CITY OF SACRAMENTO,617700319967838207,Tier 2: Zero Improvement,occupied_structure_missing_improvement_data
01400130070000,014-0013-007-0000,2050 STOCKTON BLVD,SACRAMENTO,CA,95817.0,38.558302,-121.461953,SABRA UNIVERSITY LP,,IRVINE,CA,92612.0,379274.0,,379274.0,2024.0,,0.0,SKILLED NURSING FACILITY,DB059A,9105.0,MEDICAL CLINIC,C-2,13504.0,SF,1637.0,1919.0,1637.0,1,,,,,,,20170919.0,20618000.0,CITY OF SACRAMENTO,617700319967838207,Tier 2: Zero Improvement,occupied_structure_missing_improvement_data
00803410440000,008-0341-044-0000,4921 FOLSOM BLVD,SACRAMENTO,CA,95819.0,38.561609,-121.444939,HOUSING AUTHORITY OF THE CITY OF SACRAMENTO,,SACRAMENTO,CA,95814.0,,,,2024.0,19910701.0,0.0,MULTI/LOW RISE APARTMENT/1-3 STY,AE010D,1112.0,APARTMENTS (GENERIC),R-2A,31625.0,SF,12175.0,1995.0,12175.0,,,,,,,,20200720.0,1540000.0,CITY OF SACRAMENTO,617700319888670719,Tier 2: Zero Improvement,occupied_structure_missing_improvement_data
01400630040000,014-0063-004-0000,4116 SHERMAN WAY,SACRAMENTO,CA,95817.0,38.554198,-121.458034,REGENTS OF THE UNIVERSITY OF CALIFORNIA,,OAKLAND,CA,94607.0,,,,2024.0,19980601.0,0.0,PARKING LOT,BFH00A,2036.0,PARKING LOT,R-1,4792.0,SF,987.0,1915.0,987.0,,,,,,,,19980601.0,,CITY OF SACRAMENTO,617700319949225983,Tier 2: Zero Improvement,occupied_structure_missing_improvement_data
01400630290000,014-0063-029-0000,2300 STOCKTON BLVD,SACRAMENTO,CA,95817.0,38.554176,-121.457738,REGENTS OF THE UNIVERSITY OF CALIFORNIA,,OAKLAND,CA,94607.0,,,,2024.0,19980601.0,0.0,STORE/OFFICE COMBINATION,BBB00A,2003.0,STORE/OFFICE (MIXED USE),C-2,15030.0,SF,1507.0,1920.0,1507.0,,,,,,,,,,CITY OF SACRAMENTO,617700319949225983,Tier 2: Zero Improvement,occupied_structure_missing_improvement_data
01400630080000,014-0063-008-0000,2332 42ND ST,SACRAMENTO,CA,95817.0,38.553977,-121.457756,REGENTS OF THE UNIVERSITY OF CALIFORNIA,,OAKLAND,CA,94607.0,,,,2024.0,19981006.0,0.0,MULTI/COURT APTS/MORE THAN 4 UNITS,AG005A,1106.0,"GARDEN APT, COURT APT (5+ UNITS)",R-1,7405.0,SF,2295.0,1947.0,2295.0,1,,5.0,,,,,19981006.0,,CITY OF SACRAMENTO,617700319949225983,Tier 2: Zero Improvement,occupied_structure_missing_improvement_data
01101830050000,011-0183-005-0000,4340 Y ST,SACRAMENTO,CA,95817.0,38.552251,-121.454976,SHRINERS HOSPITALS FOR CRIPPLED CHILDREN,,SACRAMENTO,CA,95817.0,335502.0,,335502.0,2024.0,19960301.0,0.0,"HOSPITAL, ACUTE CARE",DA000A,9104.0,HOSPITAL-PRIVATE,H,7405.0,SF,1150.0,1927.0,1150.0,1,,,,,,,19940630.0,,CITY OF SACRAMENTO,617700319948963839,Tier 2: Zero Improvement,occupied_structure_missing_improvement_data
01401210010000,014-0121-001-0000,2700 STOCKTON BLVD,SACRAMENTO,CA,95817.0,38.55074,-121.455911,REGENTS OF THE UNIVERSITY OF CA,,OAKLAND,CA,94607.0,,,,2024.0,,0.0,MEDICAL/DENTAL OFFICES,CGB00A,3006.0,MEDICAL BLDG/CLINIC,C-2-SPD,1.16,AC,39854.0,2005.0,39854.0,2,,,,,,,20200908.0,13950000.0,CITY OF SACRAMENTO,617700319957090303,Tier 2: Zero Improvement,occupied_structure_missing_improvement_data
00801220110000,008-0122-011-0000,5609 J ST,SACRAMENTO,CA,95819.0,38.564826,-121.434213,CHIPPS BRADLEY E,,ROSEVILLE,CA,95661.0,220507.0,11604.0,232111.0,2024.0,,0.0,PARKING LOT,BFH00A,2036.0,PARKING LOT,C-2,7961.0,SF,2097.0,1940.0,2097.0,,,,,,,,20190117.0,,CITY OF SACRAMENTO,617700319982780415,Tier 3: Parking/Abandoned,occupied_structure_missing_improvement_data
00800100240000,008-0010-024-0000,6100 FOLSOM BLVD,SACRAMENTO,CA,95819.0,38.554777,-121.432005,SACRAMENTO MUNICIPAL UTILITY DISTRICT,,SACRAMENTO,CA,95852.0,,,,2024.0,19890314.0,0.0,LIGHT INDUSTRIAL,GAGC0A,5002.0,LIGHT INDUSTRIAL (10% IMPROVED OFFICE SPACE; MACHINE SHOP),C-2-TO M-1,9.54,AC,50654.0,1950.0,50654.0,,,,,,,,,,CITY OF SACRAMENTO,617700319990906879,Tier 2: Zero Improvement,occupied_structure_missing_improvement_data
01100820330000,011-0082-033-0000,1800 61ST ST,SACRAMENTO,CA,95817.0,38.553885,-121.434357,SACRAMENTO MUNICIPAL UTILITY DISTRICT,,SACRAMENTO,CA,95852.0,,,,2024.0,,0.0,LIGHT IND-FABRICATION,GABC0A,5001.0,MANUFACTURING (LIGHT),C-4,2.21,AC,63269.0,1950.0,63269.0,1,,,,,,,20160504.0,1500000.0,CITY OF SACRAMENTO,617700319950798847,Tier 2: Zero Improvement,occupied_structure_missing_improvement_data
00803210130000,008-0321-013-0000,6525 ELVAS AVE,SACRAMENTO,CA,95819.0,38.555829,-121.426067,MC MURRY ALAN J JR,,YREKA,CA,96097.0,51648.0,,51648.0,2024.0,19980121.0,0.0,DISTRIBUTUION & WAREHOUSES,GCKC0A,6002.0,DISTRIBUTION WAREHOUSE (REGIONAL),C-2-TO,5996.0,SF,4160.0,1957.0,4160.0,1,,,,,,,19980121.0,127000.0,CITY OF SACRAMENTO,617700319988547583,Tier 2: Zero Improvement,occupied_structure_missing_improvement_data
01102610380000,011-0261-038-0000,1906 65TH ST,SACRAMENTO,CA,95817.0,38.551445,-121.428232,HARPER FAMILY TRUST,,HOUSTON,TX,77001.0,129772.0,,129772.0,2024.0,20080723.0,0.0,SERVICE STATION,BFA00A,2041.0,GAS STATION,C-2,13460.0,SF,1996.0,2001.0,1996.0,1,,,,,,,20080723.0,,CITY OF SACRAMENTO,617700319989071871,Tier 2: Zero Improvement,occupied_structure_missing_improvement_data
29402400020000,294-0240-002-0000,2100 NORTHROP AVE # 200,SACRAMENTO,CA,95825.0,38.581433,-121.417231,LOS RIOS COMMUNITY COLLEGE DISTRICT,,SACRAMENTO,CA,95825.0,,,,2024.0,20011214.0,0.0,"OFFICE, GENERAL",CAY00A,3003.0,OFFICE BLDG (GENERAL),BP (PC),4356.0,SF,3064.0,1983.0,3064.0,1,,,,,,,20011214.0,400000.0,UNINCORPORATED COUNTY,617700319925633023,Tier 2: Zero Improvement,occupied_structure_missing_improvement_data
29402400140000,294-0240-014-0000,2100 NORTHROP AVE,SACRAMENTO,CA,95825.0,38.58143,-121.41692,LOS RIO COMMUNITY COLLEGE DISTRICT,,SACRAMENTO,CA,95825.0,,,,2024.0,20060901.0,0.0,"OFFICE, GENERAL",CAY00A,3003.0,OFFICE BLDG (GENERAL),BP (PC),6098.0,SF,4246.0,1983.0,4246.0,1,,,,,,,20060901.0,,UNINCORPORATED COUNTY,617700319925633023,Tier 2: Zero Improvement,occupied_structure_missing_improvement_data
29402400170000,294-0240-017-0000,2100 NORTHROP AVE,SACRAMENTO,CA,95825.0,38.581,-121.416767,LOS RIOS COMMUNITY COLLEGE DISTRICT,,SACRAMENTO,CA,95825.0,,,,2024.0,20030505.0,0.0,"OFFICE, GENERAL",CAY00A,3003.0,OFFICE BLDG (GENERAL),BP (PC),3049.0,SF,2130.0,1983.0,2130.0,1,,,0.0,,,,20030505.0,395000.0,UNINCORPORATED COUNTY,617700319925633023,Tier 2: Zero Improvement,occupied_structure_missing_improvement_data
29401070160000,294-0107-016-0000,3424 COSMOS AVE,SACRAMENTO,CA,95864.0,38.574966,-121.385181,JAMES AND CHRISTINE WOO REVOCABLE LIVING TRUST,,SACRAMENTO,CA,95864.0,1000000.0,,1000000.0,2024.0,,0.0,RES/SINGLE FAMILY/SUBDIVISION,A1A00A,1001.0,SINGLE FAMILY RESIDENTIAL,RE-2 (NPA),33700.0,SF,1753.0,1948.0,1753.0,1,,3.0,,,,,20240109.0,1000000.0,UNINCORPORATED COUNTY,617700322384281599,Tier 2: Zero Improvement,occupied_structure_missing_improvement_data
15000110800000,150-0011-080-0000,140 ENTERPRISE CT,GALT,CA,95632.0,38.268586,-121.311555,CITY OF GALT,,GALT,CA,95632.0,,,,2024.0,,0.0,DISTRIBUTUION & WAREHOUSES,GCGA0A,6002.0,DISTRIBUTION WAREHOUSE (REGIONAL),LM,3.78,AC,50400.0,2003.0,50400.0,1,,,,,,,20200115.0,3700000.0,UNINCORPORATED COUNTY,617700312992710655,Tier 2: Zero Improvement,occupied_structure_missing_improvement_data
15008000530000,150-0800-053-0000,614 PRITCHARD CT,GALT,CA,95632.0,38.269124,-121.293792,GAFFORD JACKSON & CASSANDRA GOMEZ,,GALT,CA,95632.0,89398.0,,89398.0,2024.0,,0.0,RES/SINGLE FAMILY/SUBDIVISION,A1A00A,1001.0,SINGLE FAMILY RESIDENTIAL,R1C,0.0,,1825.0,2023.0,1825.0,1.0,,3.0,,,,,20240103.0,591000.0,UNINCORPORATED COUNTY,617700312977768447,Tier 2: Zero Improvement,occupied_structure_missing_improvement_data
15001820070000,150-0182-007-0000,208 A ST,GALT,CA,95632.0,38.254487,-121.309086,COSUMNES COMMUNITY SERVICES DISTRICT,,SACRAMENTO,CA,95814.0,,,,2024.0,20061113.0,0.0,RES/SINGLE FAMILY/NON-SUBDIVISION,A1B00A,1001.0,SINGLE FAMILY RESIDENTIAL,PQ,9300.0,SF,1016.0,1945.0,1016.0,1,,2.0,,,,,,,UNINCORPORATED COUNTY,617700559508996095,Tier 2: Zero Improvement,occupied_structure_missing_improvement_data
15001850120000,150-0185-012-0000,169 4TH ST,GALT,CA,95632.0,38.253619,-121.305777,CITY OF GALT,,GALT,CA,95632.0,,,,2024.0,,0.0,LIGHT IND-PROCESSING,GAAC0A,5002.0,LIGHT INDUSTRIAL (10% IMPROVED OFFICE SPACE; MACHINE SHOP),DC,5800.0,SF,2672.0,1997.0,2672.0,1,,,,,,,20120830.0,,UNINCORPORATED COUNTY,617700559508733951,Tier 2: Zero Improvement,occupied_structure_missing_improvement_data
15001850110000,150-0185-011-0000,407 B ST,GALT,CA,95632.0,38.253674,-121.305538,CITY OF GALT,,GALT,CA,95632.0,,,,2024.0,,0.0,RES/SINGLE FAMILY/NON-SUBDIVISION,A1B00A,1001.0,SINGLE FAMILY RESIDENTIAL,DC,5800.0,SF,728.0,1945.0,728.0,1,,1.0,,,,,20120830.0,,UNINCORPORATED COUNTY,617700559508733951,Tier 2: Zero Improvement,occupied_structure_missing_improvement_data
15002130050000,150-0213-005-0000,560 B ST,GALT,CA,95632.0,38.253615,-121.303572,GALT UNITED METHODIST CHURCH,,GALT,CA,95632.0,45072.0,,45072.0,2024.0,19891102.0,0.0,RES/SINGLE FAMILY/SUBDIVISION,A1A00A,1001.0,SINGLE FAMILY RESIDENTIAL,DMU,5796.0,SF,867.0,1910.0,867.0,1,,2.0,,,,,,,UNINCORPORATED COUNTY,617700559520530431,Tier 2: Zero Improvement,occupied_structure_missing_improvement_data
15002130060000,150-0213-006-0000,568 B ST,GALT,CA,95632.0,38.253652,-121.303411,GALT UNITED METHODIST CHURCH,,GALT,CA,95632.0,24373.0,,24373.0,2024.0,19871221.0,0.0,RES/SINGLE FAMILY/SUBDIVISION,A1A00A,1001.0,SINGLE FAMILY RESIDENTIAL,DMU,5796.0,SF,1068.0,1930.0,1068.0,1,,2.0,,,,,,,UNINCORPORATED COUNTY,617700559520530431,Tier 2: Zero Improvement,occupied_structure_missing_improvement_data
15002130120000,150-0213-012-0000,521 C ST,GALT,CA,95632.0,38.252913,-121.303893,NEWELL CHRISTEN B & RHEA,,GALT,CA,95632.0,14187.0,,14187.0,2024.0,20030520.0,0.0,LIGHT IND-PROCESSING,GAAC0A,5002.0,LIGHT INDUSTRIAL (10% IMPROVED OFFICE SPACE; MACHINE SHOP),DC,2178.0,SF,448.0,1920.0,448.0,1,,,0.0,,,,20030520.0,120000.0,UNINCORPORATED COUNTY,617700559520530431,Tier 2: Zero Improvement,occupied_structure_missing_improvement_data
15002110020000,150-0211-002-0000,416 B ST,GALT,CA,95632.0,38.253277,-121.3051,CITY OF GALT,,GALT,CA,95632.0,,,,2024.0,,0.0,RES/TWO FAMILY/DUPLEX,A2B00H,1101.0,"DUPLEX (2 UNITS, ANY COMBINATION)",DMU,3300.0,SF,1860.0,1900.0,1860.0,1,,5.0,,,,,20120831.0,,UNINCORPORATED COUNTY,617700559508733951,Tier 2: Zero Improvement,occupied_structure_missing_improvement_data
15002530010000,150-0253-001-0000,405 5TH ST,GALT,CA,95632.0,38.251426,-121.303383,CITY OF GALT,,GALT,CA,95632.0,,,,2024.0,20100823.0,0.0,FRATERNAL CLUB,FGA00A,4007.0,"CLUBS, LODGES, PROFESSIONAL ASSOCIATIONS",R2 PQ,11761.0,SF,2400.0,1943.0,2400.0,1,,,,,,,20100823.0,40000.0,UNINCORPORATED COUNTY,617700559520530431,Tier 2: Zero Improvement,occupied_structure_missing_improvement_data
15002180030000,150-0218-003-0000,7TH ST,GALT,CA,95632.0,38.252774,-121.301131,TAPIA FAMILY 2022 REVOCABLE TRUST,,HERALD,CA,95638.0,10.0,,10.0,2024.0,,0.0,SMALL RETAIL-ONE TENANT,BAA00A,2001.0,"RETAIL STORES ( PERSONAL SERVICES, PHOTOGRAPHY, TRAVEL)",DC,1482.0,SF,1121.0,1968.0,1121.0,1,,,,,,,20220412.0,,UNINCORPORATED COUNTY,617700559521054719,Tier 2: Zero Improvement,occupied_structure_missing_improvement_data
15000920050000,150-0092-005-0000,433 CRYSTAL WAY,GALT,CA,95632.0,38.250209,-121.289845,CALSTONE HOLDINGS LLC & LEE & ROBERTA HOFFMAN TRUST,,GILROY,CA,95020.0,105072.0,,105072.0,2024.0,20060830.0,0.0,LIGHT IND-FABRICATION,GABC0A,5001.0,MANUFACTURING (LIGHT),LM,1.24,AC,3346.0,1946.0,3346.0,1,,,,,,,20060830.0,750000.0,UNINCORPORATED COUNTY,617700559494053887,Tier 2: Zero Improvement,occupied_structure_missing_improvement_data
15008400360000,150-0840-036-0000,821 4TH ST,GALT,CA,95632.0,38.246514,-121.303181,BERNARDO PACIFICO II & MALINA G,,GALT,CA,95632.0,97385.0,,97385.0,2024.0,,0.0,RES/SINGLE FAMILY/SUBDIVISION,A1A00A,1001.0,SINGLE FAMILY RESIDENTIAL,R1C,0.0,,2119.0,,2119.0,2,,4.0,,,,,20240118.0,660500.0,UNINCORPORATED COUNTY,617700559464431615,Tier 2: Zero Improvement,occupied_structure_missing_improvement_data
15008400600000,150-0840-060-0000,844 J ST,GALT,CA,95632.0,38.245689,-121.302905,RICHMOND AMERICAN HOMES OF MARYLAND INCORPORATED,,ROSEVILLE,CA,95661.0,97385.0,,97385.0,2024.0,,0.0,RES/SINGLE FAMILY/SUBDIVISION,A1A00A,1001.0,SINGLE FAMILY RESIDENTIAL,R1C,0.0,,2369.0,,2369.0,2,,3.0,,,,,,,UNINCORPORATED COUNTY,617700559464431615,Tier 2: Zero Improvement,occupied_structure_missing_improvement_data
15008400450000,150-0840-045-0000,869 J ST,GALT,CA,95632.0,38.246194,-121.30177,RICHMOND AMERICAN HOMES OF MARYLAND INCORPORATED,,ROSEVILLE,CA,95661.0,97385.0,,97385.0,2024.0,,0.0,RES/SINGLE FAMILY/SUBDIVISION,A1A00A,1001.0,SINGLE FAMILY RESIDENTIAL,R1C,0.0,,2369.0,,2369.0,2,,3.0,3.0,,,,20241031.0,620000.0,UNINCORPORATED COUNTY,617700559464431615,Tier 2: Zero Improvement,occupied_structure_missing_improvement_data
15008400440000,150-0840-044-0000,865 J ST,GALT,CA,95632.0,38.246192,-121.301963,RICHMOND AMERICAN HOMES OF MARYLAND INCORPORATED,,ROSEVILLE,CA,95661.0,97385.0,,97385.0,2024.0,,0.0,RES/SINGLE FAMILY/SUBDIVISION,A1A00A,1001.0,SINGLE FAMILY RESIDENTIAL,R1C,0.0,,1870.0,,1870.0,2,,3.0,,,,,20240828.0,587500.0,UNINCORPORATED COUNTY,617700559464431615,Tier 2: Zero Improvement,occupied_structure_missing_improvement_data
15008400460000,150-0840-046-0000,873 J ST,GALT,CA,95632.0,38.2462,-121.301579,RICHMOND AMERICAN HOMES OF MARYLAND INCORPORATED,,ROSEVILLE,CA,95661.0,97385.0,,97385.0,2024.0,,0.0,RES/SINGLE FAMILY/SUBDIVISION,A1A00A,1001.0,SINGLE FAMILY RESIDENTIAL,R1C,0.0,,1870.0,,1870.0,2,,4.0,,,,,,,UNINCORPORATED COUNTY,617700559464431615,Tier 2: Zero Improvement,occupied_structure_missing_improvement_data
15008400550000,150-0840-055-0000,864 J ST,GALT,CA,95632.0,38.245782,-121.301943,RICHMOND AMERICAN HOMES OF MARYLAND INCORPORATED,,ROSEVILLE,CA,95661.0,97385.0,,97385.0,2024.0,,0.0,RES/SINGLE FAMILY/SUBDIVISION,A1A00A,1001.0,SINGLE FAMILY RESIDENTIAL,R1C,0.0,,2369.0,,2369.0,2,,3.0,,,,,20241002.0,598500.0,UNINCORPORATED COUNTY,617700559464431615,Tier 2: Zero Improvement,occupied_structure_missing_improvement_data
15008400540000,150-0840-054-0000,868 J ST,GALT,CA,95632.0,38.245788,-121.301751,RICHMOND AMERICAN HOMES OF MARYLAND INCORPORATED,,ROSEVILLE,CA,95661.0,97385.0,,97385.0,2024.0,,0.0,RES/SINGLE FAMILY/SUBDIVISION,A1A00A,1001.0,SINGLE FAMILY RESIDENTIAL,R1C,0.0,,1870.0,,1870.0,2,,4.0,,,,,,,UNINCORPORATED COUNTY,617700559464431615,Tier 2: Zero Improvement,occupied_structure_missing_improvement_data
15008400480000,150-0840-048-0000,881 J ST,GALT,CA,95632.0,38.246211,-121.301196,RICHMOND AMERICAN HOMES OF MARYLAND INCORPORATED,,ROSEVILLE,CA,95661.0,97385.0,,97385.0,2024.0,,0.0,RES/SINGLE FAMILY/SUBDIVISION,A1A00A,1001.0,SINGLE FAMILY RESIDENTIAL,R1C,0.0,,2369.0,,2369.0,2,,3.0,,,,,,,UNINCORPORATED COUNTY,617700559464431615,Tier 2: Zero Improvement,occupied_structure_missing_improvement_data
15008400490000,150-0840-049-0000,885 J ST,GALT,CA,95632.0,38.246218,-121.300984,RICHMOND AMERICAN HOMES OF MARYLAND INCORPORATED,,ROSEVILLE,CA,95661.0,97385.0,,97385.0,2024.0,,0.0,RES/SINGLE FAMILY/SUBDIVISION,A1A00A,1001.0,SINGLE FAMILY RESIDENTIAL,R1C,0.0,,1870.0,,1870.0,2,,4.0,,,,,,,UNINCORPORATED COUNTY,617700559464431615,Tier 2: Zero Improvement,occupied_structure_missing_improvement_data
15008400500000,150-0840-050-0000,884 J ST,GALT,CA,95632.0,38.24581,-121.300965,RICHMOND AMERICAN HOMES OF MARYLAND INCORPORATED,,ROSEVILLE,CA,95661.0,97385.0,,97385.0,2024.0,,0.0,RES/SINGLE FAMILY/SUBDIVISION,A1A00A,1001.0,SINGLE FAMILY RESIDENTIAL,R1C,0.0,,2369.0,,2369.0,2,,4.0,,,,,,,UNINCORPORATED COUNTY,617700559464431615,Tier 2: Zero Improvement,occupied_structure_missing_improvement_data
15008300070000,150-0830-007-0000,661 CARDOSO DAIRY DR,GALT,CA,95632.0,38.239952,-121.306741,RICHMOND AMERICAN HOMES OF MARYLAND INC,,ROSEVILLE,CA,95661.0,109977.0,,109977.0,2024.0,,0.0,RES/SINGLE FAMILY/SUBDIVISION,A1A00A,1001.0,SINGLE FAMILY RESIDENTIAL,R1A,0.0,,2082.0,,2082.0,1,,3.0,,,,,20240717.0,600000.0,UNINCORPORATED COUNTY,617700559464955903,Tier 2: Zero Improvement,occupied_structure_missing_improvement_data
15008300090000,150-0830-009-0000,669 CARDOSO DAIRY DR,GALT,CA,95632.0,38.239952,-121.306286,RICHMOND AMERICAN HOMES OF MARYLAND INC,,ROSEVILLE,CA,95661.0,109977.0,,109977.0,2024.0,,0.0,RES/SINGLE FAMILY/SUBDIVISION,A1A00A,1001.0,SINGLE FAMILY RESIDENTIAL,R1A,0.0,,1392.0,,1392.0,1,,2.0,,,,,20240705.0,508000.0,UNINCORPORATED COUNTY,617700559464955903,Tier 2: Zero Improvement,occupied_structure_missing_improvement_data
15008300080000,150-0830-008-0000,665 CARDOSO DAIRY DR,GALT,CA,95632.0,38.239952,-121.306512,RICHMOND AMERICAN HOMES OF MARYLAND INC,,ROSEVILLE,CA,95661.0,109977.0,,109977.0,2024.0,,0.0,RES/SINGLE FAMILY/SUBDIVISION,A1A00A,1001.0,SINGLE FAMILY RESIDENTIAL,R1A,0.0,,1744.0,,1744.0,1,,3.0,,,,,20240620.0,575500.0,UNINCORPORATED COUNTY,617700559464955903,Tier 2: Zero Improvement,occupied_structure_missing_improvement_data
15008300100000,150-0830-010-0000,673 CARDOSO DAIRY DR,GALT,CA,95632.0,38.239953,-121.30606,RICHMOND AMERICAN HOMES OF MARYLAND INC,,ROSEVILLE,CA,95661.0,109977.0,,109977.0,2024.0,,0.0,RES/SINGLE FAMILY/SUBDIVISION,A1A00A,1001.0,SINGLE FAMILY RESIDENTIAL,R1A,0.0,,1744.0,,1744.0,1,,3.0,,,,,,,UNINCORPORATED COUNTY,617700559464955903,Tier 2: Zero Improvement,occupied_structure_missing_improvement_data
15008300110000,150-0830-011-0000,677 CARDOSO DAIRY DR,GALT,CA,95632.0,38.239954,-121.305821,RICHMOND AMERICAN HOMES OF MARYLAND INC,,ROSEVILLE,CA,95661.0,211977.0,,211977.0,2024.0,,0.0,RES/SINGLE FAMILY/SUBDIVISION,A1A00A,1001.0,SINGLE FAMILY RESIDENTIAL,R1A,0.0,,2652.0,,2652.0,2,,3.0,,,,,,,UNINCORPORATED COUNTY,617700559464955903,Tier 2: Zero Improvement,occupied_structure_missing_improvement_data
15008300060000,150-0830-006-0000,1108 CHLOE CT,GALT,CA,95632.0,38.239574,-121.306678,RICHMOND AMERICAN HOMES OF MARYLAND INC,,ROSEVILLE,CA,95661.0,109977.0,,109977.0,2024.0,,0.0,RES/SINGLE FAMILY/SUBDIVISION,A1A00A,1001.0,SINGLE FAMILY RESIDENTIAL,R1A,0.0,,2652.0,,2652.0,2,,3.0,,,,,20240618.0,,UNINCORPORATED COUNTY,617700559464955903,Tier 2: Zero Improvement,occupied_structure_missing_improvement_data
15008300870000,150-0830-087-0000,670 CARDOSO DAIRY DR,GALT,CA,95632.0,38.239545,-121.306207,RICHMOND AMERICAN HOMES OF MARYLAND INC,,ROSEVILLE,CA,95661.0,110066.0,,110066.0,2024.0,,0.0,RES/SINGLE FAMILY/SUBDIVISION,A1A00A,1001.0,SINGLE FAMILY RESIDENTIAL,R1A,0.0,,2652.0,,2652.0,2,,5.0,,,,,20240717.0,,UNINCORPORATED COUNTY,617700559464955903,Tier 2: Zero Improvement,occupied_structure_missing_improvement_data
15008300860000,150-0830-086-0000,674 CARDOSO DAIRY DR,GALT,CA,95632.0,38.239547,-121.305968,RICHMOND AMERICAN HOMES OF MARYLAND INC,,ROSEVILLE,CA,95661.0,109977.0,,109977.0,2024.0,,0.0,RES/SINGLE FAMILY/SUBDIVISION,A1A00A,1001.0,SINGLE FAMILY RESIDENTIAL,R1A,0.0,,1392.0,,1392.0,1,,3.0,,,,,20240710.0,,UNINCORPORATED COUNTY,617700559464955903,Tier 2: Zero Improvement,occupied_structure_missing_improvement_data
15008300850000,150-0830-085-0000,678 CARDOSO DAIRY DR,GALT,CA,95632.0,38.239547,-121.305741,RICHMOND AMERICAN HOMES OF MARYLAND INC,,ROSEVILLE,CA,95661.0,109977.0,,109977.0,2024.0,,0.0,RES/SINGLE FAMILY/SUBDIVISION,A1A00A,1001.0,SINGLE FAMILY RESIDENTIAL,R1A,0.0,,2082.0,,2082.0,1,,3.0,,,,,20240725.0,556500.0,UNINCORPORATED COUNTY,617700559464955903,Tier 2: Zero Improvement,occupied_structure_missing_improvement_data
15008300120000,150-0830-012-0000,685 CARDOSO DAIRY DR,GALT,CA,95632.0,38.239971,-121.305121,RICHMOND AMERICAN HOMES OF MARYLAND INC,,ROSEVILLE,CA,95661.0,109977.0,,109977.0,2024.0,,0.0,RES/SINGLE FAMILY/SUBDIVISION,A1A00A,1001.0,SINGLE FAMILY RESIDENTIAL,R1A,0.0,,2082.0,,2082.0,1,,3.0,,,,,,,UNINCORPORATED COUNTY,617700559464955903,Tier 2: Zero Improvement,occupied_structure_missing_improvement_data
15008300840000,150-0830-084-0000,682 CARDOSO DAIRY DR,GALT,CA,95632.0,38.239548,-121.305515,RICHMOND AMERICAN HOMES OF MARYLAND INC,,ROSEVILLE,CA,95661.0,109977.0,,109977.0,2024.0,,0.0,RES/SINGLE FAMILY/SUBDIVISION,A1A00A,1001.0,SINGLE FAMILY RESIDENTIAL,R1A,0.0,,1744.0,,1744.0,1,,3.0,,,,,20240725.0,560500.0,UNINCORPORATED COUNTY,617700559464955903,Tier 2: Zero Improvement,occupied_structure_missing_improvement_data
15008300800000,150-0830-080-0000,698 CARDOSO DAIRY DR,GALT,CA,95632.0,38.239551,-121.304377,RICHMOND AMERICAN HOMES OF MARYLAND INC,,ROSEVILLE,CA,95661.0,109977.0,,109977.0,2024.0,,0.0,RES/SINGLE FAMILY/SUBDIVISION,A1A00A,1001.0,SINGLE FAMILY RESIDENTIAL,R1A,0.0,,1392.0,,1392.0,1,,3.0,,,,,20240911.0,556000.0,UNINCORPORATED COUNTY,617700559464693759,Tier 2: Zero Improvement,occupied_structure_missing_improvement_data
15008300190000,150-0830-019-0000,713 CARDOSO DAIRY DR,GALT,CA,95632.0,38.23996,-121.303278,RICHMOND AMERICAN HOMES OF MARYLAND INC,,ROSEVILLE,CA,95661.0,109977.0,,109977.0,2024.0,,0.0,RES/SINGLE FAMILY/SUBDIVISION,A1A00A,1001.0,SINGLE FAMILY RESIDENTIAL,R1A,0.0,,1744.0,,1744.0,1,,3.0,,,,,20240823.0,622500.0,UNINCORPORATED COUNTY,617700559464693759,Tier 2: Zero Improvement,occupied_structure_missing_improvement_data
15008300200000,150-0830-020-0000,717 CARDOSO DAIRY DR,GALT,CA,95632.0,38.239981,-121.303024,RICHMOND AMERICAN HOMES OF MARYLAND INC,,ROSEVILLE,CA,95661.0,109977.0,,109977.0,2024.0,,0.0,RES/SINGLE FAMILY/SUBDIVISION,A1A00A,1001.0,SINGLE FAMILY RESIDENTIAL,R1A,0.0,,1392.0,,1392.0,1,,3.0,,,,,20240917.0,592500.0,UNINCORPORATED COUNTY,617700559464693759,Tier 2: Zero Improvement,occupied_structure_missing_improvement_data
15008300790000,150-0830-079-0000,702 CARDOSO DAIRY DR,GALT,CA,95632.0,38.239551,-121.304151,RICHMOND AMERICAN HOMES OF MARYLAND INC,,ROSEVILLE,CA,95661.0,109977.0,,109977.0,2024.0,,0.0,RES/SINGLE FAMILY/SUBDIVISION,A1A00A,1001.0,SINGLE FAMILY RESIDENTIAL,R1A,0.0,,1744.0,,1744.0,1,,3.0,,,,,20240927.0,576000.0,UNINCORPORATED COUNTY,617700559464693759,Tier 2: Zero Improvement,occupied_structure_missing_improvement_data
15008300780000,150-0830-078-0000,706 CARDOSO DAIRY DR,GALT,CA,95632.0,38.239552,-121.303924,RICHMOND AMERICAN HOMES OF MARYLAND INC,,ROSEVILLE,CA,95661.0,109977.0,,109977.0,2024.0,,0.0,RES/SINGLE FAMILY/SUBDIVISION,A1A00A,1001.0,SINGLE FAMILY RESIDENTIAL,R1A,0.0,,1392.0,,1392.0,1,,3.0,,,,,20240910.0,566500.0,UNINCORPORATED COUNTY,617700559464693759,Tier 2: Zero Improvement,occupied_structure_missing_improvement_data
15008300770000,150-0830-077-0000,710 CARDOSO DAIRY DR,GALT,CA,95632.0,38.239552,-121.303698,RICHMOND AMERICAN HOMES OF MARYLAND INC,,ROSEVILLE,CA,95661.0,109977.0,,109977.0,2024.0,,0.0,RES/SINGLE FAMILY/SUBDIVISION,A1A00A,1001.0,SINGLE FAMILY RESIDENTIAL,R1A,0.0,,1744.0,,1744.0,1,,3.0,,,,,20240924.0,575000.0,UNINCORPORATED COUNTY,617700559464693759,Tier 2: Zero Improvement,occupied_structure_missing_improvement_data
15008300750000,150-0830-075-0000,718 CARDOSO DAIRY DR,GALT,CA,95632.0,38.239563,-121.303204,RICHMOND AMERICAN HOMES OF MARYLAND INC,,ROSEVILLE,CA,95661.0,109977.0,,109977.0,2024.0,,0.0,RES/SINGLE FAMILY/SUBDIVISION,A1A00A,1001.0,SINGLE FAMILY RESIDENTIAL,R1A,0.0,,2652.0,,2652.0,2,,4.0,2.0,,,,20241008.0,653500.0,UNINCORPORATED COUNTY,617700559464693759,Tier 2: Zero Improvement,occupied_structure_missing_improvement_data
15008300760000,150-0830-076-0000,714 CARDOSO DAIRY DR,GALT,CA,95632.0,38.239553,-121.303472,RICHMOND AMERICAN HOMES OF MARYLAND INC,,ROSEVILLE,CA,95661.0,109977.0,,109977.0,2024.0,,0.0,RES/SINGLE FAMILY/SUBDIVISION,A1A00A,1001.0,SINGLE FAMILY RESIDENTIAL,R1A,0.0,,1392.0,,1392.0,1,,2.0,,,,,20240821.0,525500.0,UNINCORPORATED COUNTY,617700559464693759,Tier 2: Zero Improvement,occupied_structure_missing_improvement_data
15008300510000,150-0830-051-0000,696 POPCORN ST,GALT,CA,95632.0,38.238837,-121.304316,EIERMAN MATTHEW WALTER II & DESTINY RAE,,GALT,CA,95632.0,109977.0,,109977.0,2024.0,,0.0,RES/SINGLE FAMILY/SUBDIVISION,A1A00A,1001.0,SINGLE FAMILY RESIDENTIAL,R1A,0.0,,2082.0,,2082.0,1,,4.0,,,,,20240318.0,,UNINCORPORATED COUNTY,617700559464693759,Tier 2: Zero Improvement,occupied_structure_missing_improvement_data
15008300500000,150-0830-050-0000,700 POPCORN ST,GALT,CA,95632.0,38.238841,-121.304077,LOR YOU & KIA MOUA,,GALT,CA,95632.0,109977.0,,109977.0,2024.0,,0.0,RES/SINGLE FAMILY/SUBDIVISION,A1A00A,1001.0,SINGLE FAMILY RESIDENTIAL,R1A,0.0,,2652.0,,2652.0,2,,3.0,,,,,20240424.0,687500.0,UNINCORPORATED COUNTY,617700559464693759,Tier 2: Zero Improvement,occupied_structure_missing_improvement_data
15008300210000,150-0830-021-0000,721 CARDOSO DAIRY DR,GALT,CA,95632.0,38.239926,-121.302774,RICHMOND AMERICAN HOMES OF MARYLAND INC,,ROSEVILLE,CA,95661.0,109977.0,,109977.0,2024.0,,0.0,RES/SINGLE FAMILY/SUBDIVISION,A1A00A,1001.0,SINGLE FAMILY RESIDENTIAL,R1A,0.0,,2082.0,,2082.0,1,,3.0,,,,,20240813.0,642500.0,UNINCORPORATED COUNTY,617700559464693759,Tier 2: Zero Improvement,occupied_structure_missing_improvement_data
15008300220000,150-0830-022-0000,725 CARDOSO DAIRY DR,GALT,CA,95632.0,38.239703,-121.30268,RICHMOND AMERICAN HOMES OF MARYLAND INC,,ROSEVILLE,CA,95661.0,109977.0,,109977.0,2024.0,,0.0,RES/SINGLE FAMILY/SUBDIVISION,A1A00A,1001.0,SINGLE FAMILY RESIDENTIAL,R1A,0.0,,2652.0,,2652.0,2,,3.0,,,,,20240730.0,689500.0,UNINCORPORATED COUNTY,617700559464693759,Tier 2: Zero Improvement,occupied_structure_missing_improvement_data
15601300010000,156-0130-001-0000,809 W BRANNAN ISLAND RD,ISLETON,CA,95641.0,38.106415,-121.596057,RUDNICK BASIL M & ELIZABETH L,,ISLETON,CA,95641.0,66293.0,,66293.0,2024.0,19901207.0,0.0,MARINA,FE000A,4003.0,"BOAT SLIPS, MARINA, YACHT CLUB (RECREATION/PLEASURE), BOAT LANDING",SPA,9595.0,SF,120.0,1974.0,120.0,1,,,,,,,,,UNINCORPORATED COUNTY,617700157308272639,Tier 2: Zero Improvement,occupied_structure_missing_improvement_data
15008100210000,150-0810-021-0000,1044 HOGAN RD,GALT,CA,95632.0,38.254646,-121.285314,DRY CREEK OAKS LP,,GRANITE BAY,CA,95746.0,124000.0,,124000.0,2024.0,,0.0,RES/SINGLE FAMILY/SUBDIVISION,A1A00A,1001.0,SINGLE FAMILY RESIDENTIAL,R2,0.0,,1750.0,,1750.0,1,,2.0,2.0,,,,20241011.0,522500.0,UNINCORPORATED COUNTY,617700559493529599,Tier 2: Zero Improvement,occupied_structure_missing_improvement_data
15008100450000,150-0810-045-0000,1039 HOGAN RD,GALT,CA,95632.0,38.254232,-121.285465,DRY CREEK OAKS LP,,GRANITE BAY,CA,95746.0,124000.0,,124000.0,2024.0,,0.0,SINGLE FAMILY RESIDENTIAL,101,1001.0,SINGLE FAMILY RESIDENTIAL,R2,0.0,,1605.0,,1605.0,1,,2.0,,,,,20240819.0,513500.0,UNINCORPORATED COUNTY,617700559493529599,Tier 2: Zero Improvement,occupied_structure_missing_improvement_data
15008100440000,150-0810-044-0000,1043 HOGAN RD,GALT,CA,95632.0,38.254234,-121.285309,DRY CREEK OAKS LP,,GRANITE BAY,CA,95746.0,124000.0,,124000.0,2024.0,,0.0,RES/SINGLE FAMILY/SUBDIVISION,A1A00A,1001.0,SINGLE FAMILY RESIDENTIAL,R2,0.0,,1480.0,,1480.0,1,,2.0,,,,,20241002.0,484500.0,UNINCORPORATED COUNTY,617700559493529599,Tier 2: Zero Improvement,occupied_structure_missing_improvement_data
15008101200000,150-0810-120-0000,1161 NICKLAUS RD,GALT,CA,95632.0,38.252593,-121.284418,DRY CREEK OAKS LP,,GRANITE BAY,CA,95746.0,137957.0,,137957.0,2024.0,,0.0,RES/SINGLE FAMILY/SUBDIVISION,A1A00A,1001.0,SINGLE FAMILY RESIDENTIAL,R2,0.0,,1605.0,2022.0,1605.0,1,,2.0,,,,,,,UNINCORPORATED COUNTY,617700559494578175,Tier 2: Zero Improvement,occupied_structure_missing_improvement_data
15008200340000,150-0820-034-0000,921 HOGAN RD,GALT,CA,95632.0,38.251211,-121.286126,DRY CREEK OAKS LP,,GRANITE BAY,CA,95746.0,134000.0,,134000.0,2024.0,,0.0,RES/SINGLE FAMILY/SUBDIVISION,A1A00A,1001.0,SINGLE FAMILY RESIDENTIAL,R2,0.0,,1960.0,,1960.0,1,,2.0,2.0,,,,20241101.0,560500.0,UNINCORPORATED COUNTY,617700559494578175,Tier 2: Zero Improvement,occupied_structure_missing_improvement_data
15008200330000,150-0820-033-0000,925 HOGAN RD,GALT,CA,95632.0,38.251346,-121.286086,DRY CREEK OAKS LP,,GRANITE BAY,CA,95746.0,134000.0,,134000.0,2024.0,,0.0,RES/SINGLE FAMILY/SUBDIVISION,A1A00A,1001.0,SINGLE FAMILY RESIDENTIAL,R2,0.0,,1780.0,,1780.0,1,,2.0,2.0,,,,20241107.0,542000.0,UNINCORPORATED COUNTY,617700559494578175,Tier 2: Zero Improvement,occupied_structure_missing_improvement_data
15008200360000,150-0820-036-0000,913 HOGAN RD,GALT,CA,95632.0,38.250917,-121.286154,DRY CREEK OAKS LP,,GRANITE BAY,CA,95746.0,134000.0,,134000.0,2024.0,,0.0,RES/SINGLE FAMILY/SUBDIVISION,A1A00A,1001.0,SINGLE FAMILY RESIDENTIAL,R2,0.0,,1780.0,,1780.0,1,,2.0,,,,,20231229.0,6506000.0,UNINCORPORATED COUNTY,617700559494578175,Tier 2: Zero Improvement,occupied_structure_missing_improvement_data
15008200350000,150-0820-035-0000,917 HOGAN RD,GALT,CA,95632.0,38.251067,-121.286161,DRY CREEK OAKS LP,,GRANITE BAY,CA,95746.0,134000.0,,134000.0,2024.0,,0.0,RES/SINGLE FAMILY/SUBDIVISION,A1A00A,1001.0,SINGLE FAMILY RESIDENTIAL,R2,0.0,,1960.0,,1960.0,1,,2.0,2.0,,,,20241004.0,600000.0,UNINCORPORATED COUNTY,617700559494578175,Tier 2: Zero Improvement,occupied_structure_missing_improvement_data
15008200380000,150-0820-038-0000,905 HOGAN RD,GALT,CA,95632.0,38.250633,-121.286041,DRY CREEK OAKS LP,,GRANITE BAY,CA,95746.0,134000.0,,134000.0,2024.0,,0.0,RES/SINGLE FAMILY/SUBDIVISION,A1A00A,1001.0,SINGLE FAMILY RESIDENTIAL,R2,0.0,,1960.0,,1960.0,1,,2.0,,,,,20240823.0,579500.0,UNINCORPORATED COUNTY,617700559494578175,Tier 2: Zero Improvement,occupied_structure_missing_improvement_data
15008200370000,150-0820-037-0000,909 HOGAN RD,GALT,CA,95632.0,38.250771,-121.286111,DRY CREEK OAKS LP,,GRANITE BAY,CA,95746.0,134000.0,,134000.0,2024.0,,0.0,RES/SINGLE FAMILY/SUBDIVISION,A1A00A,1001.0,SINGLE FAMILY RESIDENTIAL,R2,0.0,,1780.0,,1780.0,1,,2.0,2.0,,,,20241023.0,563000.0,UNINCORPORATED COUNTY,617700559494578175,Tier 2: Zero Improvement,occupied_structure_missing_improvement_data
15008200410000,150-0820-041-0000,896 DRY CREEK RD,GALT,CA,95632.0,38.250416,-121.285652,DRY CREEK OAKS LP,,GRANITE BAY,CA,95746.0,134000.0,,134000.0,2024.0,,0.0,RES/SINGLE FAMILY/SUBDIVISION,A1A00A,1001.0,SINGLE FAMILY RESIDENTIAL,R2,0.0,,1890.0,,1890.0,1,,2.0,2.0,,,,20241025.0,540000.0,UNINCORPORATED COUNTY,617700559494578175,Tier 2: Zero Improvement,occupied_structure_missing_improvement_data
15008200390000,150-0820-039-0000,901 HOGAN RD,GALT,CA,95632.0,38.250484,-121.285939,DRY CREEK OAKS LP,,GRANITE BAY,CA,95746.0,136929.0,,136929.0,2024.0,,0.0,RES/SINGLE FAMILY/SUBDIVISION,A1A00A,1001.0,SINGLE FAMILY RESIDENTIAL,R2,0.0,,1960.0,,1960.0,1,,2.0,,,,,20240815.0,568000.0,UNINCORPORATED COUNTY,617700559494578175,Tier 2: Zero Improvement,occupied_structure_missing_improvement_data
15008200400000,150-0820-040-0000,892 DRY CREEK RD,GALT,CA,95632.0,38.250291,-121.28575,DRY CREEK OAKS LP,,GRANITE BAY,CA,95746.0,134000.0,,134000.0,2024.0,,0.0,RES/SINGLE FAMILY/SUBDIVISION,A1A00A,1001.0,SINGLE FAMILY RESIDENTIAL,R2,0.0,,1780.0,,1780.0,1,,2.0,,,,,20240828.0,527000.0,UNINCORPORATED COUNTY,617700559494578175,Tier 2: Zero Improvement,occupied_structure_missing_improvement_data
15202500420000,823-0901-154-0000,13700 CLAY STATION RD,GALT,CA,95632.0,38.259468,-121.176184,GILL JASBIR S,,LODI,CA,95241.0,,,,2024.0,19820831.0,0.0,MOBILE HOME/ON PRIVATE LAND/NOT MH PARK,ATC00A,1006.0,MOBILE/MANUFACTURED HOME (REGARDLESS OF LAND OWNERSHIP),,0.0,,600.0,1968.0,600.0,1,,2.0,,,,,,,UNINCORPORATED COUNTY,617700311112089599,Tier 2: Zero Improvement,occupied_structure_missing_improvement_data
03100700610000,031-0070-061-0000,7461 GREENHAVEN DR,SACRAMENTO,CA,95831.0,38.486242,-121.517039,ASHFORD PARK L P,,SACRAMENTO,CA,95825.0,70324.0,,70324.0,2024.0,20000501.0,0.0,MULTI/LOW RISE APARTMENT/1-3 STY,AE279A,1112.0,APARTMENTS (GENERIC),R-2A-R,10950.0,SF,227396.0,1986.0,227396.0,2,,,,,,,19950623.0,,CITY OF SACRAMENTO,617700320248856575,Tier 2: Zero Improvement,occupied_structure_missing_improvement_data
03100700600000,031-0070-060-0000,7461 GREENHAVEN DR,SACRAMENTO,CA,95831.0,38.487978,-121.517033,ASHFORD PARK L P,,SACRAMENTO,CA,95825.0,604241.0,,604241.0,2024.0,20000501.0,0.0,MULTI/LOW RISE APARTMENT/1-3 STY,AE279A,1112.0,APARTMENTS (GENERIC),R-2A-R R-2,2.3099999,AC,227396.0,1986.0,227396.0,2,,,,,,,20000501.0,,CITY OF SACRAMENTO,617700320247807999,Tier 2: Zero Improvement,occupied_structure_missing_improvement_data
03500100500000,035-0010-050-0000,6289 FREEPORT BLVD,SACRAMENTO,CA,95822.0,38.511576,-121.497263,SACRAMENTO CITY FINANCING AUTHORITY,,SACRAMENTO,CA,95814.0,,,,2024.0,19891128.0,0.0,PRIVATE AIRPORT,GI0C0A,6501.0,AIRPORT & RELATED,R-1-EA-1 R,347.89999,AC,,,,,,,,,,,,,CITY OF SACRAMENTO,617700320441794559,Tier 2: Zero Improvement,inherently_active_use_parking_airport_cemetery
03500910020000,035-0091-002-0000,1476 BLAIR AVE,SACRAMENTO,CA,95822.0,38.512487,-121.502804,FREEPORT MINI STORAGE,,SACRAMENTO,CA,95822.0,37221.0,,37221.0,2024.0,19740410.0,0.0,MINI-STORAGE,GL0C0A,2031.0,"MINI-WAREHOUSE, SELF-STORAGE",C-2-R-EA-4,1.3,AC,9225.0,1973.0,9225.0,1.0,,,,,,,,,CITY OF SACRAMENTO,617700320442056703,Tier 2: Zero Improvement,occupied_structure_missing_improvement_data
03500910070000,035-0091-007-0000,1476 BLAIR AVE,SACRAMENTO,CA,95822.0,38.51249,-121.502947,FREEPORT MINI STORAGE,,SACRAMENTO,CA,95822.0,38424.0,,38424.0,2024.0,19740410.0,0.0,MINI-STORAGE,GL0C0A,2031.0,"MINI-WAREHOUSE, SELF-STORAGE",C-2-R-EA-4,1.3,AC,7800.0,1974.0,7800.0,1.0,,,,,,,,,CITY OF SACRAMENTO,617700320442056703,Tier 2: Zero Improvement,occupied_structure_missing_improvement_data
03500920030000,035-0092-003-0000,6340 FREEPORT BLVD,SACRAMENTO,CA,95822.0,38.511464,-121.503096,SAFE-HOLD STORAGE LLC,,LIVERMORE,CA,94551.0,477543.0,,477543.0,2024.0,,0.0,MINI-STORAGE,GL0B0A,2031.0,"MINI-WAREHOUSE, SELF-STORAGE",C-2-R-EA-4,33354.0,SF,28755.0,1986.0,28755.0,1.0,,,0.0,,,,20240614.0,3950000.0,CITY OF SACRAMENTO,617700320186466303,Tier 2: Zero Improvement,occupied_structure_missing_improvement_data
03500100310000,035-0010-031-0000,6220 24TH ST,SACRAMENTO,CA,95822.0,38.513576,-121.487843,SACRAMENTO CITY FINANCING AUTHORITY,,SACRAMENTO,CA,95814.0,,,,2024.0,19891128.0,0.0,PRIVATE AIRPORT,GI0C0A,6501.0,AIRPORT & RELATED,R-1-EA-4 R,102.83,AC,,,,,,,,,,,,,CITY OF SACRAMENTO,617700320445988863,Tier 2: Zero Improvement,inherently_active_use_parking_airport_cemetery
03501850010000,035-0185-001-0000,6550 24TH ST,SACRAMENTO,CA,95822.0,38.507911,-121.483429,HOUSING AUTHORITY OF THE CITY OF SACRAMENTO,,SACRAMENTO,CA,95814.0,,,,2024.0,19910528.0,0.0,MULTI/COURT APTS/MORE THAN 4 UNITS,AG008A,1106.0,"GARDEN APT, COURT APT (5+ UNITS)",R-1A-EA-4,1.08,AC,8320.0,1982.0,8320.0,1.0,8.0,,,,,,,,CITY OF SACRAMENTO,617700320504446975,Tier 2: Zero Improvement,occupied_structure_missing_improvement_data
04702550030000,047-0255-003-0000,1934 NIANTIC WAY,SACRAMENTO,CA,95822.0,38.489558,-121.494216,HOUSING AUTHORITY CITY OF SACRAMENTO,,SACRAMENTO,CA,95814.0,,,,2024.0,19760701.0,0.0,RES/SINGLE FAMILY/SUBDIVISION,A1A00A,1001.0,SINGLE FAMILY RESIDENTIAL,R-1,6534.0,SF,1314.0,1960.0,1314.0,1.0,,4.0,,,,,,,CITY OF SACRAMENTO,617700154713571327,Tier 2: Zero Improvement,occupied_structure_missing_improvement_data
04802050070000,048-0205-007-0000,7517 BOWEN CIR,SACRAMENTO,CA,95822.0,38.484212,-121.504072,HOUSING AUTHORITY CITY OF SACRAMENTO,,SACRAMENTO,CA,95814.0,,,,2024.0,19760701.0,0.0,RES/SINGLE FAMILY/SUBDIVISION,A1A00A,1001.0,SINGLE FAMILY RESIDENTIAL,R-1,7405.0,SF,1204.0,1970.0,1204.0,1.0,,4.0,,,,,,,CITY OF SACRAMENTO,617700154710425599,Tier 2: Zero Improvement,occupied_structure_missing_improvement_data
04802430270000,048-0243-027-0000,2145 VOLLAN WAY,SACRAMENTO,CA,95822.0,38.486961,-121.490471,HOUSING AUTHORITY CITY OF SACRAMENTO,,SACRAMENTO,CA,95814.0,,,,2024.0,19760701.0,0.0,RES/SINGLE FAMILY/SUBDIVISION,A1A00A,1001.0,SINGLE FAMILY RESIDENTIAL,R-1,6098.0,SF,1408.0,1970.0,1408.0,1.0,,4.0,,,,,,,CITY OF SACRAMENTO,617700154713309183,Tier 2: Zero Improvement,occupied_structure_missing_improvement_data
04801810090000,048-0181-009-0000,7546 SKELTON WAY,SACRAMENTO,CA,95822.0,38.48451,-121.489116,HOUSING AUTHORITY CITY OF SACRAMENTO,,SACRAMENTO,CA,95814.0,,,,2024.0,19760701.0,0.0,RES/SINGLE FAMILY/SUBDIVISION,A1A00A,1001.0,SINGLE FAMILY RESIDENTIAL,R-1,6534.0,SF,1176.0,1970.0,1176.0,1.0,,4.0,,,,,,,CITY OF SACRAMENTO,617700154714357759,Tier 2: Zero Improvement,occupied_structure_missing_improvement_data
04700130070000,047-0013-007-0000,7220 24TH ST,SACRAMENTO,CA,95822.0,38.494014,-121.481481,SACRAMENTO CITY UNIFIED SCHOOL DISTRICT,,SACRAMENTO,CA,95824.0,,,,2024.0,20030317.0,0.0,GENERAL OFFICE,CAA00A,3003.0,OFFICE BLDG (GENERAL),OB,3.8699999,AC,24000.0,1975.0,24000.0,1.0,,,,,,,20030317.0,750000.0,CITY OF SACRAMENTO,617700320513622015,Tier 2: Zero Improvement,occupied_structure_missing_improvement_data
04101110040000,041-0111-004-0000,2935 FLORIN RD,SACRAMENTO,CA,95822.0,38.496425,-121.473049,SACRAMENTO REGIONAL TRANSIT DISTRICT,,SACRAMENTO,CA,95812.0,,,,2024.0,19990226.0,0.0,PARKING LOT,BFH00A,2036.0,PARKING LOT,C-2-TO,34010.0,SF,7280.0,1977.0,7280.0,1.0,,,,,,,,,CITY OF SACRAMENTO,617700320486359039,Tier 2: Zero Improvement,occupied_structure_missing_improvement_data
04902500360000,049-0250-036-0000,89 CORAL GABLES CT,SACRAMENTO,CA,95822.0,38.482559,-121.476473,HOUSING AUTHORITY OF THE CITY OF SACRAMENTO & ETA,,SACRAMENTO,CA,95814.0,,,,2024.0,19951229.0,0.0,RES/FOUR FAMILY/FOURPLEX,A4E00A,1103.0,"QUADRUPLEX (4 UNITS, ANY COMBINATION)",R-3,6098.0,SF,3234.0,1972.0,3234.0,,,8.0,,,,,19951229.0,,CITY OF SACRAMENTO,617700154711736319,Tier 2: Zero Improvement,occupied_structure_missing_improvement_data
04902500200000,049-0250-020-0000,23 CORAL GABLES CT,SACRAMENTO,CA,95822.0,38.482129,-121.475932,HOUSING AUTHORITY CITY OF SACRAMENTO,,SACRAMENTO,CA,95814.0,,,,2024.0,,0.0,RES/FOUR FAMILY/FOURPLEX,A4E00A,1103.0,"QUADRUPLEX (4 UNITS, ANY COMBINATION)",R-3,6098.0,SF,2992.0,1986.0,2992.0,,,8.0,,,,,20120906.0,495000.0,CITY OF SACRAMENTO,617700320492388351,Tier 2: Zero Improvement,occupied_structure_missing_improvement_data
04902500230000,049-0250-023-0000,2793 MEADOWVIEW RD,SACRAMENTO,CA,95832.0,38.481752,-121.475529,HOUSING AUTHORITY CITY OF SACRAMENTO,,SACRAMENTO,CA,95814.0,,,,2024.0,,0.0,RES/FOUR FAMILY/FOURPLEX,A4E00A,1103.0,"QUADRUPLEX (4 UNITS, ANY COMBINATION)",R-3,6534.0,SF,2992.0,1986.0,2992.0,,,8.0,,,,,20121212.0,220000.0,CITY OF SACRAMENTO,617700320492388351,Tier 2: Zero Improvement,occupied_structure_missing_improvement_data
05201220600000,052-0122-060-0000,1549 NEIHART AVE,SACRAMENTO,CA,95832.0,38.47825,-121.500424,HOUSING AUTHORITY CITY OF SACRAMENTO,,SACRAMENTO,CA,95814.0,,,,2024.0,19760701.0,0.0,RES/SINGLE FAMILY/SUBDIVISION,A1A00A,1001.0,SINGLE FAMILY RESIDENTIAL,R-1,5663.0,SF,1274.0,1970.0,1274.0,1.0,,4.0,,,,,,,CITY OF SACRAMENTO,617700154718027775,Tier 2: Zero Improvement,occupied_structure_missing_improvement_data
13400500010000,134-0050-001-0000,9260 ELK GROVE BLVD,ELK GROVE,CA,95624.0,38.408465,-121.353791,CITY OF ELK GROVE,,ELK GROVE,CA,95758.0,,,,2024.0,,0.0,DISCOUNT STORE,BDC00A,2045.0,"APPLIANCE STORE (BEST BUY, HH GREGG)",SPA-OT,2.73,AC,17340.0,2009.0,17340.0,1,,,0.0,,,,20210414.0,,UNINCORPORATED COUNTY,617700308408336383,Tier 2: Zero Improvement,occupied_structure_missing_improvement_data
13401101230000,134-0110-123-0000,9829 WATERMAN RD,ELK GROVE,CA,95624.0,38.401084,-121.351964,FLORIN RESOURCE CONSERVATION DISTRICT,,ELK GROVE,CA,95624.0,,,,2024.0,,0.0,FRATERNAL CLUB,FGA00A,4007.0,"CLUBS, LODGES, PROFESSIONAL ASSOCIATIONS",PS,3.3199999,AC,8088.0,1986.0,8088.0,1.0,,,,,,,20201023.0,1850000.0,UNINCORPORATED COUNTY,617700308417249279,Tier 2: Zero Improvement,occupied_structure_missing_improvement_data
13401101400000,134-0110-140-0000,9820 BRADSHAW RD,ELK GROVE,CA,95624.0,38.401626,-121.335827,COSUMNES COMMUNITY SERVICES DISTRICT,,ELK GROVE,CA,95624.0,,,,2024.0,20100129.0,0.0,RES/SINGLE FAMILY/SUBDIVISION,A1A00A,1001.0,SINGLE FAMILY RESIDENTIAL,PS,2.72,AC,1983.0,1959.0,1983.0,1.0,,4.0,,,,,20100129.0,,UNINCORPORATED COUNTY,617700312514035711,Tier 2: Zero Improvement,occupied_structure_missing_improvement_data
13406300130000,134-0630-013-0000,10190 IRON ROCK WAY,ELK GROVE,CA,95624.0,38.387387,-121.360412,CITY OF ELK GROVE,,ELK GROVE,CA,95758.0,,,,2024.0,20040830.0,0.0,VET OFC/CLINIC/HOSPITAL,CHA00A,2011.0,"VETERINARY, ANIMAL HOSPITAL",LI,5.6199999,AC,23086.0,2019.0,23086.0,1,,,,,,,,,UNINCORPORATED COUNTY,617700312262377471,Tier 2: Zero Improvement,occupied_structure_missing_improvement_data
13410500020000,134-1050-002-0000,10551 E STOCKTON BLVD,ELK GROVE,CA,95624.0,38.372376,-121.356694,COSUMNES COMMUNITY SERVICES DISTRICT,,ELK GROVE,CA,95624.0,,,,2024.0,,0.0,LIGHT INDUSTRIAL,GABBCA,5002.0,LIGHT INDUSTRIAL (10% IMPROVED OFFICE SPACE; MACHINE SHOP),HI,39750.0,SF,10400.0,1964.0,10400.0,,,,,,,,20190924.0,,UNINCORPORATED COUNTY,617700312336826367,Tier 2: Zero Improvement,occupied_structure_missing_improvement_data
13402200490000,134-0220-049-0000,10651 E STOCKTON BLVD,ELK GROVE,CA,95624.0,38.370756,-121.35437,ELK GROVE COMM SVCS DIST PUB FAC ACQ CORP,,ELK GROVE,CA,95624.0,,,,2024.0,20060724.0,0.0,MINI GOLF COURSE,FAD00A,4028.0,GOLF COURSE,PR,18.0,AC,1663.0,1991.0,1663.0,1,,,,,,,20060724.0,,UNINCORPORATED COUNTY,617700312336826367,Tier 2: Zero Improvement,occupied_structure_missing_improvement_data
13402200600000,134-0220-060-0000,10651 E STOCKTON BLVD,ELK GROVE,CA,95624.0,38.368557,-121.353439,ELK GROVE COMM SVCS DIST PUB FAC ACQ CORP,,ELK GROVE,CA,95624.0,,,,2024.0,20060724.0,0.0,MINI GOLF COURSE,FAD0FA,4028.0,GOLF COURSE,PR,2.2,AC,3872.0,1949.0,3872.0,1,,,,,,,20060724.0,,UNINCORPORATED COUNTY,617700312333418495,Tier 2: Zero Improvement,occupied_structure_missing_improvement_data
14600400290000,146-0040-029-0000,BRUCEVILLE RD,ELK GROVE,CA,95757.0,38.304952,-121.433781,COUNTY OF SACRAMENTO,,SACRAMENTO,CA,95827.0,,,,2024.0,19190501.0,0.0,PRIVATE AIRPORT,GI0C0A,6501.0,AIRPORT & RELATED,AG-20,319.5,AC,,,,,,,,,,,,,UNINCORPORATED COUNTY,617700312849055743,Tier 2: Zero Improvement,inherently_active_use_parking_airport_cemetery
14600500850000,146-0050-085-0000,12500 BRUCEVILLE RD,ELK GROVE,CA,95757.0,38.304947,-121.424668,COUNTY OF SACRAMENTO,,SACRAMENTO,CA,95827.0,,,,2024.0,,0.0,PRIVATE AIRPORT,GI0A0A,6501.0,AIRPORT & RELATED,AG-20,318.41,AC,,,,,,,,,,,,,UNINCORPORATED COUNTY,617700312854560767,Tier 2: Zero Improvement,inherently_active_use_parking_airport_cemetery
13402800400000,134-0280-040-0000,ARNO RD,GALT,CA,95632.0,38.326305,-121.319038,GALT ARNO CEMETERY DISTRICT,,GALT,CA,95632.0,,,,2024.0,19520804.0,0.0,CEMETERY,DFC00A,9108.0,CEMETERY (EXEMPT),AG-20,871.0,SF,,,,,,,,,,,,,UNINCORPORATED COUNTY,617700312197890047,Tier 2: Zero Improvement,inherently_active_use_parking_airport_cemetery
14800720190000,148-0072-019-0000,10341 WALNUT AVE,GALT,CA,95632.0,38.280403,-121.308726,CITY OF GALT,,GALT,CA,95632.0,,,,2024.0,,0.0,AUCTION YARD,BG000A,5004.0,"STORAGE YARD, OPEN STORAGE (LIGHT EQUIPMENT, MATERIAL)",LM,43039.0,SF,1912.0,1950.0,1912.0,,,,,,,,20170630.0,1430000.0,UNINCORPORATED COUNTY,617700312983273471,Tier 2: Zero Improvement,occupied_structure_missing_improvement_data
14800720160000,148-0072-016-0000,13070 W STOCKTON BLVD,GALT,CA,95632.0,38.281057,-121.307733,CITY OF GALT,,GALT,CA,95632.0,,,,2024.0,,0.0,AUCTION YARD,BG000A,5004.0,"STORAGE YARD, OPEN STORAGE (LIGHT EQUIPMENT, MATERIAL)",LM,1.66,AC,1050.0,1977.0,1050.0,1.0,,,,,,,20170630.0,1430000.0,UNINCORPORATED COUNTY,617700312984059903,Tier 2: Zero Improvement,occupied_structure_missing_improvement_data
06700200640000,067-0020-064-0000,10949 BRITTON WAY,MATHER,CA,95655.0,38.545002,-121.279151,CORDOVA RECREATION AND PARK DISTRICT,,RANCHO CORDOVA,CA,95670.0,,,,2024.0,20031201.0,0.0,VACANT RES (2-5 AC SITE),IAFAAA,8001.0,RESIDENTIAL-VACANT LAND,SPA,4.6799998,AC,,,,,,,,,,,20031201.0,,UNINCORPORATED COUNTY,617700310713630719,Tier 1: Coded Vacant,public_park_or_recreation_agency
06700200600000,067-0020-060-0000,10949 BRITTON WAY,MATHER,CA,95655.0,38.545145,-121.276788,CORDOVA RECREATION & PARK DISTRICT,,RANCHO CORDOVA,CA,95670.0,,,,2024.0,20010412.0,0.0,VACANT RESIDENTIAL,IAGAAA,8001.0,RESIDENTIAL-VACANT LAND,SPA,6.8099999,AC,,,,,,,,,,,,,UNINCORPORATED COUNTY,617700310710747135,Tier 1: Coded Vacant,public_park_or_recreation_agency
06700900190000,067-0090-019-0000,11650 KIEFER BLVD,SACRAMENTO,CA,95830.0,38.521977,-121.248225,EAST SACRAMENTO RANCH LLC,,SACRAMENTO,CA,95830.0,949130.0,,949130.0,2024.0,20091229.0,0.0,LIGHT IND-PROCESSING,GAAC0A,5002.0,LIGHT INDUSTRIAL (10% IMPROVED OFFICE SPACE; MACHINE SHOP),M-2,121.68,AC,21091.0,1956.0,21091.0,1.0,,,,,,,20091229.0,,UNINCORPORATED COUNTY,617700308104773631,Tier 2: Zero Improvement,occupied_structure_missing_improvement_data
06704300410000,067-0430-041-0000,11828 CHRYSANTHY BLVD,RANCHO CORDOVA,CA,95742.0,38.547226,-121.237363,"ANATOLIA UNITS 1, 2 AND 4 MASTER ASSOCIATION",,RANCHO CORDOVA,CA,95742.0,,,,2024.0,,0.0,CABANA,FGE00A,4025.0,"OUTDOOR RECREATION: BEACH, MOUNTAIN, DESERT",RD 10 (SDS,4.3400002,AC,,2010.0,,1.0,,,,,,,20140908.0,,UNINCORPORATED COUNTY,617700310692659199,Tier 2: Zero Improvement,occupied_structure_missing_improvement_data
06705300350000,067-0530-035-0000,RANCHO CORDOVA PKWY,RANCHO CORDOVA,CA,95742.0,38.54508,-121.224374,CORDOVA PARK AND RECREATION DISTRICT,,RANCHO CORDOVA,CA,95670.0,,,,2024.0,,0.0,"MISC, UNUSABLE-SMALL",MSMALA,8009.0,"WASTE LAND, MARSH, SWAMP, SUBMERGED-VACANT LAND",RD 4 (SDSP,7273.0,SF,,,,,,,0.0,,,,20030626.0,,UNINCORPORATED COUNTY,617700310726737919,Tier 2: Zero Improvement,public_park_or_recreation_agency
20310800960000,203-1080-096-0000,DIANE DR,ANTELOPE,CA,95843.0,38.718901,-121.368969,SUNRISE RECREATION & PARK DISTRICT,,CITRUS HEIGHTS,CA,95610.0,,,,2024.0,19900221.0,0.0,"MISC, UNUSABLE-SMALL",MSMALA,8009.0,"WASTE LAND, MARSH, SWAMP, SUBMERGED-VACANT LAND",RD-7,994.0,SF,,,,,,,,,,,,,UNINCORPORATED COUNTY,617700318072012799,Tier 2: Zero Improvement,public_park_or_recreation_agency
20300700410000,203-0070-041-0000,8223 WALERGA RD,ANTELOPE,CA,95843.0,38.718508,-121.365186,HOUSING AUTHORITY OF THE COUNTY OF SACRAMENTO,,SACRAMENTO,CA,95814.0,,,,2024.0,19890410.0,0.0,MULTI/LOW RISE APARTMENT/1-3 STY,AE024D,1112.0,APARTMENTS (GENERIC),RD-20,1.89,AC,29164.0,1996.0,29164.0,1.0,,3.0,,,,,,,UNINCORPORATED COUNTY,617700322179547135,Tier 2: Zero Improvement,occupied_structure_missing_improvement_data
20301101040000,203-0110-104-0000,7966 WALERGA RD,ANTELOPE,CA,95843.0,38.713878,-121.363943,AMERICAN PETROLEUM LLC,,CARMICHAEL,CA,95608.0,1342116.0,,1342116.0,2024.0,,0.0,SERVICE STATION,BFA0BA,2041.0,GAS STATION,SC,43035.0,SF,3693.0,1997.0,3693.0,,,,,,,,20211223.0,1290000.0,UNINCORPORATED COUNTY,617700322180333567,Tier 2: Zero Improvement,occupied_structure_missing_improvement_data
21900200250000,219-0020-025-0000,ANTELOPE RD,ANTELOPE,CA,95843.0,38.703663,-121.37299,NORTH HIGHLANDS RECREATION & PARK DISTRICT,,NORTH HIGHLANDS,CA,95660.0,,,,2024.0,19770728.0,0.0,PARKING LOT,BFH00A,2036.0,PARKING LOT,O,1.86,AC,,,,,,,,,,,,,UNINCORPORATED COUNTY,617700321929986047,Tier 2: Zero Improvement,public_park_or_recreation_agency
20321500270000,203-2150-027-0000,7636 AGATE BEACH WAY,ANTELOPE,CA,95843.0,38.70514,-121.349265,LENNAR HOMES OF CALIFORNIA LLC,,ROSEVILLE,CA,95678.0,110169.0,,110169.0,2024.0,,0.0,RES/SINGLE FAMILY/SUBDIVISION,A1A00A,1001.0,SINGLE FAMILY RESIDENTIAL,RD-5,0.0,,3175.0,,3175.0,2.0,,5.0,,,,,20240719.0,676000.0,UNINCORPORATED COUNTY,617700322191081471,Tier 2: Zero Improvement,occupied_structure_missing_improvement_data
21901110280000,219-0111-028-0000,3867 BAINBRIDGE DR,NORTH HIGHLANDS,CA,95660.0,38.701968,-121.37191,HOUSING AUTHORITY OF THE COUNTY OF SACRAMENTO,,SACRAMENTO,CA,95814.0,,,,2024.0,19790914.0,0.0,RES/SINGLE FAMILY/SUBDIVISION,A1A00A,1001.0,SINGLE FAMILY RESIDENTIAL,RD-5,6534.0,SF,901.0,1966.0,901.0,1,,3.0,,,,,,,UNINCORPORATED COUNTY,617700321929986047,Tier 2: Zero Improvement,occupied_structure_missing_improvement_data
21900420280000,219-0042-028-0000,,,,,38.700025,-121.357596,NORTH HIGHLANDS RECREATION & PARK DISTRICT,,NORTH HIGHLANDS,CA,95660.0,,,,2024.0,19840517.0,0.0,VACANT RES-UNDER 100 ACRE,IADBFA,8001.0,RESIDENTIAL-VACANT LAND,RD-5,6.0,AC,,,,,,,,,,,,,UNINCORPORATED COUNTY,617700322186625023,Tier 1: Coded Vacant,public_park_or_recreation_agency
24501900020000,245-0190-002-0000,4012 LEOS LN,CARMICHAEL,CA,95608.0,38.63734,-121.323066,FRED L LUCERO TRUST,,FAIR OAKS,CA,95628.0,95462.0,,95462.0,2024.0,,0.0,STORE/OFFICE COMBINATION,BBB00A,2003.0,STORE/OFFICE (MIXED USE),GC,16500.0,SF,1183.0,1961.0,1183.0,1,,,,,,,20141216.0,,UNINCORPORATED COUNTY,617700321858945023,Tier 2: Zero Improvement,occupied_structure_missing_improvement_data
24502100310000,245-0210-031-0000,7837 FAIR OAKS BLVD,CARMICHAEL,CA,95608.0,38.637395,-121.319235,CARMICHAEL WATER DISTRICT,,CARMICHAEL,CA,95608.0,,,,2024.0,19981109.0,0.0,GENERAL OFFICE,CAA00A,3003.0,OFFICE BLDG (GENERAL),AC,2.47,AC,9700.0,1971.0,9700.0,1,,,,,,,,,UNINCORPORATED COUNTY,617700321863925759,Tier 2: Zero Improvement,occupied_structure_missing_improvement_data
24700100100000,247-0010-010-0000,4515 CHARLESTON DR,CARMICHAEL,CA,95608.0,38.645861,-121.306835,CARMICHAEL WATER DISTRICT,,CARMICHAEL,CA,95608.0,,,,2024.0,,0.0,RES/SINGLE FAMILY/SUBDIVISION,A1A00A,1001.0,SINGLE FAMILY RESIDENTIAL,RD-2,0.0,,2266.0,1976.0,2266.0,1,,4.0,,,,,20160720.0,,UNINCORPORATED COUNTY,617700322111389695,Tier 2: Zero Improvement,occupied_structure_missing_improvement_data
24700600350000,247-0060-035-0000,,,,,38.645719,-121.297158,CARMICHAEL RECREATION & PARK DIST,,CARMICHAEL,CA,95608.0,,,,2024.0,19710609.0,0.0,VAC INDUSTRIAL-UNDER 10AC,IGABEA,8003.0,INDUSTRIAL-VACANT LAND,O,40946.0,SF,,,,,,,,,,,,,UNINCORPORATED COUNTY,617700322111651839,Tier 1: Coded Vacant,public_park_or_recreation_agency
26000500020000,260-0050-002-0000,8516 FAIR OAKS BLVD,CARMICHAEL,CA,95608.0,38.63512,-121.304207,CARMICHAEL RECREATION & PARK DISTRICT,,CARMICHAEL,CA,95608.0,,,,2024.0,,0.0,RES/SINGLE FAMILY/RURAL HOME(2-5 AC),A1D00A,1008.0,RURAL/AGRICULTURAL RESIDENCE,RD-1,3.0,AC,1920.0,1955.0,1920.0,1,,3.0,,,,,,,UNINCORPORATED COUNTY,617700322616016895,Tier 2: Zero Improvement,public_park_or_recreation_agency
26000500010000,260-0050-001-0000,8520 FAIR OAKS BLVD,CARMICHAEL,CA,95608.0,38.635935,-121.304215,CARMICHAEL RECREATION & PARK DIST,,CARMICHAEL,CA,95608.0,,,,2024.0,19770615.0,0.0,RES/SINGLE FAMILY/RURAL HOME(2-5 AC),A1D00A,1008.0,RURAL/AGRICULTURAL RESIDENCE,O,2.6400001,AC,1502.0,1958.0,1502.0,1,,3.0,,,,,,,UNINCORPORATED COUNTY,617700322119516159,Tier 2: Zero Improvement,public_park_or_recreation_agency
26004100220000,260-0410-022-0000,FAIR OAKS BLVD,CARMICHAEL,CA,95608.0,38.635104,-121.3055,CARMICHAEL RECREATION & PARK DISTRICT,,CARMICHAEL,CA,95608.0,,,,2024.0,19941027.0,0.0,VACANT RESIDENTIAL UNDER 10 AC,IAAAAA,8001.0,RESIDENTIAL-VACANT LAND,RD-1,2.6300001,AC,,,,,,,,,,,,,UNINCORPORATED COUNTY,617700322616016895,Tier 1: Coded Vacant,public_park_or_recreation_agency
27300600540000,273-0060-054-0000,6616 FAIR OAKS BLVD,CARMICHAEL,CA,95608.0,38.62082,-121.327197,HILLS MARGARET A/J P FAMILY TRUST,,FAIR OAKS,CA,95628.0,199164.0,25977.0,225141.0,2024.0,20070724.0,0.0,PARKING LOT,BFH00A,2036.0,PARKING LOT,SPA,1.26,AC,1616.0,1930.0,1616.0,,,,,,,,20080825.0,,UNINCORPORATED COUNTY,617700322582462463,Tier 3: Parking/Abandoned,occupied_structure_missing_improvement_data
26001200550000,260-0120-055-0000,3709 MARSHALL AVE,CARMICHAEL,CA,95608.0,38.631446,-121.31002,MARK A & CAROL G BEIL FAMILY TRUST,,CARMICHAEL,CA,95609.0,260037.0,,260037.0,2024.0,,0.0,RES/SINGLE FAMILY/NON-SUBDIVISION,A1B00A,1001.0,SINGLE FAMILY RESIDENTIAL,RD-2 (NPA),36174.0,SF,627.0,1925.0,627.0,1,,2.0,,,,,20011031.0,,UNINCORPORATED COUNTY,617700322616803327,Tier 2: Zero Improvement,occupied_structure_missing_improvement_data
26001410040000,260-0141-004-0000,6930 SUTTER AVE,CARMICHAEL,CA,95608.0,38.631251,-121.303468,HINMAN ESTERI J & GEORGE E,,CARMICHAEL,CA,95608.0,252494.0,,252494.0,2024.0,20081215.0,0.0,RES/SINGLE FAMILY/NON-SUBDIVISION,A1B00A,1001.0,SINGLE FAMILY RESIDENTIAL,RD-5 (NPA),29856.0,SF,858.0,1953.0,858.0,1,,2.0,,,,,20080211.0,1147000.0,UNINCORPORATED COUNTY,617700322617065471,Tier 2: Zero Improvement,occupied_structure_missing_improvement_data
27500910090000,275-0091-009-0000,1731 DEL PASO BLVD,SACRAMENTO,CA,95815.0,38.608375,-121.455294,ERIK AND LISA BROWN LIVING TRUST,,CARMICHAEL,CA,95608.0,53211.0,,53211.0,2024.0,,0.0,AUTO REPAIR GARAGE,BFC00A,2024.0,"AUTO REPAIR (& RELATED), GARAGE",C-2-SPD,7500.0,SF,1066.0,1961.0,1066.0,1,,,0.0,,,,20230314.0,,CITY OF SACRAMENTO,617700322521382911,Tier 2: Zero Improvement,occupied_structure_missing_improvement_data
26502410300000,813-0006-037-0000,2644 BEAUMONT ST SPC 37,SACRAMENTO,CA,95815.0,38.616154,-121.447856,REYES ALFREDO & RAYA JOSE FCO,,SACRAMENTO,CA,95815.0,,,,2024.0,,0.0,MOBILE HOME/ON LEASED LAND/MH PARK,ATA00A,1006.0,MOBILE/MANUFACTURED HOME (REGARDLESS OF LAND OWNERSHIP),R-1,0.0,,500.0,1959.0,500.0,1,,2.0,,,,,,,CITY OF SACRAMENTO,617700322512732159,Tier 2: Zero Improvement,occupied_structure_missing_improvement_data
26502910010000,265-0291-001-0000,2593 RIO LINDA BLVD,SACRAMENTO,CA,95815.0,38.61457,-121.446801,STEVEN D FENTON REVOCABLE TRUST,,CARMICHAEL,CA,95608.0,22181.0,7742.0,29923.0,2024.0,20110913.0,0.0,ABANDONED SERVICE STN,BFK00B,2000.0,COMMERCIAL (GENERAL),C-2,10100.0,SF,1050.0,1961.0,1050.0,1,,,,,,,20160909.0,,CITY OF SACRAMENTO,617700322514305023,Tier 3: Parking/Abandoned,occupied_structure_missing_improvement_data
26502920210000,265-0292-021-0000,829 PLAZA AVE,SACRAMENTO,CA,95815.0,38.612587,-121.447728,MANJI KARIM & RAHIM,,SAN JOSE,CA,95131.0,40858.0,,40858.0,2024.0,,0.0,PARKING LOT,BFH00A,2036.0,PARKING LOT,C-2,5227.0,SF,813.0,1930.0,813.0,,,,0.0,,,,20140103.0,1000000.0,CITY OF SACRAMENTO,617700322513780735,Tier 2: Zero Improvement,occupied_structure_missing_improvement_data
27501250040000,275-0125-004-0000,1414 DEL PASO BLVD,SACRAMENTO,CA,95815.0,38.605214,-121.460209,CITY OF SACRAMENTO REDEVELOPMENT AGE SUCCESSOR AGE,,SACRAMENTO,CA,95814.0,,,,2024.0,20120201.0,0.0,SMALL RETAIL-ONE TENANT,BAA00A,2001.0,"RETAIL STORES ( PERSONAL SERVICES, PHOTOGRAPHY, TRAVEL)",C-2-TO-SPD,7500.0,SF,4000.0,1920.0,4000.0,1,,,,,,,20090430.0,,CITY OF SACRAMENTO,617700320119357439,Tier 2: Zero Improvement,occupied_structure_missing_improvement_data
27501250210000,275-0125-021-0000,1427 LOCHBRAE RD,SACRAMENTO,CA,95815.0,38.605028,-121.45945,AMERICAN ICELAND LLC,,SACRAMENTO,CA,95815.0,17442.0,4034.0,21476.0,2024.0,20110803.0,0.0,PARKING LOT,BFH00A,2036.0,PARKING LOT,R-3,7500.0,SF,1192.0,1960.0,1192.0,,,,,,,,20110803.0,,CITY OF SACRAMENTO,617700320119357439,Tier 3: Parking/Abandoned,occupied_structure_missing_improvement_data
27500860150000,275-0086-015-0000,1525 DEL PASO BLVD,SACRAMENTO,CA,95815.0,38.607084,-121.457993,2021 TIMOTHY & PEGGY CARSON REV LIVING TRUST,,COLFAX,CA,95713.0,105408.0,1926.0,107334.0,2024.0,,0.0,ABANDONED SERVICE STN,BFK00B,2000.0,COMMERCIAL (GENERAL),C-2-SPD,22500.0,SF,1150.0,1950.0,1150.0,1,,,,,,,20210526.0,,CITY OF SACRAMENTO,617700320118308863,Tier 3: Parking/Abandoned,occupied_structure_missing_improvement_data
27500860130000,275-0086-013-0000,1511 DEL PASO BLVD,SACRAMENTO,CA,95815.0,38.606837,-121.45851,RHOSHA PARTNERS LLC,,SACRAMENTO,CA,95831.0,146354.0,,146354.0,2024.0,20040301.0,0.0,SMALL RETAIL-MULTI TENANT,BAB00A,2001.0,"RETAIL STORES ( PERSONAL SERVICES, PHOTOGRAPHY, TRAVEL)",C-2-SPD,15000.0,SF,15000.0,1946.0,15000.0,1,,,0.0,,,,20241015.0,550000.0,CITY OF SACRAMENTO,617700320118308863,Tier 2: Zero Improvement,occupied_structure_missing_improvement_data
27501640140000,275-0164-014-0000,1101 DEL PASO BLVD,SACRAMENTO,CA,95815.0,38.60387,-121.464693,RAJAS EMPIRE INCORPORATED,,WOODLAND,CA,95776.0,93636.0,124848.0,218484.0,2024.0,,0.0,PARKING LOT,BFH0BB,2036.0,PARKING LOT,C-2-SPD,7500.0,SF,4500.0,1960.0,4500.0,,,,0.0,,,,20220413.0,,CITY OF SACRAMENTO,617700320119095295,Tier 3: Parking/Abandoned,occupied_structure_missing_improvement_data
27501630050000,275-0163-005-0000,1022 DEL PASO BLVD,SACRAMENTO,CA,95815.0,38.603084,-121.464655,CITY OF SACRAMENTO REDEVELOPMENT AGE SUCCESSOR AGE,,SACRAMENTO,CA,95814.0,,,,2024.0,20120201.0,0.0,RESTAURANT (CAFE),BCDOAA,2012.0,RESTAURANT,C-2-TO-SPD,7000.0,SF,1887.0,1948.0,1887.0,1,,,,,,,20060428.0,,CITY OF SACRAMENTO,617700320119095295,Tier 2: Zero Improvement,occupied_structure_missing_improvement_data
27501630060000,275-0163-006-0000,1030 DEL PASO BLVD,SACRAMENTO,CA,95815.0,38.603193,-121.464433,CITY OF SACRAMENTO REDEVELOPMENT AGE SUCCESSOR AGE,,SACRAMENTO,CA,95814.0,,,,2024.0,20120201.0,0.0,MORTUARY,DFM00A,9109.0,"CREMATORIUM, MORTUARY (EXEMPT)",C-2-TO-SPD,14000.0,SF,6204.0,1945.0,6204.0,2,,,,,,,20050309.0,,CITY OF SACRAMENTO,617700320118833151,Tier 2: Zero Improvement,occupied_structure_missing_improvement_data
27501650210000,275-0165-021-0000,1124 DEL PASO BLVD,SACRAMENTO,CA,95815.0,38.603744,-121.463259,CITY OF SACRAMENTO,,SACRAMENTO,CA,95814.0,,,,2024.0,,0.0,OFFICE - SINGLE TENANT,CBA00A,3003.0,OFFICE BLDG (GENERAL),C-2-SPD,1.11,AC,19100.0,1960.0,19100.0,,,,0.0,,,,20210915.0,,CITY OF SACRAMENTO,617700320117784575,Tier 2: Zero Improvement,occupied_structure_missing_improvement_data
27502400740000,275-0240-074-0000,936 ARDEN WAY,SACRAMENTO,CA,95815.0,38.605083,-121.445712,SACRAMENTO REGIONAL TRANSIT DISTRICT,,SACRAMENTO,CA,95816.0,,,,2024.0,20030627.0,0.0,DISCOUNT STORE,BDC00A,2045.0,"APPLIANCE STORE (BEST BUY, HH GREGG)",RMX-TO,1.73,AC,31060.0,1979.0,31060.0,2,,,,,,,20020416.0,,CITY OF SACRAMENTO,617700319936118783,Tier 2: Zero Improvement,occupied_structure_missing_improvement_data
27502400520000,275-0240-052-0000,,,,,38.603005,-121.447381,UNITED STATES POSTAL SERVICE,,SACRAMENTO,CA,95813.0,,,,2024.0,19780228.0,0.0,"OFFICE, POSTAL",CF0004,9205.0,POST OFFICE,OB-LI,7.9299998,AC,223935.0,1964.0,223935.0,2,,,,,,,,,CITY OF SACRAMENTO,617700319935594495,Tier 2: Zero Improvement,occupied_structure_missing_improvement_data
27502400440000,275-0240-044-0000,2000 ROYAL OAKS DR # 105,SACRAMENTO,CA,95813.0,38.601799,-121.448373,UNITED STATES POSTAL SERVICE,,SACRAMENTO,CA,95813.0,,,,2024.0,19780228.0,0.0,POST OFFICE,CFA00A,9205.0,POST OFFICE,OB-LI,3.78,AC,18254.0,1971.0,18254.0,1,,,,,,,,,CITY OF SACRAMENTO,617700319935594495,Tier 2: Zero Improvement,occupied_structure_missing_improvement_data
26502800680000,265-0280-068-0000,2531 LAND AVE,SACRAMENTO,CA,95815.0,38.613568,-121.434748,SACRAMENTO REGIONAL TRANSIT DISTRICT,,SACRAMENTO,CA,95816.0,,,,2024.0,20030923.0,0.0,DISTRIBUTUION & WAREHOUSES,GCGB0A,6002.0,DISTRIBUTION WAREHOUSE (REGIONAL),M-1,1.15,AC,21504.0,1986.0,21504.0,1,,,,,,,20030923.0,,CITY OF SACRAMENTO,617700322498314239,Tier 2: Zero Improvement,occupied_structure_missing_improvement_data
26503310140000,813-0007-017-0000,1101 EL CAMINO AVE # 45,SACRAMENTO,CA,95815.0,38.611661,-121.441145,PETES MH SL INC,,SACRAMENTO,CA,95815.0,,,,2024.0,,0.0,MOBILE HOME/ON LEASED LAND/MH PARK,ATA00A,1006.0,MOBILE/MANUFACTURED HOME (REGARDLESS OF LAND OWNERSHIP),,0.0,,624.0,1981.0,624.0,1,,2.0,,,,,,,CITY OF SACRAMENTO,617700322526101503,Tier 2: Zero Improvement,occupied_structure_missing_improvement_data
26503310140000,813-0007-032-0000,1101 EL CAMINO AVE SPC 69,SACRAMENTO,CA,95815.0,38.611661,-121.441145,WELSH RUSSELL EDWARD,,SACRAMENTO,CA,95815.0,,,,2024.0,,0.0,MOBILE HOME/ON LEASED LAND/MH PARK,ATA00A,1006.0,MOBILE/MANUFACTURED HOME (REGARDLESS OF LAND OWNERSHIP),,0.0,,576.0,1981.0,576.0,1,,1.0,,,,,,,CITY OF SACRAMENTO,617700322526101503,Tier 2: Zero Improvement,occupied_structure_missing_improvement_data
26603230140000,266-0323-014-0000,2605 ALBATROSS WAY,SACRAMENTO,CA,95815.0,38.613106,-121.423924,CAPITOL CITY HOLDINGS LLC,,GRANITE BAY,CA,95746.0,5297.0,,5297.0,2024.0,,0.0,MULTI/LOW RISE APARTMENT/1-3 STY,AE007A,1112.0,APARTMENTS (GENERIC),R-1,2178.0,SF,4536.0,1959.0,4536.0,1,,,,,,,20150610.0,,CITY OF SACRAMENTO,617700322503557119,Tier 2: Zero Improvement,occupied_structure_missing_improvement_data
27700420100000,277-0042-010-0000,2485 KNOLL ST,SACRAMENTO,CA,95815.0,38.610794,-121.431853,MOSTAFAVI ALI & FARIDEH,,SACRAMENTO,CA,95815.0,39241.0,,39241.0,2024.0,19770131.0,0.0,TRAILER SALES & SERVICE,BFG00A,2023.0,"VEHICLE RENTALS, VEHICLE SALES (AUTO/TRUCK/RV/BOAT/ETC.)",C-2-R,7280.0,SF,3800.0,1971.0,3800.0,1,,,,,,,,,CITY OF SACRAMENTO,617700322498052095,Tier 2: Zero Improvement,occupied_structure_missing_improvement_data
27700630480000,277-0063-048-0000,1916 EL CAMINO AVE,SACRAMENTO,CA,95815.0,38.610417,-121.422378,SALAMEH FAMILY TRUST,,SACRAMENTO,CA,95831.0,658808.0,123137.0,781945.0,2024.0,,0.0,PARKING LOT,BFH0MA,2036.0,PARKING LOT,C-2,1.76,AC,1125.0,1985.0,1125.0,,,,0.0,,,,20180809.0,635000.0,CITY OF SACRAMENTO,617700322503294975,Tier 3: Parking/Abandoned,occupied_structure_missing_improvement_data
27502900150000,275-0290-015-0000,185 COMMERCE CIR,SACRAMENTO,CA,95815.0,38.597856,-121.463893,AMERICAN RIVER FLOOD CONTRL DIST,,SACRAMENTO,CA,95815.0,,,,2024.0,,0.0,DISTRIBUTUION & WAREHOUSES,GCGA0A,6002.0,DISTRIBUTION WAREHOUSE (REGIONAL),M-1,1.35,AC,21000.0,1981.0,21000.0,1,,,,,,,20140429.0,,CITY OF SACRAMENTO,617700320126697471,Tier 2: Zero Improvement,occupied_structure_missing_improvement_data
26603020180000,266-0302-018-0000,TALLAC ST,SACRAMENTO,CA,95821.0,38.614477,-121.412274,FULTON EL CAMINO REC & PARK DIST,,SACRAMENTO,CA,95825.0,,,,2024.0,19740319.0,0.0,"MISC, UNUSABLE-SMALL",MSMALA,8009.0,"WASTE LAND, MARSH, SWAMP, SUBMERGED-VACANT LAND",RD-4,1742.0,SF,,,,,,,,,,,,,UNINCORPORATED COUNTY,617700322541305855,Tier 2: Zero Improvement,public_park_or_recreation_agency
12700400340000,127-0040-034-0000,8949 BRADSHAW RD,ELK GROVE,CA,95624.0,38.432247,-121.331078,GUZY FAMILY TRUST,,RANCHO CORDOVA,CA,95670.0,131081.0,,131081.0,2024.0,20020718.0,0.0,MOBILE HOME/ON PRIVATE LAND/NOT MH PARK,ATC00A,1006.0,MOBILE/MANUFACTURED HOME (REGARDLESS OF LAND OWNERSHIP),AR-5,5.0,AC,1782.0,2003.0,1782.0,1,,3.0,,,,,20180829.0,87000.0,UNINCORPORATED COUNTY,617700308700102655,Tier 2: Zero Improvement,occupied_structure_missing_improvement_data
12701100290000,127-0110-029-0000,PLEASANT GRV SCHL RD,ELK GROVE,CA,95624.0,38.430538,-121.312099,ELK GROVE COSUMNES CEMETERY DIST,,SACRAMENTO,CA,95826.0,,,,2024.0,19711207.0,0.0,CEMETERY,DFC00A,9108.0,CEMETERY (EXEMPT),AR-5,435.0,SF,,,,,,,,,,,,,UNINCORPORATED COUNTY,617700308701151231,Tier 2: Zero Improvement,inherently_active_use_parking_airport_cemetery
12701100630000,127-0110-063-0000,10240 PLEASANT GROVE SCHOOL RD,ELK GROVE,CA,95624.0,38.429088,-121.308904,ELK GROVE COSUMNES CEMETERY DIST,,ELK GROVE,CA,95759.0,,,,2024.0,20041227.0,0.0,RES/SINGLE FAMILY/RURAL HOME(OVER 5 AC),A1E00A,1008.0,RURAL/AGRICULTURAL RESIDENCE,AR-5,6.2800002,AC,2048.0,1964.0,2048.0,1,,3.0,,,,,20040609.0,,UNINCORPORATED COUNTY,617700308700889087,Tier 2: Zero Improvement,occupied_structure_missing_improvement_data
13202610010000,132-0261-001-0000,3015 HOOD FRANKLIN RD,ELK GROVE,CA,95757.0,38.375881,-121.471089,ELLIOTT RANCH 56 LLC,,SACRAMENTO,CA,95826.0,30726.0,,30726.0,2024.0,19981030.0,0.0,RES/SINGLE FAMILY/RURAL HOME(2 AC OR LES,A1C00A,1008.0,RURAL/AGRICULTURAL RESIDENCE,AG-80,32868.0,SF,2169.0,1911.0,2169.0,2,,4.0,,,,,19981030.0,,UNINCORPORATED COUNTY,617700155121729535,Tier 2: Zero Improvement,occupied_structure_missing_improvement_data
13201710050000,132-0171-005-0000,11761 STATE HIGHWAY 160,COURTLAND,CA,95615.0,38.330824,-121.570633,PAUL & ANITA KWONG FAMILY TRUST,,SACRAMENTO,CA,95831.0,113874.0,,113874.0,2024.0,,0.0,LIGHT INDUSTRIAL,GAKC0B,5002.0,LIGHT INDUSTRIAL (10% IMPROVED OFFICE SPACE; MACHINE SHOP),SPA,7754.0,SF,1380.0,1901.0,1380.0,1,,,,,,,20060913.0,85000.0,UNINCORPORATED COUNTY,617700154886062079,Tier 2: Zero Improvement,occupied_structure_missing_improvement_data
13201810190000,132-0181-019-0000,11709 RIVERSIDE AVE,COURTLAND,CA,95615.0,38.332633,-121.568755,CHAN FAMILY LIVING TRUST,,COURTLAND,CA,95615.0,22308.0,,22308.0,2024.0,,0.0,SERVICE STATION,BFA00A,2041.0,GAS STATION,SPA,10509.0,SF,776.0,1946.0,776.0,1,,,,,,,20180312.0,,UNINCORPORATED COUNTY,617700154878197759,Tier 2: Zero Improvement,occupied_structure_missing_improvement_data
13201400350000,132-0140-035-0000,4109 HOOD FRANKLIN RD,ELK GROVE,CA,95757.0,38.376739,-121.455507,ELK GROVE COSUMNES CEMETERY DIST,,ELK GROVE,CA,95759.0,,,,2024.0,20060602.0,0.0,CEMETERY,DFC00A,9108.0,CEMETERY (EXEMPT),R-1-A,4.3200002,AC,,,,,,,,,,,20060602.0,,UNINCORPORATED COUNTY,617700155123040255,Tier 2: Zero Improvement,inherently_active_use_parking_airport_cemetery
07216300060000,072-1630-006-0000,600 NESMITH CT,FOLSOM,CA,95630.0,38.659204,-121.131514,FOLSOM SELF STORAGE INVS LLC,,GOLD RIVER,CA,95670.0,253524.0,,253524.0,2024.0,,0.0,MINI-STORAGE,GL0C0A,2031.0,"MINI-WAREHOUSE, SELF-STORAGE",C-3 (PD),21475.0,SF,3672.0,1999.0,3672.0,,,,,,,,20120831.0,12820000.0,UNINCORPORATED COUNTY,617700278616195071,Tier 2: Zero Improvement,occupied_structure_missing_improvement_data
07211900510000,072-1190-051-0000,75 IRON POINT CIR # 165,FOLSOM,CA,95630.0,38.644684,-121.142947,CSAC EXCESS INSURANCE AUTHORITY,,RANCHO CORDOVA,CA,95670.0,,,,2024.0,20100127.0,0.0,GENERAL OFFICE,CAB00A,3004.0,OFFICE BLDG (MULTI-STORY),C-3 (PD) M,3.53,AC,48721.0,2007.0,48721.0,1.0,,,,,,,20100127.0,3559000.0,UNINCORPORATED COUNTY,617700310394601471,Tier 2: Zero Improvement,occupied_structure_missing_improvement_data
07230800220000,072-3080-022-0000,370 PALLADIO PKWY,FOLSOM,CA,95630.0,38.650724,-121.119071,BROADSTONE LAND LLC,,FOLSOM,CA,95630.0,18744.0,,18744.0,2024.0,20010402.0,0.0,PARKING STRUCTURE,BFI00A,2035.0,"PARKING GARAGE, PARKING STRUCTURE",C-3 (PD),2.3299999,AC,,,,,,,,,,,,,UNINCORPORATED COUNTY,617700310388310015,Tier 2: Zero Improvement,inherently_active_use_parking_airport_cemetery
07230800110000,072-3080-011-0000,220 PALLADIO PKWY,FOLSOM,CA,95630.0,38.647555,-121.118879,BROADSTONE LAND LLC,,FOLSOM,CA,95630.0,18744.0,,18744.0,2024.0,20010402.0,0.0,PARKING STRUCTURE,BFI00A,2035.0,"PARKING GARAGE, PARKING STRUCTURE",C-3 (PD),2.78,AC,,,,,,,,,,,,,UNINCORPORATED COUNTY,617700310396174335,Tier 2: Zero Improvement,inherently_active_use_parking_airport_cemetery
07242000740000,072-4200-074-0000,4268 CRESCENT WAY,FOLSOM,CA,95630.0,38.630731,-121.119417,TAYLOR MORRISON OF CALIFORNIA LLC,,FOLSOM,CA,95630.0,188700.0,,188700.0,2024.0,,0.0,RES/SINGLE FAMILY/SUBDIVISION,A1A00A,1001.0,SINGLE FAMILY RESIDENTIAL,SP-SFHD (P,0.0,,3056.0,,3056.0,2.0,,4.0,3.0,,,,20241105.0,873000.0,UNINCORPORATED COUNTY,617700310454370303,Tier 2: Zero Improvement,occupied_structure_missing_improvement_data
07242000730000,072-4200-073-0000,4272 CRESCENT WAY,FOLSOM,CA,95630.0,38.630732,-121.119242,TAYLOR MORRISON OF CALIFORNIA LLC,,FOLSOM,CA,95630.0,188700.0,,188700.0,2024.0,,0.0,RES/SINGLE FAMILY/SUBDIVISION,A1A00A,1001.0,SINGLE FAMILY RESIDENTIAL,SP-SFHD (P,0.0,,1891.0,,1891.0,1.0,,3.0,,,,,20240711.0,744000.0,UNINCORPORATED COUNTY,617700310454370303,Tier 2: Zero Improvement,occupied_structure_missing_improvement_data
07242000720000,072-4200-072-0000,4276 CRESCENT WAY,FOLSOM,CA,95630.0,38.630732,-121.119067,TAYLOR MORRISON OF CALIFORNIA LLC,,FOLSOM,CA,95630.0,188700.0,,188700.0,2024.0,,0.0,RES/SINGLE FAMILY/SUBDIVISION,A1A00A,1001.0,SINGLE FAMILY RESIDENTIAL,SP-SFHD (P,0.0,,2517.0,,2517.0,2.0,,4.0,,,,,20240807.0,825000.0,UNINCORPORATED COUNTY,617700310454370303,Tier 2: Zero Improvement,occupied_structure_missing_improvement_data
07242000710000,072-4200-071-0000,4280 CRESCENT WAY,FOLSOM,CA,95630.0,38.630733,-121.118892,TAYLOR MORRISON OF CALIFORNIA LLC,,FOLSOM,CA,95630.0,188700.0,,188700.0,2024.0,,0.0,RES/SINGLE FAMILY/SUBDIVISION,A1A00A,1001.0,SINGLE FAMILY RESIDENTIAL,SP-SFHD (P,0.0,,1962.0,,1962.0,1.0,,4.0,,,,,20240716.0,758500.0,UNINCORPORATED COUNTY,617700310454370303,Tier 2: Zero Improvement,occupied_structure_missing_improvement_data
07241900770000,072-4190-077-0000,4316 MASCON DR,FOLSOM,CA,95630.0,38.631447,-121.116606,ANGAMUTHU PRAKASH & SHANMUGAVADIVU BALASUBRAMANIAM,,FOLSOM,CA,95630.0,738900.0,,738900.0,2024.0,,0.0,RES/SINGLE FAMILY/SUBDIVISION,A1A00A,1001.0,SINGLE FAMILY RESIDENTIAL,SP-SFHD (P,0.0,,2768.0,,2768.0,2.0,,4.0,,,,,20240806.0,784500.0,UNINCORPORATED COUNTY,617700310454894591,Tier 2: Zero Improvement,occupied_structure_missing_improvement_data
07242000700000,072-4200-070-0000,4284 CRESCENT WAY,FOLSOM,CA,95630.0,38.630733,-121.118717,TAYLOR MORRISON OF CALIFORNIA LLC,,FOLSOM,CA,95630.0,188700.0,,188700.0,2024.0,,0.0,RES/SINGLE FAMILY/SUBDIVISION,A1A00A,1001.0,SINGLE FAMILY RESIDENTIAL,SP-SFHD (P,0.0,,1891.0,,1891.0,1.0,,3.0,,,,,20240814.0,739000.0,UNINCORPORATED COUNTY,617700310454370303,Tier 2: Zero Improvement,occupied_structure_missing_improvement_data
07241600290000,072-4160-029-0000,4214 FOX HOLLOW ST,FOLSOM,CA,95630.0,38.624106,-121.121668,TOLL WEST INC,,PLEASANTON,CA,94566.0,146239.0,,146239.0,2024.0,,0.0,SINGLE FAMILY RESIDENTIAL,101,1001.0,SINGLE FAMILY RESIDENTIAL,SP-SFHD (P,0.0,,2012.0,2023.0,2012.0,1.0,,2.0,,,,,,,UNINCORPORATED COUNTY,617700310451486719,Tier 2: Zero Improvement,occupied_structure_missing_improvement_data
07241600280000,072-4160-028-0000,4218 FOX HOLLOW ST,FOLSOM,CA,95630.0,38.624045,-121.12149,TOLL WEST INC,,PLEASANTON,CA,94566.0,137933.0,,137933.0,2024.0,,0.0,SINGLE FAMILY RESIDENTIAL,101,1001.0,SINGLE FAMILY RESIDENTIAL,SP-SFHD (P,0.0,,1815.0,2023.0,1815.0,1.0,,2.0,,,,,20240801.0,745500.0,UNINCORPORATED COUNTY,617700310451486719,Tier 2: Zero Improvement,occupied_structure_missing_improvement_data
07241600270000,072-4160-027-0000,4222 FOX HOLLOW ST,FOLSOM,CA,95630.0,38.623994,-121.121323,TOLL WEST INC,,PLEASANTON,CA,94566.0,137933.0,,137933.0,2024.0,,0.0,SINGLE FAMILY RESIDENTIAL,101,1001.0,SINGLE FAMILY RESIDENTIAL,SP-SFHD (P,0.0,,1924.0,2023.0,1924.0,1.0,,2.0,2.0,,,,20241029.0,685000.0,UNINCORPORATED COUNTY,617700310451486719,Tier 2: Zero Improvement,occupied_structure_missing_improvement_data
07241600260000,072-4160-026-0000,4226 FOX HOLLOW ST,FOLSOM,CA,95630.0,38.623959,-121.12115,TOLL WEST INC,,PLEASANTON,CA,94566.0,137933.0,,137933.0,2024.0,,0.0,SINGLE FAMILY RESIDENTIAL,101,1001.0,SINGLE FAMILY RESIDENTIAL,SP-SFHD (P,0.0,,1924.0,2023.0,1924.0,1.0,,2.0,2.0,,,,20241029.0,725000.0,UNINCORPORATED COUNTY,617700310451486719,Tier 2: Zero Improvement,occupied_structure_missing_improvement_data
07241600250000,072-4160-025-0000,4230 FOX HOLLOW ST,FOLSOM,CA,95630.0,38.62394,-121.120924,TOLL WEST INC,,PLEASANTON,CA,94566.0,146239.0,,146239.0,2024.0,,0.0,SINGLE FAMILY RESIDENTIAL,101,1001.0,SINGLE FAMILY RESIDENTIAL,SP-SFHD (P,0.0,,2148.0,2023.0,2148.0,1.0,,2.0,,,,,20240809.0,977500.0,UNINCORPORATED COUNTY,617700310451486719,Tier 2: Zero Improvement,occupied_structure_missing_improvement_data
07241600230000,072-4160-023-0000,4238 FOX HOLLOW ST,FOLSOM,CA,95630.0,38.623569,-121.120726,TOLL WEST INC,,PLEASANTON,CA,94566.0,160851.0,,160851.0,2024.0,,0.0,SINGLE FAMILY RESIDENTIAL,101,1001.0,SINGLE FAMILY RESIDENTIAL,SP-SFHD (P,0.0,,2356.0,2023.0,2356.0,1.0,,3.0,,,,,20240718.0,1041500.0,UNINCORPORATED COUNTY,617700310462758911,Tier 2: Zero Improvement,occupied_structure_missing_improvement_data
07241600220000,072-4160-022-0000,4242 FOX HOLLOW ST,FOLSOM,CA,95630.0,38.6234,-121.120677,TOLL WEST INC,,PLEASANTON,CA,94566.0,146239.0,,146239.0,2024.0,,0.0,SINGLE FAMILY RESIDENTIAL,101,1001.0,SINGLE FAMILY RESIDENTIAL,SP-SFHD (P,0.0,,2148.0,2023.0,2148.0,1.0,,2.0,,,,,20240716.0,980500.0,UNINCORPORATED COUNTY,617700310462758911,Tier 2: Zero Improvement,occupied_structure_missing_improvement_data
07241600240000,072-4160-024-0000,4234 FOX HOLLOW ST,FOLSOM,CA,95630.0,38.62378,-121.120753,TOLL WEST INC,,PLEASANTON,CA,94566.0,160851.0,,160851.0,2024.0,,0.0,SINGLE FAMILY RESIDENTIAL,101,1001.0,SINGLE FAMILY RESIDENTIAL,SP-SFHD (P,0.0,,2441.0,2023.0,2441.0,1.0,,2.0,,,,,20240729.0,1097000.0,UNINCORPORATED COUNTY,617700310451486719,Tier 2: Zero Improvement,occupied_structure_missing_improvement_data
07241600190000,072-4160-019-0000,3575 PANORAMA DR,FOLSOM,CA,95630.0,38.622408,-121.121626,TOLL WEST INC,,PLEASANTON,CA,94566.0,160851.0,,160851.0,2024.0,,0.0,SINGLE FAMILY RESIDENTIAL,101,1001.0,SINGLE FAMILY RESIDENTIAL,SP-OS2 (SP,0.0,,2356.0,2023.0,2356.0,1.0,,2.0,,,,,20240911.0,1270500.0,UNINCORPORATED COUNTY,617700310462758911,Tier 2: Zero Improvement,occupied_structure_missing_improvement_data
07241600550000,072-4160-055-0000,4245 FOX HOLLOW ST,FOLSOM,CA,95630.0,38.622794,-121.120854,TOLL WEST INC,,PLEASANTON,CA,94566.0,146239.0,,146239.0,2024.0,,0.0,SINGLE FAMILY RESIDENTIAL,101,1001.0,SINGLE FAMILY RESIDENTIAL,SP-SFHD (P,0.0,,2148.0,2023.0,2148.0,1.0,,2.0,,,,,20240820.0,875500.0,UNINCORPORATED COUNTY,617700310462758911,Tier 2: Zero Improvement,occupied_structure_missing_improvement_data
07241600210000,072-4160-021-0000,4246 FOX HOLLOW ST,FOLSOM,CA,95630.0,38.623247,-121.120598,TOLL WEST INC,,PLEASANTON,CA,94566.0,137933.0,,137933.0,2024.0,,0.0,SINGLE FAMILY RESIDENTIAL,101,1001.0,SINGLE FAMILY RESIDENTIAL,SP-SFHD (P,0.0,,2128.0,2023.0,2128.0,1.0,,2.0,,,,,20240829.0,780000.0,UNINCORPORATED COUNTY,617700310462758911,Tier 2: Zero Improvement,occupied_structure_missing_improvement_data
07241600200000,072-4160-020-0000,4250 FOX HOLLOW ST,FOLSOM,CA,95630.0,38.623102,-121.120481,TOLL WEST INC,,PLEASANTON,CA,94566.0,146239.0,,146239.0,2024.0,,0.0,SINGLE FAMILY RESIDENTIAL,101,1001.0,SINGLE FAMILY RESIDENTIAL,SP-SFHD (P,0.0,,2012.0,2023.0,2012.0,1.0,,2.0,,,,,20240909.0,802000.0,UNINCORPORATED COUNTY,617700310462758911,Tier 2: Zero Improvement,occupied_structure_missing_improvement_data
07241700360000,072-4170-036-0000,4157 GREY HAWK ST,FOLSOM,CA,95630.0,38.621057,-121.119758,TOLL WEST INC,,PLEASANTON,CA,94566.0,122188.0,,122188.0,2024.0,,0.0,SINGLE FAMILY RESIDENTIAL,101,1001.0,SINGLE FAMILY RESIDENTIAL,SP-MLD (PD,0.0,,2316.0,2023.0,2316.0,1,,2.0,2.0,,,,20241031.0,823000.0,UNINCORPORATED COUNTY,617700310462496767,Tier 2: Zero Improvement,occupied_structure_missing_improvement_data
07241700200000,072-4170-020-0000,4179 EAGLE VIEW WAY,FOLSOM,CA,95630.0,38.620794,-121.118825,TOLL WEST INC,,PLEASANTON,CA,94566.0,122188.0,,122188.0,2024.0,,0.0,SINGLE FAMILY RESIDENTIAL,101,1001.0,SINGLE FAMILY RESIDENTIAL,SP-MLD (PD,0.0,,1446.0,,1446.0,1,,2.0,,,,,20240816.0,535000.0,UNINCORPORATED COUNTY,617700310462496767,Tier 2: Zero Improvement,occupied_structure_missing_improvement_data
07241700180000,072-4170-018-0000,4171 EAGLE VIEW WAY,FOLSOM,CA,95630.0,38.62067,-121.119097,TOLL WEST INC,,PLEASANTON,CA,94566.0,122188.0,,122188.0,2024.0,,0.0,SINGLE FAMILY RESIDENTIAL,101,1001.0,SINGLE FAMILY RESIDENTIAL,SP-MLD (PD,0.0,,1398.0,,1398.0,1,,2.0,2.0,,,,20241015.0,560500.0,UNINCORPORATED COUNTY,617700310462496767,Tier 2: Zero Improvement,occupied_structure_missing_improvement_data
07241700150000,072-4170-015-0000,4159 EAGLE VIEW WAY,FOLSOM,CA,95630.0,38.62046,-121.119559,TOLL WEST INC,,PLEASANTON,CA,94566.0,122188.0,,122188.0,2024.0,,0.0,SINGLE FAMILY RESIDENTIAL,101,1001.0,SINGLE FAMILY RESIDENTIAL,SP-SFHD (P,0.0,,1446.0,,1446.0,1,,2.0,,,,,20240911.0,679500.0,UNINCORPORATED COUNTY,617700310462496767,Tier 2: Zero Improvement,occupied_structure_missing_improvement_data
07241700170000,072-4170-017-0000,4167 EAGLE VIEW WAY,FOLSOM,CA,95630.0,38.620608,-121.119233,TOLL WEST INC,,PLEASANTON,CA,94566.0,122188.0,,122188.0,2024.0,,0.0,SINGLE FAMILY RESIDENTIAL,101,1001.0,SINGLE FAMILY RESIDENTIAL,SP-MLD (PD,0.0,,1446.0,,1446.0,1,,2.0,,,,,20240912.0,595000.0,UNINCORPORATED COUNTY,617700310462496767,Tier 2: Zero Improvement,occupied_structure_missing_improvement_data
07241700160000,072-4170-016-0000,4163 EAGLE VIEW WAY,FOLSOM,CA,95630.0,38.620546,-121.11937,TOLL WEST INC,,PLEASANTON,CA,94566.0,122188.0,,122188.0,2024.0,,0.0,SINGLE FAMILY RESIDENTIAL,101,1001.0,SINGLE FAMILY RESIDENTIAL,SP-MLD (PD,0.0,,1398.0,,1398.0,1,,2.0,,,,,20240930.0,540000.0,UNINCORPORATED COUNTY,617700310462496767,Tier 2: Zero Improvement,occupied_structure_missing_improvement_data
05800520170000,058-0052-017-0000,10730 COLOMA RD,RANCHO CORDOVA,CA,95670.0,38.613785,-121.286628,HOUSING AUTHORITY OF THE COUNTY OF SACRAMENTO,,SACRAMENTO,CA,95814.0,,,,2024.0,19891130.0,0.0,MULTI/LOW RISE APARTMENT/1-3 STY,AE000D,1112.0,APARTMENTS (GENERIC),HDR,2.0,AC,2463.0,1946.0,2463.0,2+B,,4.0,,,,,,,UNINCORPORATED COUNTY,617700322607103999,Tier 2: Zero Improvement,occupied_structure_missing_improvement_data
05802610320000,058-0261-032-0000,1931 ZINFANDEL DR,RANCHO CORDOVA,CA,95670.0,38.614757,-121.270509,KRIS SEA LLC,,GRANITE BAY,CA,95746.0,612440.0,,612440.0,2024.0,,0.0,RESTAURANT (DINING),BCA00A,2012.0,RESTAURANT,CMU,37026.0,SF,11505.0,1992.0,11505.0,2,,,,,,,20181114.0,3000000.0,UNINCORPORATED COUNTY,617700322598191103,Tier 2: Zero Improvement,occupied_structure_missing_improvement_data
05802610110000,058-0261-011-0000,2358 SUNRISE BLVD,GOLD RIVER,CA,95670.0,38.615833,-121.269442,PFARDRESHER ASSOCIATES LLC,,MORAGA,CA,94556.0,92381.0,,92381.0,2024.0,20080129.0,0.0,SERVICE STATION,BFA0BA,2041.0,GAS STATION,CMU,19080.0,SF,863.0,1990.0,863.0,1,,,,,,,,,UNINCORPORATED COUNTY,617700322598191103,Tier 2: Zero Improvement,occupied_structure_missing_improvement_data
05802800040000,058-0280-004-0000,11079 FOLSOM BLVD,RANCHO CORDOVA,CA,95670.0,38.604989,-121.271614,MARCHI PAUL JOSEPH & CAROLYN NANCY & TR MARKETING,,PASO ROBLES,CA,93447.0,238243.0,,238243.0,2024.0,19830228.0,0.0,SERVICE STATION,BFA00A,2041.0,GAS STATION,CMU (FBSP),26165.0,SF,2922.0,1996.0,2922.0,1.0,,,,,,,20031224.0,,UNINCORPORATED COUNTY,617700322670804991,Tier 2: Zero Improvement,occupied_structure_missing_improvement_data
07202400040000,072-0240-004-0000,11164 FOLSOM BLVD,RANCHO CORDOVA,CA,95742.0,38.605246,-121.267686,SACRAMENTO REGIONAL TRANSIT DISTRICT,,SACRAMENTO,CA,95812.0,,,,2024.0,19990112.0,0.0,COCKTAIL LOUNGE/BAR,BCB00B,2016.0,"BAR, TAVERN",RMU HDR,5.7399998,AC,3135.0,1957.0,3135.0,1.0,,,,,,,19990112.0,,UNINCORPORATED COUNTY,617700322670542847,Tier 2: Zero Improvement,occupied_structure_missing_improvement_data
06901400440000,069-0140-044-0000,11351 PYRITES WAY,RANCHO CORDOVA,CA,95670.0,38.615957,-121.257568,U-HAUL REAL ESTATE COMPANY,,PHOENIX,AZ,85038.0,154037.0,626173.0,780210.0,2024.0,19891114.0,0.0,PARKING LOT,BFH00A,2036.0,PARKING LOT,M-2,6.9099998,AC,19920.0,1964.0,19920.0,,,,,,,,,,UNINCORPORATED COUNTY,617700310167584767,Tier 3: Parking/Abandoned,occupied_structure_missing_improvement_data
07204300830000,072-0430-083-0013,11315 SUNRISE GOLD CIR,RANCHO CORDOVA,CA,95742.0,38.600024,-121.262248,11315 SUNRISE GOLD CIRCLE OWNERS ASSOCIATION,,SACRAMENTO,CA,95864.0,,,,2024.0,20080916.0,0.0,DISTRIBUTUION & WAREHOUSES,GCFY0A,6002.0,DISTRIBUTION WAREHOUSE (REGIONAL),M-1,0.0,,39200.0,1981.0,39200.0,1.0,,,0.0,,,,20210623.0,210500.0,UNINCORPORATED COUNTY,617700322668707839,Tier 2: Zero Improvement,occupied_structure_missing_improvement_data
07204900250000,072-0490-025-0000,2897 KILGORE RD,RANCHO CORDOVA,CA,95670.0,38.598152,-121.270265,CITY OF RANCHO CORDOVA,,RANCHO CORDOVA,CA,95670.0,,,,2024.0,,0.0,GENERAL OFFICE,CAB00A,3004.0,OFFICE BLDG (MULTI-STORY),OPMU,2.4400001,AC,21300.0,1990.0,21300.0,2.0,,,,,,,,,UNINCORPORATED COUNTY,617700322671067135,Tier 2: Zero Improvement,occupied_structure_missing_improvement_data
07204900260000,072-0490-026-0000,2880 GOLD TAILINGS CT,RANCHO CORDOVA,CA,95670.0,38.598242,-121.268781,CITY OF RANCHO CORDOVA,,RANCHO CORDOVA,CA,95670.0,,,,2024.0,,0.0,GENERAL OFFICE,CAA00A,3003.0,OFFICE BLDG (GENERAL),OPMU,1.62,AC,12327.0,1997.0,12327.0,1.0,,,,,,,20100107.0,447500.0,UNINCORPORATED COUNTY,617700322668183551,Tier 2: Zero Improvement,occupied_structure_missing_improvement_data
07204900270000,072-0490-027-0000,2911 KILGORE RD,RANCHO CORDOVA,CA,95670.0,38.59756,-121.269919,CITY OF RANCHO CORDOVA,,RANCHO CORDOVA,CA,95670.0,,,,2024.0,,0.0,CEMETERY,DFC00A,9108.0,CEMETERY (EXEMPT),OPMU,3.24,AC,,,,,,,,,,,,,UNINCORPORATED COUNTY,617700322664251391,Tier 2: Zero Improvement,inherently_active_use_parking_airport_cemetery
07206000130000,072-0600-013-0000,11086 SUN CENTER DR,RANCHO CORDOVA,CA,95670.0,38.594294,-121.272264,CALIFORNIA PUBLIC EMPLOYEES RETIREMENT SYSTEM,,SACRAMENTO,CA,95811.0,,,,2024.0,20051014.0,0.0,GENERAL OFFICE,CAA00A,3003.0,OFFICE BLDG (GENERAL),OIMU,3.75,AC,41472.0,1986.0,41472.0,1.0,,,,,,,20051014.0,,UNINCORPORATED COUNTY,617700322663727103,Tier 2: Zero Improvement,occupied_structure_missing_improvement_data
07204700210000,072-0470-021-0000,3012 GOLD CANAL DR,RANCHO CORDOVA,CA,95670.0,38.59392,-121.269198,SACRAMENTO METROPOLITAN FIRE DISTRICT,,MATHER,CA,95655.0,,,,2024.0,20030512.0,0.0,DISTRIBUTION & WAREHOUSE,GC0A0A,5003.0,WAREHOUSE (INDUSTRIAL),OIMU,2.01,AC,27648.0,1983.0,27648.0,1.0,,,,,,,20030512.0,,UNINCORPORATED COUNTY,617700322665299967,Tier 2: Zero Improvement,occupied_structure_missing_improvement_data
07204600140000,072-0460-014-0000,3121 GOLD CANAL DR,RANCHO CORDOVA,CA,95670.0,38.590409,-121.268496,SACRAMENTO METROPOLITAN FIRE DISTRICT,,MATHER,CA,95655.0,,,,2024.0,20030512.0,0.0,LIGHT IND-ASSEMBLY,GACA0A,5006.0,ASSEMBLY (LIGHT INDUSTRIAL),OIMU,42253.0,SF,9288.0,1985.0,9288.0,1.0,,,,,,,20030512.0,,UNINCORPORATED COUNTY,617700322676572159,Tier 2: Zero Improvement,occupied_structure_missing_improvement_data
07204500650000,072-0450-065-0000,3224 LUYUNG DR,RANCHO CORDOVA,CA,95742.0,38.586107,-121.256597,ZAYO GROUP LLC,,DENVER,CO,80202.0,,,,2024.0,,0.0,LIGHT INDUSTRIAL,GAGB0A,5002.0,LIGHT INDUSTRIAL (10% IMPROVED OFFICE SPACE; MACHINE SHOP),M-2,20000.0,SF,4634.0,1994.0,4634.0,1.0,,,,,,,20180412.0,255000.0,UNINCORPORATED COUNTY,617700310671163391,Tier 2: Zero Improvement,occupied_structure_missing_improvement_data
07206400410000,072-0640-041-0000,3259 FITZGERALD RD,RANCHO CORDOVA,CA,95742.0,38.584562,-121.256902,GK FIT LLC (SUNRISE/MATHER TOWER),,ROSEVILLE,CA,95661.0,310651.0,,310651.0,2024.0,20120410.0,0.0,BROADCASTING-RADIO/TV,CEAB0A,6507.0,RADIO OR TV STATION,M-2,4050.0,SF,9600.0,1996.0,9600.0,1.0,,,,,,,20120410.0,19000.0,UNINCORPORATED COUNTY,617700310679027711,Tier 2: Zero Improvement,occupied_structure_missing_improvement_data
07205000040000,072-0500-004-0000,3303 LUYUNG DR,RANCHO CORDOVA,CA,95742.0,38.583131,-121.25508,CITY OF RANCHO CORDOVA,,RANCHO CORDOVA,CA,95670.0,,,,2024.0,,0.0,DISTRIBUTUION & WAREHOUSES,GCHB0A,6002.0,DISTRIBUTION WAREHOUSE (REGIONAL),M-2,1.11,AC,5950.0,2002.0,5950.0,,,,0.0,,,,20170425.0,1017500.0,UNINCORPORATED COUNTY,617700310679027711,Tier 2: Zero Improvement,occupied_structure_missing_improvement_data
06700101010000,067-0010-101-0000,3678 LEMAY ST,MATHER,CA,95655.0,38.55845,-121.288436,COUNTY OF SACRAMENTO,,SACRAMENTO,CA,95837.0,,,,2024.0,,0.0,PRIVATE AIRPORT,GI0A0A,6501.0,AIRPORT & RELATED,SPA,1293.15,AC,,,,,,,,,,,,,UNINCORPORATED COUNTY,617700308240564223,Tier 2: Zero Improvement,inherently_active_use_parking_airport_cemetery
07232500440000,072-3250-044-0000,10900 BARDEN DR,RANCHO CORDOVA,CA,95670.0,38.581476,-121.279919,CORDOVA REC & PK DIST,,RANCHO CORDOVA,CA,95670.0,,,,2024.0,,0.0,RES/SINGLE FAMILY/SUBDIVISION,A1A00A,1001.0,SINGLE FAMILY RESIDENTIAL,SPA (CVSPA,1.66,AC,1826.0,2018.0,1826.0,2,,3.0,,,,,20160519.0,,UNINCORPORATED COUNTY,617700310637346815,Tier 2: Zero Improvement,occupied_structure_missing_improvement_data
07219700490000,072-1970-049-0000,FROGS LEAP DR,RANCHO CORDOVA,CA,95670.0,38.579395,-121.281175,CORDOVA RECREATION & PARK DISTRICT,,RANCHO CORDOVA,CA,95670.0,,,,2024.0,20011220.0,0.0,"MISC, UNUSABLE-SMALL",MSMALA,8009.0,"WASTE LAND, MARSH, SWAMP, SUBMERGED-VACANT LAND",LD (ZSPA),1456.0,SF,,,,,,,,,,,,,UNINCORPORATED COUNTY,617700310636560383,Tier 2: Zero Improvement,public_park_or_recreation_agency
07219600520000,072-1960-052-0000,FROGS LEAP DR,RANCHO CORDOVA,CA,95670.0,38.579267,-121.28101,CORDOVA RECREATION & PARK DISTRICT,,RANCHO CORDOVA,CA,95670.0,,,,2024.0,20011220.0,0.0,"MISC, UNUSABLE-SMALL",MSMALA,8009.0,"WASTE LAND, MARSH, SWAMP, SUBMERGED-VACANT LAND",LD (ZSPA),1023.0,SF,,,,,,,,,,,,,UNINCORPORATED COUNTY,617700310636560383,Tier 2: Zero Improvement,public_park_or_recreation_agency
07222200710000,072-2220-071-0000,VERDECA WAY,RANCHO CORDOVA,CA,95670.0,38.576132,-121.288662,CORDOVA REC & PARK DISTRICT,,RANCHO CORDOVA,CA,95670.0,,,,2024.0,20060414.0,0.0,"MISC, UNUSABLE-SMALL",MSMALA,8009.0,"WASTE LAND, MARSH, SWAMP, SUBMERGED-VACANT LAND",O (ZSPA),1723.0,SF,,,,,,,,,,,20060414.0,,UNINCORPORATED COUNTY,617700322643279871,Tier 2: Zero Improvement,public_park_or_recreation_agency
07222200720000,072-2220-072-0000,VERDECA WAY,RANCHO CORDOVA,CA,95670.0,38.576144,-121.287901,CORDOVA REC & PARK DISTRICT,,RANCHO CORDOVA,CA,95670.0,,,,2024.0,20060414.0,0.0,"MISC, UNUSABLE-SMALL",MSMALA,8009.0,"WASTE LAND, MARSH, SWAMP, SUBMERGED-VACANT LAND",O (ZSPA),3056.0,SF,,,,,,,,,,,20060414.0,,UNINCORPORATED COUNTY,617700322643279871,Tier 2: Zero Improvement,public_park_or_recreation_agency
07222200730000,072-2220-073-0000,AUVERNAT DR,RANCHO CORDOVA,CA,95670.0,38.576195,-121.287283,CORDOVA REC & PARK DISTRICT,,RANCHO CORDOVA,CA,95670.0,,,,2024.0,20060414.0,0.0,"MISC, UNUSABLE-SMALL",MSMALA,8009.0,"WASTE LAND, MARSH, SWAMP, SUBMERGED-VACANT LAND",O (ZSPA),4529.0,SF,,,,,,,,,,,20060414.0,,UNINCORPORATED COUNTY,617700322643279871,Tier 2: Zero Improvement,public_park_or_recreation_agency
07223600030000,072-2360-003-0000,ZINFANDER DR,RANCHO CORDOVA,CA,95670.0,38.576835,-121.278484,CORDOVA RECREATION AND PARKS DISTRICT,,RANCHO CORDOVA,CA,95670.0,,,,2024.0,20060414.0,0.0,"MISC, UNUSABLE-SMALL",MSMALA,8009.0,"WASTE LAND, MARSH, SWAMP, SUBMERGED-VACANT LAND",O (ZSPA),146.0,SF,,,,,,,,,,,20060414.0,,UNINCORPORATED COUNTY,617700310638133247,Tier 2: Zero Improvement,public_park_or_recreation_agency
07225901040000,072-2590-104-0000,NOUVEAU WAY,RANCHO CORDOVA,CA,95670.0,38.57605,-121.28195,CORDOVA RECREATION & PARK DISTRICT,,RANCHO CORDOVA,CA,95670.0,,,,2024.0,,0.0,"MISC, UNUSABLE-SMALL",MSMALA,8009.0,"WASTE LAND, MARSH, SWAMP, SUBMERGED-VACANT LAND",LDC (ZSPA),1750.0,SF,,,,,,,,,,,20140317.0,,UNINCORPORATED COUNTY,617700310637871103,Tier 2: Zero Improvement,public_park_or_recreation_agency
07223500450000,072-2350-045-0000,FIORE DR,RANCHO CORDOVA,CA,95670.0,38.581612,-121.274637,CORDOVA RECREATION AND PARKS DISTRICT,,RANCHO CORDOVA,CA,95670.0,127.0,,127.0,2024.0,20060414.0,0.0,"MISC, UNUSABLE-SMALL",MSMALA,8009.0,"WASTE LAND, MARSH, SWAMP, SUBMERGED-VACANT LAND",O (ZSPA),2037.0,SF,,,,,,,,,,,20060414.0,,UNINCORPORATED COUNTY,617700310641016831,Tier 2: Zero Improvement,public_park_or_recreation_agency
07220800280000,072-2080-028-0000,BAROQUE DR,RANCHO CORDOVA,CA,95670.0,38.580663,-121.273603,CORDOVA RECREATION & PARK DISTRICT,,RANCHO CORDOVA,CA,95670.0,,,,2024.0,20011220.0,0.0,"MISC, UNUSABLE-SMALL",MSMALA,8009.0,"WASTE LAND, MARSH, SWAMP, SUBMERGED-VACANT LAND",LD (ZSPA),3319.0,SF,,,,,,,,,,,,,UNINCORPORATED COUNTY,617700310641016831,Tier 2: Zero Improvement,public_park_or_recreation_agency
07220800460000,072-2080-046-0000,FABER WAY,RANCHO CORDOVA,CA,95670.0,38.580875,-121.272811,CORDOVA REC & PARK DISTRICT,,RANCHO CORDOVA,CA,95670.0,,,,2024.0,20060414.0,0.0,"MISC, UNUSABLE-SMALL",MSMALA,8009.0,"WASTE LAND, MARSH, SWAMP, SUBMERGED-VACANT LAND",O (ZSPA),4777.0,SF,,,,,,,,,,,20060414.0,,UNINCORPORATED COUNTY,617700310641016831,Tier 2: Zero Improvement,public_park_or_recreation_agency
07219600490000,072-1960-049-0000,CORVINA DR,RANCHO CORDOVA,CA,95670.0,38.57898,-121.277468,CORDOVA RECREATION & PARK DISTRICT,,RANCHO CORDOVA,CA,95670.0,,,,2024.0,20011220.0,0.0,"MISC, UNUSABLE-SMALL",MSMALA,8009.0,"WASTE LAND, MARSH, SWAMP, SUBMERGED-VACANT LAND",O (ZSPA),1458.0,SF,,,,,,,,,,,,,UNINCORPORATED COUNTY,617700310637084671,Tier 2: Zero Improvement,public_park_or_recreation_agency
07220700660000,072-2070-066-0000,CORVINA DR,RANCHO CORDOVA,CA,95670.0,38.578455,-121.277192,CORDOVA RECREATION & PARK DISTRICT,,RANCHO CORDOVA,CA,95670.0,,,,2024.0,20011220.0,0.0,"MISC, UNUSABLE-SMALL",MSMALA,8009.0,"WASTE LAND, MARSH, SWAMP, SUBMERGED-VACANT LAND",O (ZSPA),1628.0,SF,,,,,,,,,,,,,UNINCORPORATED COUNTY,617700310637084671,Tier 2: Zero Improvement,public_park_or_recreation_agency
07220700710000,072-2070-071-0000,FABER WAY,RANCHO CORDOVA,CA,95670.0,38.578561,-121.277054,CORDOVA RECREATION & PARK DISTRICT,,RANCHO CORDOVA,CA,95670.0,,,,2024.0,20020808.0,0.0,"MISC, UNUSABLE-SMALL",MSMALA,8009.0,"WASTE LAND, MARSH, SWAMP, SUBMERGED-VACANT LAND",O (ZSPA),1465.0,SF,,,,,,,,,,,,,UNINCORPORATED COUNTY,617700310637084671,Tier 2: Zero Improvement,public_park_or_recreation_agency
07220800290000,072-2080-029-0000,FABER WAY,RANCHO CORDOVA,CA,95670.0,38.580368,-121.273925,CORDOVA RECREATION & PARK DISTRICT,,RANCHO CORDOVA,CA,95670.0,,,,2024.0,20020808.0,0.0,"MISC, UNUSABLE-SMALL",MSMALA,8009.0,"WASTE LAND, MARSH, SWAMP, SUBMERGED-VACANT LAND",LD (ZSPA),1347.0,SF,,,,,,,,,,,,,UNINCORPORATED COUNTY,617700310641016831,Tier 2: Zero Improvement,public_park_or_recreation_agency
07223500480000,072-2350-048-0000,FIORE DR,RANCHO CORDOVA,CA,95670.0,38.582391,-121.270503,CORDOVA RECREATION AND PARKS DISTRICT,,RANCHO CORDOVA,CA,95670.0,127.0,,127.0,2024.0,20060414.0,0.0,"MISC, UNUSABLE-SMALL",MSMALA,8009.0,"WASTE LAND, MARSH, SWAMP, SUBMERGED-VACANT LAND",O (ZSPA),2180.0,SF,,,,,,,,,,,20060414.0,,UNINCORPORATED COUNTY,617700310641541119,Tier 2: Zero Improvement,public_park_or_recreation_agency
07220700650000,072-2070-065-0000,CORVINA DR,RANCHO CORDOVA,CA,95670.0,38.57801,-121.276716,CORDOVA RECREATION & PARK DISTRICT,,RANCHO CORDOVA,CA,95670.0,,,,2024.0,20011220.0,0.0,"MISC, UNUSABLE-SMALL",MSMALA,8009.0,"WASTE LAND, MARSH, SWAMP, SUBMERGED-VACANT LAND",LD (ZSPA),3123.0,SF,,,,,,,,,,,,,UNINCORPORATED COUNTY,617700310638133247,Tier 2: Zero Improvement,public_park_or_recreation_agency
07220700640000,072-2070-064-0000,CORVINA DR,RANCHO CORDOVA,CA,95670.0,38.577493,-121.276358,CORDOVA RECREATION & PARK DISTRICT,,RANCHO CORDOVA,CA,95670.0,,,,2024.0,20011220.0,0.0,"MISC, UNUSABLE-SMALL",MSMALA,8009.0,"WASTE LAND, MARSH, SWAMP, SUBMERGED-VACANT LAND",LD (ZSPA),2655.0,SF,,,,,,,,,,,,,UNINCORPORATED COUNTY,617700310638133247,Tier 2: Zero Improvement,public_park_or_recreation_agency
07225400220000,072-2540-022-0000,11030 CARMENET WAY,RANCHO CORDOVA,CA,95670.0,38.575069,-121.272566,AMERIHOME MORTGAGE COMPANY LLC,,EWING,NJ,8618.0,,,,2024.0,,0.0,RES/SINGLE FAMILY/SUBDIVISION,A1A00A,1001.0,SINGLE FAMILY RESIDENTIAL,LD (ZSPA),9145.0,SF,1458.0,2015.0,1458.0,1,,3.0,,,,,20240419.0,442500.0,UNINCORPORATED COUNTY,617700310635249663,Tier 2: Zero Improvement,occupied_structure_missing_improvement_data
07223700740000,072-2370-074-0000,AIRPARK DR,RANCHO CORDOVA,CA,95670.0,38.572696,-121.288562,CORDOVA RECREATION AND PARK DISTRICT,,RANCHO CORDOVA,CA,95670.0,127.0,,127.0,2024.0,20060414.0,0.0,"MISC, UNUSABLE-SMALL",MSMALA,8009.0,"WASTE LAND, MARSH, SWAMP, SUBMERGED-VACANT LAND",O (ZSPA),20906.0,SF,,,,,,,,,,,20060414.0,,UNINCORPORATED COUNTY,617700322643804159,Tier 2: Zero Improvement,public_park_or_recreation_agency
07223700770000,072-2370-077-0000,VERDECA WAY,RANCHO CORDOVA,CA,95670.0,38.572382,-121.287943,CORDOVA RECREATION AND PARK DISTRICT,,RANCHO CORDOVA,CA,95670.0,127.0,,127.0,2024.0,20060414.0,0.0,"MISC, UNUSABLE-SMALL",MSMALA,8009.0,"WASTE LAND, MARSH, SWAMP, SUBMERGED-VACANT LAND",LD (ZSPA),3366.0,SF,,,,,,,,,,,20060414.0,,UNINCORPORATED COUNTY,617700310645211135,Tier 2: Zero Improvement,public_park_or_recreation_agency
07223700760000,072-2370-076-0000,AIRPARK DR,RANCHO CORDOVA,CA,95670.0,38.572858,-121.285968,CORDOVA RECREATION AND PARK DISTRICT,,RANCHO CORDOVA,CA,95670.0,127.0,,127.0,2024.0,20060414.0,0.0,"MISC, UNUSABLE-SMALL",MSMALA,8009.0,"WASTE LAND, MARSH, SWAMP, SUBMERGED-VACANT LAND",O (ZSPA),18196.0,SF,,,,,,,,,,,20060414.0,,UNINCORPORATED COUNTY,617700322644328447,Tier 2: Zero Improvement,public_park_or_recreation_agency
07223700750000,072-2370-075-0000,AIRPARK DR,RANCHO CORDOVA,CA,95670.0,38.572037,-121.286364,CORDOVA RECREATION AND PARK DISTRICT,,RANCHO CORDOVA,CA,95670.0,127.0,,127.0,2024.0,20060414.0,0.0,"MISC, UNUSABLE-SMALL",MSMALA,8009.0,"WASTE LAND, MARSH, SWAMP, SUBMERGED-VACANT LAND",O (ZSPA),14014.0,SF,,,,,,,,,,,20060414.0,,UNINCORPORATED COUNTY,617700310645211135,Tier 2: Zero Improvement,public_park_or_recreation_agency
07223600350000,072-2360-035-0000,BEAR HOLLOW DR,RANCHO CORDOVA,CA,95670.0,38.57093,-121.288432,CORDOVA RECREATION & PARK DISTRICT,,RANCHO CORDOVA,CA,95670.0,,,,2024.0,,0.0,VAC INDUSTRIAL-UNDER 10AC,IGADFA,8003.0,INDUSTRIAL-VACANT LAND,BP (ZSPA),4.8699999,AC,,,,,,,,,,,20200714.0,,UNINCORPORATED COUNTY,617700310645211135,Tier 1: Coded Vacant,public_park_or_recreation_agency
06702400700000,067-0240-070-0000,EMMONS CIR,MATHER,CA,95655.0,38.548332,-121.27792,INDEPENDENCE AT MATHER OWNERS ASSOCIATION,,IRVINE,CA,92618.0,26.0,,26.0,2024.0,20020321.0,0.0,RES/SINGLE FAMILY/SUBDIVISION,A1A00A,1001.0,SINGLE FAMILY RESIDENTIAL,SPA,12325.0,SF,1870.0,2023.0,1870.0,1.0,,4.0,,,,,20020321.0,,UNINCORPORATED COUNTY,617700310712582143,Tier 2: Zero Improvement,occupied_structure_missing_improvement_data
06700300020000,067-0030-002-0000,11551 DOUGLAS RD,RANCHO CORDOVA,CA,95742.0,38.562412,-121.248372,CORDOVA RECREATION & PARK DIST,,RANCHO CORDOVA,CA,95670.0,,,,2024.0,19771027.0,0.0,VAC INDUSTRIAL 50-100 AC,IGCBAB,8003.0,INDUSTRIAL-VACANT LAND,POS (H),73.269997,AC,,,,,,,,,,,,,UNINCORPORATED COUNTY,617700310617686015,Tier 1: Coded Vacant,public_park_or_recreation_agency
06725900340000,067-2590-034-0000,11603 ANDRIA LN,RANCHO CORDOVA,CA,95742.0,38.556257,-121.245948,SUNRIDGE VILLAS PROPERTY LLC,,SAN MATEO,CA,94404.0,66249.0,,66249.0,2024.0,,0.0,RES/SINGLE FAMILY/SUBDIVISION,A1A00A,1001.0,SINGLE FAMILY RESIDENTIAL,LC (SD,0.0,,1523.0,,1523.0,2.0,,3.0,,,,,,,UNINCORPORATED COUNTY,617700310626598911,Tier 2: Zero Improvement,occupied_structure_missing_improvement_data
06725900330000,067-2590-033-0000,11599 ANDRIA LN,RANCHO CORDOVA,CA,95742.0,38.556345,-121.245847,SUNRIDGE VILLAS PROPERTY LLC,,SAN MATEO,CA,94404.0,66249.0,,66249.0,2024.0,,0.0,RES/SINGLE FAMILY/SUBDIVISION,A1A00A,1001.0,SINGLE FAMILY RESIDENTIAL,LC (SD,0.0,,1593.0,,1593.0,2.0,,3.0,,,,,,,UNINCORPORATED COUNTY,617700310626598911,Tier 2: Zero Improvement,occupied_structure_missing_improvement_data
06725900380000,067-2590-038-0000,11619 ANDRIA LN,RANCHO CORDOVA,CA,95742.0,38.555954,-121.245478,SUNRIDGE VILLAS PROPERTY LLC,,SAN MATEO,CA,94404.0,66249.0,,66249.0,2024.0,,0.0,RES/SINGLE FAMILY/SUBDIVISION,A1A00A,1001.0,SINGLE FAMILY RESIDENTIAL,LC (SD,0.0,,1593.0,,1593.0,2.0,,3.0,,,,,,,UNINCORPORATED COUNTY,617700310626598911,Tier 2: Zero Improvement,occupied_structure_missing_improvement_data
06725900370000,067-2590-037-0000,11615 ANDRIA LN,RANCHO CORDOVA,CA,95742.0,38.556029,-121.245591,SUNRIDGE VILLAS PROPERTY LLC,,SAN MATEO,CA,94404.0,66249.0,,66249.0,2024.0,,0.0,RES/SINGLE FAMILY/SUBDIVISION,A1A00A,1001.0,SINGLE FAMILY RESIDENTIAL,LC (SD,0.0,,1594.0,,1594.0,2.0,,3.0,,,,,,,UNINCORPORATED COUNTY,617700310626598911,Tier 2: Zero Improvement,occupied_structure_missing_improvement_data
06725900360000,067-2590-036-0000,11611 ANDRIA LN,RANCHO CORDOVA,CA,95742.0,38.556105,-121.245692,SUNRIDGE VILLAS PROPERTY LLC,,SAN MATEO,CA,94404.0,66249.0,,66249.0,2024.0,,0.0,RES/SINGLE FAMILY/SUBDIVISION,A1A00A,1001.0,SINGLE FAMILY RESIDENTIAL,LC (SD,0.0,,1759.0,,1759.0,2.0,,4.0,,,,,,,UNINCORPORATED COUNTY,617700310626598911,Tier 2: Zero Improvement,occupied_structure_missing_improvement_data
06725900350000,067-2590-035-0000,11607 ANDRIA LN,RANCHO CORDOVA,CA,95742.0,38.556181,-121.245793,SUNRIDGE VILLAS PROPERTY LLC,,SAN MATEO,CA,94404.0,66249.0,,66249.0,2024.0,,0.0,RES/SINGLE FAMILY/SUBDIVISION,A1A00A,1001.0,SINGLE FAMILY RESIDENTIAL,LC (SD,0.0,,1593.0,,1593.0,2.0,,3.0,,,,,,,UNINCORPORATED COUNTY,617700310626598911,Tier 2: Zero Improvement,occupied_structure_missing_improvement_data
06725900280000,067-2590-028-0000,11604 FIORENZA LN,RANCHO CORDOVA,CA,95742.0,38.556084,-121.245278,SUNRIDGE VILLAS PROPERTY LLC,,SAN MATEO,CA,94404.0,66249.0,,66249.0,2024.0,,0.0,RES/SINGLE FAMILY/SUBDIVISION,A1A00A,1001.0,SINGLE FAMILY RESIDENTIAL,LC (SD,0.0,,1759.0,2023.0,1759.0,2.0,,4.0,,,,,,,UNINCORPORATED COUNTY,617700310626598911,Tier 2: Zero Improvement,occupied_structure_missing_improvement_data
06725900400000,067-2590-040-0000,11608 FIORENZA LN,RANCHO CORDOVA,CA,95742.0,38.555957,-121.245256,SUNRIDGE VILLAS PROPERTY LLC,,SAN MATEO,CA,94404.0,66249.0,,66249.0,2024.0,,0.0,RES/SINGLE FAMILY/SUBDIVISION,A1A00A,1001.0,SINGLE FAMILY RESIDENTIAL,LC (SD,0.0,,1593.0,,1593.0,2.0,,3.0,,,,,,,UNINCORPORATED COUNTY,617700310626598911,Tier 2: Zero Improvement,occupied_structure_missing_improvement_data
06725900390000,067-2590-039-0000,11612 FIORENZA LN,RANCHO CORDOVA,CA,95742.0,38.55584,-121.245261,SUNRIDGE VILLAS PROPERTY LLC,,SAN MATEO,CA,94404.0,66249.0,,66249.0,2024.0,,0.0,RES/SINGLE FAMILY/SUBDIVISION,A1A00A,1001.0,SINGLE FAMILY RESIDENTIAL,LC (SD,0.0,,1523.0,,1523.0,2.0,,3.0,,,,,,,UNINCORPORATED COUNTY,617700310626598911,Tier 2: Zero Improvement,occupied_structure_missing_improvement_data
06725900470000,067-2590-047-0000,11620 FIORENZA LN,RANCHO CORDOVA,CA,95742.0,38.55562,-121.245314,SUNRIDGE VILLAS PROPERTY LLC,,SAN MATEO,CA,94404.0,66249.0,,66249.0,2024.0,,0.0,RES/SINGLE FAMILY/SUBDIVISION,A1A00A,1001.0,SINGLE FAMILY RESIDENTIAL,LC (SD,0.0,,1759.0,,1759.0,2.0,,4.0,,,,,,,UNINCORPORATED COUNTY,617700310626598911,Tier 2: Zero Improvement,occupied_structure_missing_improvement_data
06725900460000,067-2590-046-0000,11624 FIORENZA LN,RANCHO CORDOVA,CA,95742.0,38.555525,-121.245203,SUNRIDGE VILLAS PROPERTY LLC,,SAN MATEO,CA,94404.0,66249.0,,66249.0,2024.0,,0.0,RES/SINGLE FAMILY/SUBDIVISION,A1A00A,1001.0,SINGLE FAMILY RESIDENTIAL,LC (SD,0.0,,1594.0,,1594.0,2.0,,3.0,,,,,,,UNINCORPORATED COUNTY,617700310631579647,Tier 2: Zero Improvement,occupied_structure_missing_improvement_data
06723900150000,067-2390-015-0000,11970 ARMANDI WAY,RANCHO CORDOVA,CA,95742.0,38.55678,-121.231431,RICHMOND AMERICAN HOMES OF MARYLAND INC,,ROSEVILLE,CA,95661.0,166464.0,,166464.0,2024.0,,0.0,RES/SINGLE FAMILY/SUBDIVISION,A1A00A,1001.0,SINGLE FAMILY RESIDENTIAL,RD 7 (SDSP,0.0,,2171.0,,2171.0,2.0,,3.0,,,,,20240830.0,559500.0,UNINCORPORATED COUNTY,617700310721757183,Tier 2: Zero Improvement,occupied_structure_missing_improvement_data
25005400780000,250-0540-078-0000,22 OAK MANOR WAY,SACRAMENTO,CA,95838.0,38.636907,-121.468944,MOREY MORRISON 136 LLC,,WEST JORDAN,UT,84088.0,48930.0,,48930.0,2024.0,,0.0,RES/SINGLE FAMILY/SUBDIVISION,A1A00A,1001.0,SINGLE FAMILY RESIDENTIAL,R-1A,0.0,,1315.0,2022.0,1315.0,2.0,,3.0,,,,,,,CITY OF SACRAMENTO,617700316201353215,Tier 2: Zero Improvement,occupied_structure_missing_improvement_data
25001600370000,250-0160-037-0000,3430 NORTHGATE BLVD,SACRAMENTO,CA,95834.0,38.629892,-121.474931,FONG DIANE & EDWARD F & DORA & JACK LEONG & LAURA,,SACRAMENTO,CA,95818.0,13792.0,,13792.0,2024.0,20030113.0,0.0,SERVICE STATION,BFA00A,2041.0,GAS STATION,C-2-SPD,23951.0,SF,2020.0,1988.0,2020.0,1.0,,,,,,,20170525.0,,CITY OF SACRAMENTO,617700320054083583,Tier 2: Zero Improvement,occupied_structure_missing_improvement_data
25001210270000,250-0121-027-0000,425 W SILVER EAGLE RD,SACRAMENTO,CA,95834.0,38.630776,-121.47249,HOUSING AUTHORITY OF THE CITY OF SACRAMENTO,,SACRAMENTO,CA,95814.0,,,,2024.0,19881107.0,0.0,MULTI/LOW RISE APARTMENT/1-3 STY,AE010A,1112.0,APARTMENTS (GENERIC),R-1,34412.0,SF,1045.0,1953.0,1045.0,1.0,,2.0,,,,,,,CITY OF SACRAMENTO,617700320053821439,Tier 2: Zero Improvement,occupied_structure_missing_improvement_data
27402500090000,274-0250-009-0000,2430 GARDEN HWY,SACRAMENTO,CA,95833.0,38.607216,-121.554634,SACRAMENTO AREA FLOOD CONTROL AGENCY,,SACRAMENTO,CA,95814.0,,,,2024.0,,0.0,RES/SINGLE FAMILY/RURAL HOME(2 AC OR LES,A1C00A,1008.0,RURAL/AGRICULTURAL RESIDENCE,AR-2,1.29,AC,1928.0,1957.0,1928.0,1,,3.0,,,,,20220811.0,,UNINCORPORATED COUNTY,617700319789055999,Tier 2: Zero Improvement,occupied_structure_missing_improvement_data
22502201170000,225-0220-117-0000,2745 ORCHARD LN,SACRAMENTO,CA,95833.0,38.616193,-121.531398,TERRA FUNDING NATOMAS LLC,,KENNETT SQUARE,PA,19348.0,30639780.0,,30639780.0,2024.0,,0.0,MULTI/LOW RISE APARTMENT/1-3 STY,AE300A,1112.0,APARTMENTS (GENERIC),C-2-PUD,11.76,AC,405648.0,2021.0,405648.0,3,,,,,,,20220304.0,29450000.0,CITY OF SACRAMENTO,617700320038354943,Tier 2: Zero Improvement,occupied_structure_missing_improvement_data
27405600440000,274-0560-044-0000,3473 SWALLOWS NEST LN,SACRAMENTO,CA,95833.0,38.605738,-121.533909,SACRAMENTO AREA FLOOD CONTROL AGENCY,,SACRAMENTO,CA,95814.0,,,,2024.0,,0.0,RES/SINGLE FAMILY/SUBDIVISION,A1A00A,1001.0,SINGLE FAMILY RESIDENTIAL,R-1A-PUD,6177.0,SF,2293.0,2001.0,2293.0,1,,3.0,,,,,20200605.0,342000.0,CITY OF SACRAMENTO,617700320099172351,Tier 2: Zero Improvement,occupied_structure_missing_improvement_data
27404301070000,274-0430-107-0000,24 DURAZNO CT,SACRAMENTO,CA,95833.0,38.605863,-121.528647,SACRAMENTO AREA FLOOD CONTROL AGENCY,,SACRAMENTO,CA,95814.0,,,,2024.0,,0.0,RES/SINGLE FAMILY/SUBDIVISION,A1A00A,1001.0,SINGLE FAMILY RESIDENTIAL,R-1A-PUD,5663.0,SF,1414.0,1989.0,1414.0,1,,2.0,,,,,20200512.0,210000.0,CITY OF SACRAMENTO,617700320099434495,Tier 2: Zero Improvement,occupied_structure_missing_improvement_data
27404301120000,274-0430-112-0000,23 DURAZNO CT,SACRAMENTO,CA,95833.0,38.605956,-121.527968,SACRAMENTO AREA FLOOD CONTROL AGENCY,,SACRAMENTO,CA,95814.0,,,,2024.0,,0.0,RES/SINGLE FAMILY/SUBDIVISION,A1A00A,1001.0,SINGLE FAMILY RESIDENTIAL,R-1A-PUD,0.0,,1971.0,1989.0,1971.0,2,,3.0,,,,,20240830.0,248000.0,CITY OF SACRAMENTO,617700320099434495,Tier 2: Zero Improvement,occupied_structure_missing_improvement_data
27406800120000,274-0680-012-0000,2560 RIVER PLAZA DR,SACRAMENTO,CA,95833.0,38.605674,-121.52206,CALIF FIRE FIGHTERS APPRENTICESHIP PROGRAM,,SACRAMENTO,CA,95833.0,,,,2024.0,,0.0,"OFFICE, GENERAL",CAY00E,3003.0,OFFICE BLDG (GENERAL),OB-PUD,9629.0,SF,13320.0,2008.0,13320.0,2,,,,,,,20121218.0,750000.0,CITY OF SACRAMENTO,617700320104415231,Tier 2: Zero Improvement,occupied_structure_missing_improvement_data
27403600070000,274-0360-007-0000,2227 RIVER PLAZA DR,SACRAMENTO,CA,95833.0,38.607795,-121.517143,DEMMON HARBOR OAKS PARTNERS L P,,REDWOOD CITY,CA,94063.0,2900689.0,,2900689.0,2024.0,20020813.0,0.0,MULTI/LOW RISE APARTMENT/1-3 STY,AE474A,1004.0,CONDOMINIUM UNIT (RESIDENTIAL),R-1A-PUD,6.8000002,AC,1534.0,1989.0,1534.0,1,,,,,,,20020813.0,,CITY OF SACRAMENTO,617700320103628799,Tier 2: Zero Improvement,occupied_structure_missing_improvement_data
27403600040000,274-0360-004-0000,2234 GATEWAY OAKS DR,SACRAMENTO,CA,95833.0,38.608421,-121.515874,DEMMON HARBOR OAKS PARTNERS L P,,REDWOOD CITY,CA,94063.0,210951.0,,210951.0,2024.0,20020813.0,0.0,MULTI/LOW RISE APARTMENT/1-3 STY,AE474A,1004.0,CONDOMINIUM UNIT (RESIDENTIAL),R-1A-PUD,21693.0,SF,1534.0,1985.0,1534.0,1,,,,,,,20020813.0,,CITY OF SACRAMENTO,617700320103628799,Tier 2: Zero Improvement,occupied_structure_missing_improvement_data
00102000100000,001-0200-010-0000,700 N 5TH ST,SACRAMENTO,CA,95811.0,38.600611,-121.494009,COUNTY OF SACRAMENTO,,SACRAMENTO,CA,95827.0,,,,2024.0,19831219.0,0.0,GENERAL OFFICE,CAA0AA,3003.0,OFFICE BLDG (GENERAL),RMX-SPD,4.8600001,AC,41174.0,1985.0,41174.0,,,,,,,,,,CITY OF SACRAMENTO,617700320087113727,Tier 2: Zero Improvement,occupied_structure_missing_improvement_data
